customer_id,age,region,monthly_income_tzs,loan_amount_tzs,mobile_money_tx_30d,previous_defaults,days_late_avg,is_default
TZ-LOAN-10000,56.0,Dar es Salaam,394283.97017776896,50000,19,2,4.578967052971937,0
TZ-LOAN-10001,69.0,Mbeya,792609.683207603,50000,29,0,1.92035688194141,0
TZ-LOAN-10002,46.0,Dodoma,839736.2649926902,100000,21,0,8.925103572737411,0
TZ-LOAN-10003,32.0,Dodoma,507746.5474688106,1000000,18,0,4.581535006641057,0
TZ-LOAN-10004,60.0,Mwanza,418468.4127821375,250000,24,0,6.156569283527365,0
TZ-LOAN-10005,25.0,Dar es Salaam,1132856.1997327919,1000000,29,0,0.6075916604541042,0
TZ-LOAN-10006,38.0,Dar es Salaam,718248.7627196161,500000,29,0,1.5452937694426996,0
TZ-LOAN-10007,56.0,Dodoma,840790.3252135214,1000000,22,0,28.523327780344108,0
TZ-LOAN-10008,36.0,Arusha,403377.19645162177,1000000,22,0,2.842734923471289,1
TZ-LOAN-10009,40.0,Dodoma,284214.66004334186,500000,22,0,2.2225777803157714,0
TZ-LOAN-10010,28.0,Dodoma,479165.0676523669,500000,23,0,10.351630428952351,0
TZ-LOAN-10011,28.0,Arusha,612793.5837830009,250000,26,2,0.16816970741414888,0
TZ-LOAN-10012,41.0,Mwanza,330733.99795479537,50000,20,1,3.826152989439358,0
TZ-LOAN-10013,53.0,Mbeya,647046.5574048851,100000,21,0,1.1802398680341906,0
TZ-LOAN-10014,57.0,Mwanza,143448.44357945002,500000,18,0,2.2955383634649005,1
TZ-LOAN-10015,41.0,Arusha,313985.77325903834,50000,27,0,1.1143246498532573,0
TZ-LOAN-10016,20.0,Arusha,851273.3744830625,250000,18,0,0.1927830182673797,0
TZ-LOAN-10017,39.0,Mwanza,831137.1560833682,1500000,17,0,2.69365811309616,0
TZ-LOAN-10018,19.0,Mbeya,532436.97038394,1000000,33,0,7.784298972313257,0
TZ-LOAN-10019,41.0,Mwanza,344670.7072769141,250000,28,0,15.178026990603277,0
TZ-LOAN-10020,61.0,Dar es Salaam,341778.93454219674,250000,32,0,4.8888759352460625,0
TZ-LOAN-10021,47.0,Dar es Salaam,538019.5262176058,500000,19,0,2.461958653606369,0
TZ-LOAN-10022,55.0,Dar es Salaam,843355.5474935875,100000,21,0,7.345234612521674,0
TZ-LOAN-10023,19.0,Mbeya,928473.7074032973,500000,18,0,3.5182505529747363,0
TZ-LOAN-10024,38.0,Mbeya,501040.4793554093,1000000,27,0,2.2913262114965747,0
TZ-LOAN-10025,50.0,Arusha,303952.2722045648,500000,28,0,0.9867071171533831,0
TZ-LOAN-10026,29.0,Dodoma,730353.0913599,1000000,34,0,7.951363331725014,0
TZ-LOAN-10027,39.0,Mbeya,402939.50881224516,500000,29,0,3.4699956219754586,0
TZ-LOAN-10028,61.0,Dodoma,494524.20834163926,1500000,21,0,16.59399758312922,1
TZ-LOAN-10029,42.0,Dar es Salaam,1047582.8271311112,100000,25,2,8.095158942929153,0
TZ-LOAN-10030,66.0,Dar es Salaam,898134.6285697304,1500000,22,0,2.7237748372624093,0
TZ-LOAN-10031,44.0,Dodoma,697392.2936754355,50000,18,0,6.751741960222565,0
TZ-LOAN-10032,59.0,Mwanza,268424.2996661831,100000,24,0,3.0201122092764847,0
TZ-LOAN-10033,45.0,Arusha,713418.9702411976,500000,31,0,0.41617836106266937,0
TZ-LOAN-10034,33.0,Arusha,968797.187236258,250000,25,0,3.6353924726155484,0
TZ-LOAN-10035,32.0,Mwanza,537309.9002703393,50000,20,0,10.039461498412008,0
TZ-LOAN-10036,64.0,Dodoma,1055334.2269960146,250000,30,3,9.670348768188848,1
TZ-LOAN-10037,68.0,Dodoma,1037823.586855462,1500000,30,3,4.277941314145056,1
TZ-LOAN-10038,61.0,Mbeya,1149119.849643042,100000,20,0,2.3903688181150433,0
TZ-LOAN-10039,69.0,Dar es Salaam,741572.9379594058,50000,24,0,0.05075979756167797,0
TZ-LOAN-10040,20.0,Dar es Salaam,826217.5099418036,1500000,17,0,1.8655446468433292,0
TZ-LOAN-10041,54.0,Dodoma,1074256.186499327,500000,24,2,22.93104412490073,1
TZ-LOAN-10042,68.0,Mbeya,784218.1811206928,250000,25,0,6.482104363113815,0
TZ-LOAN-10043,24.0,Mbeya,499629.7676629362,500000,35,0,6.32195138906416,0
TZ-LOAN-10044,38.0,Arusha,515437.1490416416,1000000,31,0,7.1582035072856245,0
TZ-LOAN-10045,26.0,Arusha,721566.4861321218,50000,24,0,4.839412240003433,0
TZ-LOAN-10046,56.0,Dodoma,262831.5734161344,250000,17,0,4.407739778166825,0
TZ-LOAN-10047,35.0,Arusha,607022.3253907422,100000,22,0,3.022196058804449,0
TZ-LOAN-10048,21.0,Mbeya,978964.1354690761,100000,30,0,2.9343413767818256,0
TZ-LOAN-10049,42.0,Mwanza,-7376.155349584296,100000,19,0,10.23384400031544,0
TZ-LOAN-10050,31.0,Dar es Salaam,1110344.6305383546,1500000,24,1,2.499892186409935,0
TZ-LOAN-10051,67.0,Dodoma,986712.2656109479,100000,25,0,9.172033895232056,0
TZ-LOAN-10052,26.0,Arusha,512070.6152508571,250000,28,0,9.09260469009851,0
TZ-LOAN-10053,43.0,Arusha,813017.2483615428,1500000,21,0,7.36794414924127,0
TZ-LOAN-10054,19.0,Mbeya,650944.318071898,1000000,24,1,0.19184585837821677,0
TZ-LOAN-10055,37.0,Arusha,1018997.1105316048,100000,19,0,0.8006808784619168,0
TZ-LOAN-10056,150.0,Dar es Salaam,944804.9428309824,100000,22,0,1.8895304198695497,0
TZ-LOAN-10057,64.0,Dodoma,229978.78304509725,1500000,27,0,9.404046723032426,1
TZ-LOAN-10058,24.0,Arusha,826178.7240392531,100000,14,1,10.32806326947185,0
TZ-LOAN-10059,61.0,Mwanza,588311.6439070257,1000000,31,0,0.2122274665090333,0
TZ-LOAN-10060,25.0,Mwanza,674849.77115543,1500000,21,0,1.9631730095409212,0
TZ-LOAN-10061,64.0,Dodoma,431548.42970905534,1500000,28,0,9.498423175226197,1
TZ-LOAN-10062,52.0,Mwanza,1174441.1207362507,50000,26,0,1.4363657739182945,0
TZ-LOAN-10063,31.0,Mwanza,962018.5459707729,1500000,28,2,18.64919616503258,1
TZ-LOAN-10064,34.0,Arusha,428068.6508081098,100000,30,0,3.3599016033796953,0
TZ-LOAN-10065,150.0,Mwanza,249616.8179269302,1500000,23,0,13.847981172875873,1
TZ-LOAN-10066,67.0,Arusha,534298.2107066455,100000,27,1,2.800310388235365,0
TZ-LOAN-10067,57.0,Dar es Salaam,780350.7938273917,100000,24,0,1.956324010152827,0
TZ-LOAN-10068,21.0,Mbeya,722061.7531838669,1500000,23,0,2.250300551210432,0
TZ-LOAN-10069,19.0,Arusha,1025939.847430473,50000,19,0,10.783798398162297,0
TZ-LOAN-10070,23.0,Mbeya,886975.9166542557,100000,23,0,2.0075351553629672,0
TZ-LOAN-10071,59.0,Arusha,940870.707725872,50000,20,0,5.533417186568027,0
TZ-LOAN-10072,21.0,Arusha,748056.6201831312,50000,22,0,3.1729074515005777,0
TZ-LOAN-10073,46.0,Dodoma,233210.38093670295,1500000,14,0,14.208295588816576,1
TZ-LOAN-10074,35.0,Arusha,591290.4406559296,500000,26,0,0.8679795138232166,0
TZ-LOAN-10075,43.0,Mwanza,968026.9219725996,500000,21,0,2.7988262589140547,0
TZ-LOAN-10076,61.0,Mwanza,634543.1214426062,100000,18,0,0.6655648974468098,0
TZ-LOAN-10077,51.0,Arusha,800927.110587124,250000,25,0,4.315401068453485,0
TZ-LOAN-10078,27.0,Dar es Salaam,554375.5054261601,500000,22,0,2.578346605571885,0
TZ-LOAN-10079,53.0,Mwanza,341056.44543744647,1500000,21,0,0.3143647847169344,1
TZ-LOAN-10080,31.0,Mbeya,612996.7807861669,1500000,27,0,9.480206493277352,1
TZ-LOAN-10081,48.0,Dar es Salaam,742714.2329097962,500000,27,0,2.3541381061010034,0
TZ-LOAN-10082,65.0,Mbeya,453293.6841615669,250000,16,1,3.4024455743663475,0
TZ-LOAN-10083,32.0,Arusha,579286.6265429994,1000000,27,0,2.6171345668571018,0
TZ-LOAN-10084,25.0,Arusha,368161.02740420523,100000,17,0,3.353531148706126,0
TZ-LOAN-10085,31.0,Arusha,985773.4752692288,1000000,41,1,0.08229960993645874,0
TZ-LOAN-10086,40.0,Mwanza,561663.2727235898,1000000,32,1,8.449432431058366,1
TZ-LOAN-10087,57.0,Dar es Salaam,1085826.6635378548,50000,35,0,2.0196415375528773,0
TZ-LOAN-10088,38.0,Mbeya,1108624.3551622725,50000,30,0,,0
TZ-LOAN-10089,33.0,Dodoma,625686.2105834768,100000,32,1,0.33543841281844067,0
TZ-LOAN-10090,62.0,Dar es Salaam,347465.3802357951,250000,23,0,3.709851877604398,0
TZ-LOAN-10091,35.0,Mbeya,,50000,30,1,11.973061801178558,1
TZ-LOAN-10092,64.0,Dodoma,208388.87809196254,500000,23,2,2.539549688428133,1
TZ-LOAN-10093,41.0,Dar es Salaam,237849.55253040197,100000,30,0,1.0986158504898227,0
TZ-LOAN-10094,43.0,Dar es Salaam,1063540.8882384514,1500000,23,1,0.5217004996015684,0
TZ-LOAN-10095,42.0,Arusha,684747.3761680839,1000000,20,0,9.79809718903827,0
TZ-LOAN-10096,62.0,Dar es Salaam,766881.3572275963,100000,32,1,1.3643366228525424,0
TZ-LOAN-10097,58.0,Mbeya,-16126.302680537803,1500000,30,0,18.45863983612022,0
TZ-LOAN-10098,46.0,Arusha,290610.0712348215,1500000,27,0,1.4239166116382789,1
TZ-LOAN-10099,32.0,Dar es Salaam,916123.9329338861,50000,28,0,3.2791702336179225,0
TZ-LOAN-10100,62.0,Arusha,736032.2337147759,1500000,19,0,3.0623922533114767,0
TZ-LOAN-10101,18.0,Dodoma,605838.4163943208,250000,30,2,0.3200779260833569,0
TZ-LOAN-10102,42.0,Mbeya,819452.7075800367,1500000,31,0,3.7947196093426196,0
TZ-LOAN-10103,24.0,Dodoma,1140739.3418407445,1500000,23,0,5.5834889445902665,0
TZ-LOAN-10104,26.0,Mbeya,583687.2609388848,1000000,23,0,6.7766082953300755,0
TZ-LOAN-10105,41.0,Mwanza,670810.9407974208,250000,29,1,3.6969164866993935,0
TZ-LOAN-10106,18.0,Dodoma,707779.0756193915,100000,20,0,8.37215375369318,0
TZ-LOAN-10107,61.0,Mwanza,1367632.8905821978,250000,30,1,6.973598813591701,0
TZ-LOAN-10108,25.0,Arusha,20193.120674292324,250000,25,0,,1
TZ-LOAN-10109,41.0,Dodoma,854966.9044366424,100000,25,0,2.5674933149254446,0
TZ-LOAN-10110,28.0,Dar es Salaam,615559.3253722809,1000000,26,1,0.7691477890130878,0
TZ-LOAN-10111,68.0,Mbeya,820031.5178552539,1500000,22,0,0.7160253248052562,0
TZ-LOAN-10112,34.0,Dar es Salaam,452788.2338015827,250000,31,0,6.226185500999167,0
TZ-LOAN-10113,25.0,Dar es Salaam,635310.4907424649,250000,28,2,3.779999695664226,0
TZ-LOAN-10114,52.0,Arusha,863423.1738396485,100000,29,0,4.593340383578111,0
TZ-LOAN-10115,52.0,Arusha,1583873.0603131521,500000,21,0,6.587280795723254,0
TZ-LOAN-10116,50.0,Dar es Salaam,892410.8568206214,250000,28,1,1.6233552518868044,0
TZ-LOAN-10117,22.0,Dar es Salaam,395580.3205908474,50000,27,0,2.5654906752632183,0
TZ-LOAN-10118,59.0,Dar es Salaam,522872.095393189,1500000,20,1,4.667223733756137,1
TZ-LOAN-10119,56.0,Mbeya,513975.7674848438,1500000,22,0,0.5081096832980857,1
TZ-LOAN-10120,58.0,Arusha,111307.0482109955,1000000,25,0,8.950426792526354,1
TZ-LOAN-10121,45.0,Dodoma,550972.9424895688,250000,34,0,2.1037792713719345,0
TZ-LOAN-10122,24.0,Arusha,869848.7245465235,100000,23,2,5.375743384728192,0
TZ-LOAN-10123,26.0,Dar es Salaam,267730.3642769615,50000,29,1,27.091027671121783,0
TZ-LOAN-10124,25.0,Dodoma,964544.7953151778,100000,28,0,3.2252381347718444,0
TZ-LOAN-10125,29.0,Dodoma,796332.4463253014,250000,31,0,1.2106664097201545,0
TZ-LOAN-10126,51.0,Dodoma,429730.00340868864,50000,35,0,1.2194960802659633,0
TZ-LOAN-10127,50.0,Arusha,607541.1087986458,1000000,25,0,0.31137856908285044,0
TZ-LOAN-10128,65.0,Dar es Salaam,1129496.54229231,1000000,26,3,7.285350554876021,1
TZ-LOAN-10129,40.0,Dar es Salaam,870064.3440517597,1000000,21,0,1.7366744920592172,0
TZ-LOAN-10130,41.0,Mwanza,652635.0964694443,500000,26,2,0.9480951688569899,0
TZ-LOAN-10131,54.0,Mbeya,578695.0049117047,100000,23,0,6.25350606863752,0
TZ-LOAN-10132,52.0,Arusha,672982.7211354979,250000,25,0,1.8490660960864889,0
TZ-LOAN-10133,61.0,Mwanza,496470.932617309,50000,33,0,4.587318943987229,0
TZ-LOAN-10134,57.0,Mwanza,18575.148284295574,1500000,24,0,2.7049313708290406,1
TZ-LOAN-10135,39.0,Mwanza,1262653.3731604193,1500000,33,0,2.033474792919899,0
TZ-LOAN-10136,44.0,Arusha,696597.4997598204,100000,21,1,3.3611336906613243,0
TZ-LOAN-10137,52.0,Mbeya,769444.1795367611,250000,20,0,1.8828814816806663,0
TZ-LOAN-10138,18.0,Dodoma,632627.6750369273,500000,21,0,10.222879148291453,0
TZ-LOAN-10139,52.0,Mbeya,429464.95978262357,250000,29,0,0.379225963528736,0
TZ-LOAN-10140,54.0,Mbeya,594222.6557153688,100000,29,1,0.15308798130735418,0
TZ-LOAN-10141,64.0,Dar es Salaam,170181.5713417066,250000,25,2,2.6076892043819475,1
TZ-LOAN-10142,31.0,Mwanza,1333125.9494159913,1500000,27,0,0.9488076342388745,0
TZ-LOAN-10143,20.0,Mwanza,279646.4004732812,1500000,27,2,6.807549349564638,1
TZ-LOAN-10144,18.0,Dodoma,340410.11484584614,50000,24,0,2.180399298676688,0
TZ-LOAN-10145,22.0,Dar es Salaam,517922.23868407984,500000,22,0,1.5152491842325255,0
TZ-LOAN-10146,43.0,Dodoma,1036422.7174557133,1500000,18,2,2.2266055280411754,1
TZ-LOAN-10147,31.0,Arusha,654352.6997787963,50000,25,0,1.2389997577561367,0
TZ-LOAN-10148,56.0,Dar es Salaam,279159.2611908613,500000,23,0,1.7808930428093352,0
TZ-LOAN-10149,44.0,Mwanza,1026301.5082272019,1500000,12,1,4.196478148377322,1
TZ-LOAN-10150,26.0,Dodoma,869300.1880356444,500000,22,0,9.976698652013697,0
TZ-LOAN-10151,32.0,Dar es Salaam,811530.4871649357,250000,31,0,2.317081736859585,0
TZ-LOAN-10152,32.0,Dar es Salaam,864720.2723512521,50000,27,0,1.9332543841319485,0
TZ-LOAN-10153,43.0,Mbeya,1368308.5701747353,500000,30,0,7.611484104901219,0
TZ-LOAN-10154,59.0,Dar es Salaam,1305528.4685108336,500000,25,1,0.11340839510095119,0
TZ-LOAN-10155,30.0,Dar es Salaam,443985.3970990114,250000,27,2,1.798227654631566,0
TZ-LOAN-10156,68.0,Mwanza,1137165.4978433456,1500000,20,0,3.0089587664928708,0
TZ-LOAN-10157,49.0,Arusha,764950.45692767,1500000,26,3,4.589731468417037,1
TZ-LOAN-10158,56.0,Dodoma,799728.7448413249,100000,24,0,0.8483784481254646,0
TZ-LOAN-10159,66.0,Arusha,142318.75050700142,100000,21,0,2.835696073334639,0
TZ-LOAN-10160,69.0,Dar es Salaam,598884.2703835412,1500000,27,0,4.177016523251417,1
TZ-LOAN-10161,49.0,Mwanza,406152.9228990305,1000000,23,0,3.569305791479797,1
TZ-LOAN-10162,21.0,Mwanza,898417.6444679927,1000000,20,2,4.273051902934972,1
TZ-LOAN-10163,47.0,Mwanza,971324.1501208416,500000,18,1,5.42944192173366,0
TZ-LOAN-10164,54.0,Mwanza,27654.094695106614,1500000,28,1,,1
TZ-LOAN-10165,40.0,Mbeya,643389.5407987188,100000,21,0,0.32875356720137333,0
TZ-LOAN-10166,56.0,Dar es Salaam,986558.4514382756,500000,26,1,0.285795916704918,0
TZ-LOAN-10167,62.0,Mbeya,593996.3113059665,50000,24,0,9.784868268433618,0
TZ-LOAN-10168,32.0,Mbeya,868719.0935007094,100000,14,0,5.657008418298411,0
TZ-LOAN-10169,60.0,Dar es Salaam,755349.6402881253,100000,29,2,7.223531666751018,0
TZ-LOAN-10170,46.0,Mwanza,752498.069585788,100000,19,0,13.2116367466479,0
TZ-LOAN-10171,53.0,Dodoma,568605.5065795108,1000000,22,0,6.942371743949134,0
TZ-LOAN-10172,30.0,Mwanza,-150000.0,250000,23,0,5.893170594534551,0
TZ-LOAN-10173,49.0,Mwanza,313540.95577249175,250000,31,2,5.3320597302845,0
TZ-LOAN-10174,24.0,Mbeya,862805.7543365952,1000000,24,0,1.4958954508603535,0
TZ-LOAN-10175,68.0,Arusha,655837.476655665,1500000,23,0,15.767087667162121,1
TZ-LOAN-10176,39.0,Mwanza,608446.3266178325,1500000,24,0,3.9049142102496326,1
TZ-LOAN-10177,45.0,Dar es Salaam,522832.98730329424,1000000,22,0,1.2556186977211263,0
TZ-LOAN-10178,19.0,Dar es Salaam,558443.3463557744,1000000,25,0,1.1775118586532238,0
TZ-LOAN-10179,59.0,Dar es Salaam,964073.5383464418,1500000,24,0,8.444189236615237,0
TZ-LOAN-10180,62.0,Mbeya,549426.775439592,250000,37,0,1.4398012320680493,0
TZ-LOAN-10181,23.0,Dodoma,247680.58600952936,500000,22,0,0.21154465291311686,0
TZ-LOAN-10182,45.0,Dodoma,873095.532662052,1000000,31,0,2.796686520881284,0
TZ-LOAN-10183,45.0,Dodoma,588537.0008405849,500000,24,0,8.500930076923336,0
TZ-LOAN-10184,61.0,Mwanza,659418.7596598329,500000,17,1,2.6759300595422437,0
TZ-LOAN-10185,61.0,Mwanza,1132273.4919198533,50000,36,0,8.136675010952715,0
TZ-LOAN-10186,37.0,Arusha,643831.8327948479,250000,29,0,8.778419708844748,0
TZ-LOAN-10187,47.0,Arusha,736755.1019356176,500000,15,2,9.749340554944158,1
TZ-LOAN-10188,28.0,Arusha,296322.9526105024,250000,25,0,4.4445919887100755,0
TZ-LOAN-10189,45.0,Mbeya,584099.164294712,250000,24,0,6.011051295482553,0
TZ-LOAN-10190,42.0,Dodoma,832857.8135625804,50000,24,0,1.51810249069392,0
TZ-LOAN-10191,56.0,Mwanza,183387.8798476273,1500000,19,0,0.5251247654728343,1
TZ-LOAN-10192,50.0,Arusha,710253.5279347128,250000,28,0,3.8047808103929355,0
TZ-LOAN-10193,18.0,Mbeya,680237.3217934419,500000,25,1,0.05319139479592696,0
TZ-LOAN-10194,44.0,Arusha,662386.2366762318,1500000,25,0,3.1343432233107653,0
TZ-LOAN-10195,69.0,Mwanza,961147.669597473,1500000,27,0,0.5384473504489478,0
TZ-LOAN-10196,30.0,Arusha,750331.5544545564,100000,19,1,0.5738022278420185,0
TZ-LOAN-10197,58.0,Mbeya,1093421.5695069332,500000,21,0,10.231326679256664,0
TZ-LOAN-10198,20.0,Mbeya,,500000,23,0,5.115458537844496,0
TZ-LOAN-10199,56.0,Arusha,690777.3701655044,250000,27,0,5.181488517958847,0
TZ-LOAN-10200,23.0,Mwanza,675340.0359169842,500000,25,0,2.591573615047556,0
TZ-LOAN-10201,25.0,Mbeya,,100000,24,0,2.665819067897079,0
TZ-LOAN-10202,44.0,Dodoma,936888.5006274038,250000,20,0,1.8056219460573122,0
TZ-LOAN-10203,26.0,Mbeya,1347401.9917558455,1000000,22,2,,0
TZ-LOAN-10204,54.0,Dar es Salaam,644898.1776548506,500000,22,0,,0
TZ-LOAN-10205,50.0,Arusha,801506.3264821301,500000,21,1,1.0325941653129507,0
TZ-LOAN-10206,68.0,Dodoma,675355.5427445981,50000,23,0,1.5169130631594059,0
TZ-LOAN-10207,59.0,Mwanza,435924.5990278473,1000000,25,0,3.4135485664216123,0
TZ-LOAN-10208,61.0,Dodoma,103771.9166593951,1000000,21,0,2.4288792124455933,1
TZ-LOAN-10209,41.0,Mbeya,438267.9550713905,100000,26,0,8.55974893246893,0
TZ-LOAN-10210,32.0,Mbeya,232412.48571448063,1000000,21,0,8.621074988981887,1
TZ-LOAN-10211,49.0,Dar es Salaam,1161230.6234177353,50000,16,3,2.047305714386058,0
TZ-LOAN-10212,49.0,Dodoma,615467.0918230283,100000,24,2,2.9964200541510166,0
TZ-LOAN-10213,41.0,Mbeya,546224.2012858487,1000000,31,0,18.77242564114962,0
TZ-LOAN-10214,58.0,Mwanza,916746.1474363417,100000,36,0,8.786097022521972,0
TZ-LOAN-10215,69.0,Mwanza,313474.6691432336,1000000,27,0,1.2145660507882883,1
TZ-LOAN-10216,66.0,Dodoma,419940.7885986343,1000000,17,1,1.6441107073502423,1
TZ-LOAN-10217,66.0,Dodoma,670421.6807745863,1500000,29,0,0.4358587942049381,0
TZ-LOAN-10218,69.0,Dar es Salaam,958630.6974270442,1000000,23,0,5.663273188441824,0
TZ-LOAN-10219,29.0,Dodoma,800505.5135506365,500000,28,0,1.9055356846003277,0
TZ-LOAN-10220,56.0,Mwanza,724497.5427547647,1000000,30,0,3.8457714051060767,0
TZ-LOAN-10221,19.0,Dodoma,673435.3205708049,500000,22,0,7.308156897912075,0
TZ-LOAN-10222,20.0,Mbeya,770070.7566580325,250000,25,2,9.040513497538875,0
TZ-LOAN-10223,66.0,Mbeya,710495.8715387764,1500000,25,0,1.9679125141761964,0
TZ-LOAN-10224,54.0,Dodoma,341008.31756691926,50000,23,0,1.3541046987921685,0
TZ-LOAN-10225,66.0,Arusha,663823.7664899454,100000,22,3,9.437048830519565,1
TZ-LOAN-10226,34.0,Dodoma,,100000,25,0,2.400438002812901,0
TZ-LOAN-10227,66.0,Dar es Salaam,674324.7628702471,250000,26,1,8.629806407183674,0
TZ-LOAN-10228,19.0,Mwanza,505805.6175535276,1000000,27,0,0.8112016100414544,0
TZ-LOAN-10229,19.0,Mwanza,1411814.4868348585,50000,24,0,12.146947832279697,0
TZ-LOAN-10230,45.0,Dodoma,638031.6848744864,250000,16,0,3.2997774227643353,0
TZ-LOAN-10231,40.0,Arusha,228728.1301215234,250000,18,0,0.9324515097621567,0
TZ-LOAN-10232,54.0,Mwanza,609745.9367969226,100000,20,0,3.829322219199533,0
TZ-LOAN-10233,49.0,Arusha,805807.6236913664,500000,27,0,10.201718870007191,0
TZ-LOAN-10234,50.0,Mwanza,1152009.183845757,500000,26,0,2.4659524440815286,0
TZ-LOAN-10235,18.0,Mbeya,473164.28001838445,1000000,19,1,0.9804485635825888,1
TZ-LOAN-10236,36.0,Dar es Salaam,175271.60779290798,1000000,21,0,4.296671975412098,1
TZ-LOAN-10237,19.0,Mwanza,895051.1034292944,250000,27,0,8.992926911761197,0
TZ-LOAN-10238,61.0,Dodoma,235820.38823010464,1000000,22,0,0.6468646894647065,1
TZ-LOAN-10239,43.0,Mbeya,519153.3675477545,500000,30,1,0.21145029368763435,0
TZ-LOAN-10240,49.0,Arusha,572713.8543467018,50000,18,0,0.28970032697713655,0
TZ-LOAN-10241,23.0,Dar es Salaam,629109.9640099675,100000,27,0,1.3099983327599114,0
TZ-LOAN-10242,49.0,Arusha,856749.3371223006,500000,28,0,0.036643956893730796,0
TZ-LOAN-10243,21.0,Arusha,444909.71531408373,1500000,24,1,2.7989657505770897,1
TZ-LOAN-10244,28.0,Mwanza,567881.2243499717,1000000,22,2,5.982494913878032,1
TZ-LOAN-10245,34.0,Mbeya,645718.8941151835,100000,21,0,6.19727784231912,0
TZ-LOAN-10246,55.0,Dar es Salaam,694879.3872556364,1500000,22,1,5.062790292552207,1
TZ-LOAN-10247,41.0,Mbeya,679348.1524123768,100000,20,0,1.7563062266754472,0
TZ-LOAN-10248,22.0,Mbeya,780801.7325667739,250000,19,0,6.657851202225368,0
TZ-LOAN-10249,69.0,Mwanza,903151.8528925212,1000000,29,1,4.295862045316968,0
TZ-LOAN-10250,51.0,Arusha,767790.2346952904,250000,26,0,9.872856814712716,0
TZ-LOAN-10251,23.0,Mbeya,,100000,28,0,3.2504912864210294,0
TZ-LOAN-10252,39.0,Arusha,175333.04997605667,250000,22,0,0.9931530055032405,0
TZ-LOAN-10253,28.0,Mbeya,665068.3097497041,1000000,34,1,5.0345361753840265,0
TZ-LOAN-10254,65.0,Dar es Salaam,793852.2644004826,500000,24,0,0.8172098907280592,0
TZ-LOAN-10255,33.0,Dodoma,868682.3583711351,50000,17,0,16.503798840242865,0
TZ-LOAN-10256,50.0,Dodoma,442294.7677298618,1500000,20,0,6.07491918203633,1
TZ-LOAN-10257,26.0,Dodoma,452288.2175334065,500000,24,0,7.059535676806046,0
TZ-LOAN-10258,23.0,Mwanza,477769.7974149205,100000,28,0,5.68575387544646,0
TZ-LOAN-10259,33.0,Mwanza,810924.1699674029,500000,26,2,0.5132629820451661,0
TZ-LOAN-10260,46.0,Arusha,960164.3164772626,250000,27,0,3.1302454968550917,0
TZ-LOAN-10261,20.0,Mwanza,527761.9678125195,1000000,29,0,5.26936936467402,0
TZ-LOAN-10262,37.0,Dodoma,922388.6940881147,500000,29,2,1.3026429268412134,0
TZ-LOAN-10263,53.0,Mwanza,-150000.0,500000,26,0,5.689397882317396,0
TZ-LOAN-10264,36.0,Dodoma,612714.2668512692,1000000,31,0,8.570811908691462,0
TZ-LOAN-10265,43.0,Mbeya,586584.7310546093,250000,27,0,1.6074352433916235,0
TZ-LOAN-10266,20.0,Dodoma,873983.4093806471,50000,32,2,1.1132389977581068,0
TZ-LOAN-10267,36.0,Dodoma,747673.3450361211,500000,19,0,10.73474806306834,0
TZ-LOAN-10268,37.0,Dar es Salaam,1332747.6282942912,1500000,27,0,,0
TZ-LOAN-10269,49.0,Dar es Salaam,394332.60710080276,100000,34,0,1.4768715661788645,0
TZ-LOAN-10270,24.0,Dar es Salaam,805430.5106089928,250000,21,0,2.610531713693698,0
TZ-LOAN-10271,69.0,Dar es Salaam,491239.6970565461,250000,29,0,5.577669049136286,0
TZ-LOAN-10272,58.0,Dodoma,389213.9039034068,500000,27,0,29.152674981460287,0
TZ-LOAN-10273,50.0,Arusha,646739.8588895084,1500000,27,0,2.3166767180394356,0
TZ-LOAN-10274,57.0,Dar es Salaam,691205.7438221108,1000000,20,0,14.860930959604783,0
TZ-LOAN-10275,150.0,Mwanza,1525452.0665180278,500000,30,0,2.2846416806540795,0
TZ-LOAN-10276,35.0,Mwanza,594756.2552950394,500000,22,0,5.945901387561873,0
TZ-LOAN-10277,57.0,Mwanza,310946.38115459494,1000000,30,0,0.9038159623199675,1
TZ-LOAN-10278,18.0,Dodoma,731903.2152483157,100000,23,0,3.084708592386311,0
TZ-LOAN-10279,28.0,Mbeya,27607.988736089552,1000000,25,0,10.250327125835552,1
TZ-LOAN-10280,45.0,Mbeya,622412.9652187203,500000,29,0,1.9282710812439843,0
TZ-LOAN-10281,42.0,Dar es Salaam,654807.5846885481,50000,27,0,0.5557897678662755,0
TZ-LOAN-10282,67.0,Mwanza,888380.1148835635,1000000,22,0,3.6981899778562157,0
TZ-LOAN-10283,40.0,Dar es Salaam,942086.674828354,100000,32,0,2.8949396146183664,0
TZ-LOAN-10284,48.0,Dodoma,498929.11432768474,1000000,27,0,1.303835299167749,0
TZ-LOAN-10285,47.0,Mwanza,604815.7956110201,1000000,30,0,11.801877563858902,0
TZ-LOAN-10286,59.0,Dar es Salaam,420163.7508167987,250000,22,0,4.6025824664561386,0
TZ-LOAN-10287,52.0,Arusha,311581.23355769186,250000,18,0,2.1322203420885835,0
TZ-LOAN-10288,24.0,Dodoma,742968.4338141903,500000,30,0,27.77410496091177,0
TZ-LOAN-10289,33.0,Dodoma,267924.3354210202,500000,21,0,0.7399844522185884,0
TZ-LOAN-10290,43.0,Dodoma,525611.929828441,1000000,26,0,9.417779064222067,0
TZ-LOAN-10291,65.0,Arusha,351447.8120302288,50000,23,0,1.3108834928902244,0
TZ-LOAN-10292,69.0,Mbeya,814904.9558870778,1500000,26,0,1.3689409247366493,0
TZ-LOAN-10293,66.0,Mbeya,1190429.0297799464,500000,21,0,3.447391577823037,0
TZ-LOAN-10294,19.0,Arusha,259523.6051590006,1000000,19,0,5.422688556526076,1
TZ-LOAN-10295,18.0,Mbeya,94094.45513072924,1000000,16,1,5.863389806852926,1
TZ-LOAN-10296,65.0,Arusha,612533.9343949797,1500000,23,1,0.11188062363303503,1
TZ-LOAN-10297,29.0,Dar es Salaam,654709.3387873275,1000000,25,0,1.6903732714170685,0
TZ-LOAN-10298,22.0,Arusha,715597.7920271893,1500000,29,0,5.402939667710792,0
TZ-LOAN-10299,54.0,Mbeya,516103.8454296965,1500000,35,0,11.024334242158755,1
TZ-LOAN-10300,49.0,Arusha,589808.2103523704,1000000,25,0,5.541660189891711,0
TZ-LOAN-10301,26.0,Arusha,760253.1231621807,1000000,22,2,1.5454228345903596,1
TZ-LOAN-10302,58.0,Mwanza,962129.2677934517,250000,22,0,3.5440738841392747,0
TZ-LOAN-10303,52.0,Arusha,63485.36890451517,1500000,21,0,5.214607354997151,1
TZ-LOAN-10304,36.0,Mbeya,539318.1682905613,100000,29,2,0.7270908110047778,0
TZ-LOAN-10305,65.0,Dodoma,714142.638182319,1500000,28,0,3.936266363784375,0
TZ-LOAN-10306,33.0,Dar es Salaam,374607.1686167792,100000,26,0,3.190135255774866,0
TZ-LOAN-10307,20.0,Arusha,1169350.8895301898,1000000,26,0,2.0522478099827546,0
TZ-LOAN-10308,37.0,Mbeya,459377.0359313789,500000,28,0,4.884686426217422,0
TZ-LOAN-10309,41.0,Mbeya,637612.1938978152,50000,24,0,5.055978997906198,0
TZ-LOAN-10310,50.0,Mwanza,816806.6290526872,1000000,18,3,17.783979101988354,1
TZ-LOAN-10311,41.0,Mbeya,472614.5633594317,50000,21,2,2.7957499595390294,0
TZ-LOAN-10312,69.0,Dodoma,96028.08565867483,250000,18,0,3.7886115036623407,1
TZ-LOAN-10313,28.0,Mbeya,521403.64192504005,100000,26,1,0.8569234011348509,0
TZ-LOAN-10314,66.0,Dodoma,958832.1667781122,250000,19,0,3.9743752765587965,0
TZ-LOAN-10315,25.0,Dar es Salaam,548931.4619644585,500000,22,0,0.18376573620790246,0
TZ-LOAN-10316,53.0,Arusha,396069.7095623064,500000,31,0,0.8118745490918055,0
TZ-LOAN-10317,55.0,Dar es Salaam,927701.6628508165,1500000,22,0,,0
TZ-LOAN-10318,57.0,Arusha,550767.5311930842,1000000,20,0,5.007052915150815,0
TZ-LOAN-10319,37.0,Dar es Salaam,496951.75590493483,1500000,25,0,4.188491230945443,1
TZ-LOAN-10320,52.0,Dodoma,694836.8268989929,500000,22,0,,0
TZ-LOAN-10321,65.0,Arusha,881225.0628856362,500000,25,0,3.1218330221670665,0
TZ-LOAN-10322,42.0,Arusha,1364514.0595197638,1500000,31,0,3.220416096682799,0
TZ-LOAN-10323,52.0,Dar es Salaam,898170.8322972269,250000,26,0,0.8810376209544559,0
TZ-LOAN-10324,42.0,Mwanza,997951.9899165033,50000,24,0,6.787590581872733,0
TZ-LOAN-10325,46.0,Mwanza,498210.1403036434,100000,33,0,0.018298069387698977,0
TZ-LOAN-10326,35.0,Dar es Salaam,342239.5682091571,500000,21,1,2.7659773517970203,0
TZ-LOAN-10327,63.0,Mbeya,668699.4048857369,1500000,34,0,1.0432768876381158,0
TZ-LOAN-10328,35.0,Dar es Salaam,682150.9745778788,500000,26,0,7.370383074891623,0
TZ-LOAN-10329,19.0,Dodoma,326446.1775906208,250000,23,0,5.594963232605281,0
TZ-LOAN-10330,52.0,Dodoma,597411.6410287961,100000,36,0,6.133967975724777,0
TZ-LOAN-10331,33.0,Mbeya,769795.2805157392,250000,18,0,0.8042362593925305,0
TZ-LOAN-10332,58.0,Mwanza,758118.018505424,50000,23,1,5.525376751548018,0
TZ-LOAN-10333,53.0,Dodoma,801286.3560152818,250000,24,0,5.870350400342868,0
TZ-LOAN-10334,50.0,Dodoma,737289.4190412329,100000,29,0,0.01320283968160104,0
TZ-LOAN-10335,21.0,Arusha,497897.4022189833,100000,22,1,1.9107027088067072,0
TZ-LOAN-10336,50.0,Arusha,495829.81200534705,500000,31,0,0.4566754515912186,0
TZ-LOAN-10337,31.0,Mbeya,290314.5806018372,50000,22,1,5.719003893778507,0
TZ-LOAN-10338,38.0,Dodoma,1185432.5117555284,1000000,16,1,1.191975522405711,0
TZ-LOAN-10339,65.0,Dar es Salaam,654035.1093857879,500000,24,0,1.5371068523258977,0
TZ-LOAN-10340,37.0,Mwanza,582544.0832615445,1500000,20,3,0.4078351698071354,1
TZ-LOAN-10341,25.0,Mbeya,371362.3755642624,250000,44,0,3.3063695198502856,0
TZ-LOAN-10342,24.0,Dar es Salaam,1530697.3706983335,250000,20,0,0.16795356629464536,0
TZ-LOAN-10343,20.0,Dar es Salaam,328001.5903331313,100000,26,0,9.34079103957955,0
TZ-LOAN-10344,34.0,Mbeya,521345.622318178,1500000,20,0,0.1335992853965146,1
TZ-LOAN-10345,50.0,Mbeya,774751.0508858182,100000,24,0,0.31810641195123257,0
TZ-LOAN-10346,65.0,Dodoma,830063.8897232834,1500000,38,1,5.113907113273003,0
TZ-LOAN-10347,29.0,Mwanza,937379.6165647053,100000,24,0,12.440570321761811,0
TZ-LOAN-10348,68.0,Dodoma,,1000000,28,0,11.13373149208491,0
TZ-LOAN-10349,39.0,Dar es Salaam,801847.2966382137,1000000,22,0,,0
TZ-LOAN-10350,39.0,Dodoma,333190.76000999974,500000,27,0,1.7015249125580225,0
TZ-LOAN-10351,63.0,Dodoma,572916.4624634655,1000000,25,0,3.6806581498220274,0
TZ-LOAN-10352,47.0,Mwanza,742349.7117541655,1500000,25,0,0.13492284640751417,0
TZ-LOAN-10353,55.0,Arusha,1270467.8124517472,100000,26,0,3.760693473317651,0
TZ-LOAN-10354,55.0,Mwanza,230658.3564727109,1500000,27,1,,1
TZ-LOAN-10355,62.0,Dodoma,1010772.9515675682,500000,26,0,4.438649947832206,0
TZ-LOAN-10356,68.0,Arusha,,500000,26,3,12.648362276060753,1
TZ-LOAN-10357,25.0,Dar es Salaam,901349.1605688442,50000,23,0,1.605293331857519,0
TZ-LOAN-10358,44.0,Mwanza,,1000000,17,0,5.095723949927441,0
TZ-LOAN-10359,44.0,Mbeya,397270.21096210205,250000,24,0,2.809124069953941,0
TZ-LOAN-10360,51.0,Dar es Salaam,875261.8338203996,250000,21,0,2.855787022253508,0
TZ-LOAN-10361,38.0,Arusha,846329.3081316864,50000,21,1,5.210281813445069,0
TZ-LOAN-10362,47.0,Dar es Salaam,941617.0897219166,100000,30,0,15.1141193129174,0
TZ-LOAN-10363,50.0,Mbeya,646008.6093864094,50000,18,0,9.94002173982286,0
TZ-LOAN-10364,45.0,Mbeya,470053.3930040452,100000,24,0,5.101627931368168,0
TZ-LOAN-10365,64.0,Mwanza,182363.90149284754,1000000,21,1,3.0951925822442705,1
TZ-LOAN-10366,50.0,Mwanza,895811.980441822,1000000,32,0,2.7581695234276653,0
TZ-LOAN-10367,22.0,Dodoma,777166.8447331958,500000,30,0,7.735436515792999,0
TZ-LOAN-10368,65.0,Dodoma,360265.2101408122,500000,26,0,1.2309139126970396,0
TZ-LOAN-10369,36.0,Dar es Salaam,488427.8980110127,500000,33,0,,0
TZ-LOAN-10370,21.0,Mbeya,509972.35641456785,500000,22,0,3.5155206163632164,0
TZ-LOAN-10371,52.0,Dar es Salaam,205104.67040527455,250000,27,1,5.239884293111533,0
TZ-LOAN-10372,66.0,Arusha,404695.2810184599,500000,24,2,1.0377108650448283,1
TZ-LOAN-10373,34.0,Arusha,,500000,34,2,5.949646451928935,1
TZ-LOAN-10374,61.0,Dodoma,526256.296433619,500000,29,1,4.930881538031306,0
TZ-LOAN-10375,45.0,Dar es Salaam,428390.7505011312,100000,17,1,0.9931457575848679,0
TZ-LOAN-10376,47.0,Arusha,,1500000,19,1,2.9857469977742164,1
TZ-LOAN-10377,46.0,Dodoma,1256777.0691708443,500000,25,2,5.675645239565749,0
TZ-LOAN-10378,63.0,Dar es Salaam,1025762.2193087692,50000,21,1,11.593789322537415,0
TZ-LOAN-10379,23.0,Mbeya,416294.1735440043,500000,22,0,0.6511108177613696,0
TZ-LOAN-10380,52.0,Arusha,731726.418996083,500000,32,0,0.04388915465511439,0
TZ-LOAN-10381,58.0,Arusha,775239.5269463885,250000,23,0,0.9025409581251864,0
TZ-LOAN-10382,54.0,Mbeya,1007325.756432043,1500000,29,0,22.67529913772615,0
TZ-LOAN-10383,41.0,Dodoma,404418.4920019764,500000,25,0,7.313075600816962,0
TZ-LOAN-10384,46.0,Arusha,977632.0351947278,1500000,17,0,4.764371870762984,0
TZ-LOAN-10385,66.0,Mbeya,485628.40873791947,100000,26,0,0.71365686999211,0
TZ-LOAN-10386,63.0,Dodoma,249241.278749416,1000000,37,0,2.6896640412264006,1
TZ-LOAN-10387,48.0,Mwanza,-150000.0,1500000,24,0,6.280522919960866,0
TZ-LOAN-10388,52.0,Dodoma,1037227.5272367285,1500000,25,1,11.311255875165047,1
TZ-LOAN-10389,50.0,Arusha,1426372.6920592054,500000,16,0,2.404904334390829,0
TZ-LOAN-10390,69.0,Dodoma,290082.42047293595,500000,31,0,40.39271404890832,1
TZ-LOAN-10391,38.0,Arusha,859675.9055242366,500000,23,1,,0
TZ-LOAN-10392,49.0,Dodoma,527059.6268619401,250000,23,0,2.4464290754813316,0
TZ-LOAN-10393,40.0,Mwanza,885007.6131572094,1000000,24,0,10.41313139252658,0
TZ-LOAN-10394,50.0,Dodoma,208853.13463062485,250000,31,0,5.247905188502572,0
TZ-LOAN-10395,20.0,Mwanza,271169.0672904308,250000,25,1,8.327911958474699,0
TZ-LOAN-10396,35.0,Arusha,417237.5530500548,250000,22,0,11.918929038025603,0
TZ-LOAN-10397,42.0,Dodoma,673689.2137004253,100000,22,0,3.539440434206873,0
TZ-LOAN-10398,59.0,Mbeya,457675.6200384934,1000000,19,2,1.337744890247937,1
TZ-LOAN-10399,48.0,Mwanza,847716.3031740258,100000,33,2,5.916064044298116,0
TZ-LOAN-10400,20.0,Dar es Salaam,958068.3854773743,100000,26,0,4.144601817276352,0
TZ-LOAN-10401,57.0,Mwanza,829873.2623736067,1000000,18,1,7.406305504180256,0
TZ-LOAN-10402,63.0,Dodoma,1135636.2918982604,100000,19,0,3.5842673828706975,0
TZ-LOAN-10403,41.0,Mwanza,774747.9888366029,1000000,29,0,8.33298843696692,0
TZ-LOAN-10404,67.0,Dodoma,284930.9868979499,1500000,25,0,11.614830711812587,1
TZ-LOAN-10405,49.0,Arusha,1059012.954061502,1500000,23,0,6.923139285594866,0
TZ-LOAN-10406,64.0,Arusha,468453.12931820075,500000,21,0,6.806158429301714,0
TZ-LOAN-10407,39.0,Mbeya,923125.549905671,250000,29,1,4.423831222554943,0
TZ-LOAN-10408,40.0,Dar es Salaam,1122120.264966532,1500000,33,0,3.1899060883151726,0
TZ-LOAN-10409,19.0,Arusha,787006.4032191198,1500000,25,0,17.98380942816736,1
TZ-LOAN-10410,44.0,Mbeya,201152.35605060507,100000,34,0,5.179772658194775,0
TZ-LOAN-10411,59.0,Dar es Salaam,374536.35004706256,1000000,31,0,9.174060443258844,1
TZ-LOAN-10412,19.0,Mbeya,1046823.3400655407,50000,30,0,3.5201208914714988,0
TZ-LOAN-10413,43.0,Arusha,599263.1943071551,100000,28,1,4.046808137348252,0
TZ-LOAN-10414,34.0,Dar es Salaam,673872.0604826497,100000,31,3,5.436715480252545,0
TZ-LOAN-10415,57.0,Arusha,877647.3248490829,1000000,20,2,6.519930222931856,1
TZ-LOAN-10416,50.0,Dodoma,858896.8586240971,50000,27,0,,0
TZ-LOAN-10417,26.0,Dar es Salaam,733639.9437156382,50000,24,3,2.202728458189166,0
TZ-LOAN-10418,60.0,Mbeya,587399.4886338603,500000,29,0,1.3683693845991598,0
TZ-LOAN-10419,65.0,Dodoma,556199.4662802928,100000,25,0,2.7551611118018426,0
TZ-LOAN-10420,56.0,Mbeya,907369.647587403,250000,29,0,1.186452689499973,0
TZ-LOAN-10421,46.0,Arusha,816070.859320338,1500000,33,1,2.6957966766206076,0
TZ-LOAN-10422,59.0,Arusha,572809.9998146631,100000,29,0,10.383605141193733,0
TZ-LOAN-10423,43.0,Dodoma,974633.6938979422,250000,29,0,18.87658550705806,0
TZ-LOAN-10424,52.0,Dodoma,611289.7654610649,250000,21,1,,0
TZ-LOAN-10425,67.0,Dar es Salaam,394501.347699682,1000000,31,0,0.7891519265284541,0
TZ-LOAN-10426,42.0,Mbeya,422308.7903289966,100000,28,0,2.789198165474996,0
TZ-LOAN-10427,41.0,Mwanza,356377.7491070702,1000000,33,0,4.607477649802907,1
TZ-LOAN-10428,30.0,Arusha,568276.9950188939,500000,32,1,2.316306091850743,0
TZ-LOAN-10429,24.0,Mwanza,1020117.2835008579,250000,29,0,1.1480481428293783,0
TZ-LOAN-10430,53.0,Mwanza,408471.44569084735,50000,25,0,1.2862446100510616,0
TZ-LOAN-10431,62.0,Dodoma,706542.7283054309,250000,33,1,3.2115944169722628,0
TZ-LOAN-10432,37.0,Mbeya,452993.19631177606,500000,35,3,1.2194660707271758,1
TZ-LOAN-10433,18.0,Mwanza,571907.2876185687,250000,30,0,1.4352293199887736,0
TZ-LOAN-10434,25.0,Mbeya,196987.63640442432,1000000,26,0,10.321156352980807,1
TZ-LOAN-10435,63.0,Dodoma,583838.5312530388,100000,22,0,7.549327747040525,0
TZ-LOAN-10436,33.0,Mwanza,591888.3860585114,50000,28,0,0.284508026120093,0
TZ-LOAN-10437,31.0,Mwanza,812086.3832107086,1000000,25,1,1.9296120586750827,0
TZ-LOAN-10438,29.0,Arusha,716984.2739766112,1500000,16,2,3.7957207794536623,1
TZ-LOAN-10439,68.0,Mwanza,290482.3625143864,100000,28,2,0.31261551141333865,0
TZ-LOAN-10440,40.0,Dar es Salaam,975259.4732130629,50000,29,0,,0
TZ-LOAN-10441,32.0,Dodoma,713090.9120665987,500000,31,0,2.4261560980412664,0
TZ-LOAN-10442,45.0,Dar es Salaam,709518.055153246,250000,31,0,2.5306705707259036,0
TZ-LOAN-10443,51.0,Mwanza,647245.2939844583,50000,23,0,1.5416513786581967,0
TZ-LOAN-10444,19.0,Mwanza,494672.76583333407,1500000,32,2,2.031794991054136,1
TZ-LOAN-10445,49.0,Dar es Salaam,715340.7019246179,500000,8,0,9.891284964764434,0
TZ-LOAN-10446,40.0,Arusha,792676.5307785748,100000,22,0,7.770086401723296,0
TZ-LOAN-10447,39.0,Arusha,125931.29259633354,50000,27,0,13.726572051024347,0
TZ-LOAN-10448,68.0,Dar es Salaam,488371.7487961713,500000,27,0,6.003181570279995,0
TZ-LOAN-10449,42.0,Dar es Salaam,-150000.0,100000,23,0,4.312230655947026,0
TZ-LOAN-10450,39.0,Dodoma,726851.1817082835,1000000,25,1,1.5005028969267011,0
TZ-LOAN-10451,39.0,Arusha,1007993.3017781378,250000,18,0,5.495892051660819,0
TZ-LOAN-10452,66.0,Mbeya,418477.75562096527,500000,21,0,11.830718518813981,0
TZ-LOAN-10453,69.0,Mwanza,500611.4459546474,1000000,28,0,0.358369440822088,0
TZ-LOAN-10454,59.0,Mwanza,496239.76680603495,1500000,28,0,2.9265806783620887,1
TZ-LOAN-10455,23.0,Dar es Salaam,409541.72296863754,1500000,28,0,0.808835548899423,1
TZ-LOAN-10456,32.0,Mbeya,545844.0514663212,100000,32,0,8.319905594567116,0
TZ-LOAN-10457,60.0,Arusha,881240.6659963913,50000,26,0,4.760862282942959,0
TZ-LOAN-10458,54.0,Arusha,,250000,24,0,10.586727199064702,0
TZ-LOAN-10459,50.0,Arusha,778344.318545871,100000,32,2,0.32589428396564724,0
TZ-LOAN-10460,25.0,Dar es Salaam,139429.33099449932,500000,25,0,11.807997387629865,1
TZ-LOAN-10461,61.0,Dar es Salaam,481598.60106733826,250000,39,0,0.34780419153240527,0
TZ-LOAN-10462,61.0,Mwanza,551153.2099346041,1000000,28,0,1.6956193513934623,0
TZ-LOAN-10463,22.0,Mwanza,1152457.9018742195,250000,29,0,0.8489959326363626,0
TZ-LOAN-10464,56.0,Arusha,567559.3085741936,1000000,17,0,0.785524904579954,0
TZ-LOAN-10465,21.0,Mwanza,-10373.042035275488,100000,22,0,0.9417176505390812,0
TZ-LOAN-10466,23.0,Mwanza,50333.32794162503,50000,27,0,3.2717276968959053,0
TZ-LOAN-10467,150.0,Arusha,660208.8759040043,1500000,24,0,7.67077768898358,1
TZ-LOAN-10468,49.0,Dar es Salaam,834131.2567369726,250000,26,0,11.427522750128444,0
TZ-LOAN-10469,69.0,Mwanza,762636.7572881759,50000,31,0,4.183671771215849,0
TZ-LOAN-10470,47.0,Dar es Salaam,700271.0317402971,50000,19,0,0.8584012282120814,0
TZ-LOAN-10471,64.0,Mbeya,998677.8792517001,1500000,16,2,0.41251145942220785,1
TZ-LOAN-10472,52.0,Dar es Salaam,488122.6337788605,250000,14,2,3.407374038425064,0
TZ-LOAN-10473,57.0,Dodoma,918473.1668080476,250000,21,1,7.248945478723906,0
TZ-LOAN-10474,69.0,Dodoma,160395.5344920748,50000,27,1,4.840039690418614,0
TZ-LOAN-10475,33.0,Arusha,378515.65011858015,500000,22,0,4.370727071277366,0
TZ-LOAN-10476,30.0,Dodoma,107887.58152045507,500000,24,0,0.2467664883109544,1
TZ-LOAN-10477,67.0,Mbeya,567546.4097990623,250000,25,0,2.6512774044100187,0
TZ-LOAN-10478,59.0,Dar es Salaam,636121.6348200972,50000,20,0,3.9968055139656733,0
TZ-LOAN-10479,47.0,Dar es Salaam,684230.447667956,50000,19,0,4.560143619262095,0
TZ-LOAN-10480,36.0,Mwanza,668565.0058661406,100000,24,1,0.02409829051121691,0
TZ-LOAN-10481,34.0,Mwanza,,50000,33,0,1.112937132842868,0
TZ-LOAN-10482,36.0,Mwanza,592927.7466760353,1500000,19,0,14.957308122731089,1
TZ-LOAN-10483,45.0,Dar es Salaam,200765.99941827543,500000,30,0,3.5529301693058892,0
TZ-LOAN-10484,43.0,Dar es Salaam,1058968.6925396752,100000,24,0,6.080938887244638,0
TZ-LOAN-10485,54.0,Mwanza,558912.1781305997,1500000,26,1,1.8421960199667167,1
TZ-LOAN-10486,43.0,Dar es Salaam,503334.1642868926,500000,26,0,4.401867647247316,0
TZ-LOAN-10487,40.0,Mbeya,1126682.0985332248,1500000,27,2,2.203912005035538,1
TZ-LOAN-10488,26.0,Mwanza,277326.03993523127,1000000,23,0,1.761699474901328,1
TZ-LOAN-10489,29.0,Dodoma,312323.86579040927,250000,27,2,2.650025061455778,0
TZ-LOAN-10490,18.0,Mwanza,321133.9025394305,1000000,24,0,3.0793377023877055,1
TZ-LOAN-10491,18.0,Dodoma,629638.5854901554,250000,25,0,2.0109615017483007,0
TZ-LOAN-10492,64.0,Arusha,779489.4888912792,500000,22,3,1.4919601692499618,1
TZ-LOAN-10493,51.0,Dodoma,871902.6404353501,500000,24,0,,0
TZ-LOAN-10494,49.0,Mbeya,1421598.5952484906,1000000,23,0,2.396089566042336,0
TZ-LOAN-10495,65.0,Dar es Salaam,-24829.73626022914,1500000,28,0,1.1271434925049542,0
TZ-LOAN-10496,42.0,Mbeya,832620.676737325,250000,27,0,7.101690815774434,0
TZ-LOAN-10497,57.0,Arusha,482860.82822833065,250000,29,0,6.4320927529042295,0
TZ-LOAN-10498,62.0,Mbeya,474075.455333368,100000,26,0,10.893694739739427,0
TZ-LOAN-10499,18.0,Mbeya,464068.36152383673,50000,23,0,4.0486186866120715,0
TZ-LOAN-10500,33.0,Arusha,377369.098757608,1500000,19,2,1.638612191864703,1
TZ-LOAN-10501,56.0,Mbeya,1155357.4503810355,1500000,26,1,9.96476640607929,0
TZ-LOAN-10502,22.0,Arusha,902689.1981041708,100000,22,0,1.6446118874160311,0
TZ-LOAN-10503,39.0,Dar es Salaam,656958.7935672124,500000,35,1,5.32976628963096,0
TZ-LOAN-10504,46.0,Mwanza,1055304.7257461,1000000,19,0,1.0560318936767175,0
TZ-LOAN-10505,20.0,Dar es Salaam,,1500000,26,0,4.960121289926442,1
TZ-LOAN-10506,29.0,Dar es Salaam,250788.46060072217,250000,23,1,9.189766498709517,0
TZ-LOAN-10507,43.0,Dar es Salaam,-3390.3196584063116,100000,26,0,3.88203637935511,0
TZ-LOAN-10508,33.0,Mbeya,440175.6379630137,1000000,28,0,3.182771128531687,0
TZ-LOAN-10509,68.0,Dar es Salaam,698509.5580114259,1000000,26,0,25.158981425733916,0
TZ-LOAN-10510,54.0,Arusha,680857.5733797002,1500000,22,3,0.11353988395222837,1
TZ-LOAN-10511,39.0,Arusha,694802.5733179641,50000,19,0,2.015326803718063,0
TZ-LOAN-10512,46.0,Arusha,226682.95068017545,250000,28,0,12.54179915837392,0
TZ-LOAN-10513,31.0,Arusha,890946.4227842066,1000000,17,0,5.145095579595963,0
TZ-LOAN-10514,45.0,Dar es Salaam,721888.2554716994,250000,19,0,3.9054925457546723,0
TZ-LOAN-10515,22.0,Dodoma,,1500000,24,0,5.07629898015379,0
TZ-LOAN-10516,64.0,Mwanza,82171.34672298445,100000,29,1,,0
TZ-LOAN-10517,66.0,Dodoma,743447.257639337,1000000,19,2,0.36913772313068627,1
TZ-LOAN-10518,47.0,Mbeya,293670.42802474194,1500000,15,1,1.6089377774851692,1
TZ-LOAN-10519,63.0,Dar es Salaam,530803.0242345914,1000000,26,0,2.0511027339190857,0
TZ-LOAN-10520,69.0,Dodoma,810309.469590915,100000,30,0,3.268335679809224,0
TZ-LOAN-10521,22.0,Dar es Salaam,677328.081876774,250000,30,0,2.5035226951376006,0
TZ-LOAN-10522,29.0,Arusha,394538.00606620434,250000,27,0,3.6802966219279214,0
TZ-LOAN-10523,33.0,Mbeya,651881.9468553255,1000000,21,0,1.0912861892710928,0
TZ-LOAN-10524,43.0,Dodoma,190539.40542690706,1500000,22,0,1.0170015775454897,1
TZ-LOAN-10525,43.0,Mwanza,995080.2187694889,100000,33,0,2.1671048684958127,0
TZ-LOAN-10526,65.0,Arusha,,500000,30,1,3.209563284482784,0
TZ-LOAN-10527,38.0,Arusha,985564.9832765978,250000,18,0,2.0906897972310654,0
TZ-LOAN-10528,56.0,Mbeya,492040.4938711871,500000,23,1,4.296743617354803,0
TZ-LOAN-10529,53.0,Arusha,492927.20347802516,1000000,29,0,1.8553627085246616,0
TZ-LOAN-10530,50.0,Arusha,420743.9640086461,500000,19,1,0.9750221946331146,0
TZ-LOAN-10531,47.0,Dodoma,912852.1795079226,1500000,29,0,9.932602340628938,0
TZ-LOAN-10532,54.0,Arusha,437170.6528014572,1500000,21,1,1.1194822894866547,1
TZ-LOAN-10533,40.0,Mbeya,843378.629724553,500000,34,0,17.00219681644175,0
TZ-LOAN-10534,27.0,Dar es Salaam,535264.2806992129,1500000,29,0,21.871909352891112,1
TZ-LOAN-10535,22.0,Mbeya,57211.01003251411,250000,22,0,5.96687571748893,1
TZ-LOAN-10536,53.0,Mbeya,478905.77966406016,1000000,25,0,3.48578599110097,0
TZ-LOAN-10537,51.0,Dar es Salaam,296267.5356911455,500000,24,1,7.93395234573194,1
TZ-LOAN-10538,69.0,Dodoma,,250000,20,1,10.325828273114222,0
TZ-LOAN-10539,48.0,Mwanza,292877.6792976529,500000,29,0,6.182338749372511,0
TZ-LOAN-10540,27.0,Mwanza,927792.530214385,250000,22,0,0.538175254691292,0
TZ-LOAN-10541,36.0,Mbeya,622677.2418940918,1500000,29,1,0.014961710088813862,1
TZ-LOAN-10542,49.0,Dodoma,596721.2015723783,1500000,21,0,1.0653555109413306,1
TZ-LOAN-10543,18.0,Dodoma,-150000.0,1000000,28,0,1.0445509865210212,0
TZ-LOAN-10544,22.0,Dodoma,939172.0802227587,1500000,26,0,1.007628895287236,0
TZ-LOAN-10545,62.0,Dodoma,643970.3744691045,100000,23,0,3.56442670071431,0
TZ-LOAN-10546,21.0,Mbeya,418639.9101352128,250000,26,0,3.6707257824624224,0
TZ-LOAN-10547,33.0,Arusha,117809.11516636121,250000,14,0,6.419086834841837,1
TZ-LOAN-10548,41.0,Mwanza,444185.072889446,500000,27,0,1.1249000138608536,0
TZ-LOAN-10549,33.0,Mwanza,-150000.0,1000000,27,0,0.4861899545406362,0
TZ-LOAN-10550,19.0,Dar es Salaam,682117.235897689,50000,18,0,5.48443864851143,0
TZ-LOAN-10551,66.0,Mbeya,546455.9356585918,1500000,27,1,3.308213720065707,1
TZ-LOAN-10552,45.0,Mwanza,856379.8916154285,50000,27,0,5.487873886001634,0
TZ-LOAN-10553,49.0,Mbeya,466105.0186187931,100000,21,0,2.3961522870021454,0
TZ-LOAN-10554,44.0,Mbeya,632887.6499441175,1000000,25,0,6.947407863406612,0
TZ-LOAN-10555,37.0,Dodoma,1005196.2329590668,250000,24,0,5.737974604028883,0
TZ-LOAN-10556,41.0,Dar es Salaam,752547.5641864899,50000,24,1,5.253996656380301,0
TZ-LOAN-10557,29.0,Mbeya,631988.7374934306,100000,11,2,0.1397822425857755,0
TZ-LOAN-10558,67.0,Mwanza,469416.66741944687,1000000,23,2,9.76401480464396,1
TZ-LOAN-10559,52.0,Mwanza,460030.5809855069,100000,29,0,2.3628908903609576,0
TZ-LOAN-10560,50.0,Dar es Salaam,394816.02411441563,1500000,21,0,0.7286881746213876,1
TZ-LOAN-10561,50.0,Mbeya,487697.9402651302,50000,22,1,7.044510446804942,0
TZ-LOAN-10562,68.0,Dodoma,876699.7516232943,500000,22,0,3.332282061740445,0
TZ-LOAN-10563,60.0,Dar es Salaam,583433.5186123194,500000,26,0,0.1626437565763444,0
TZ-LOAN-10564,54.0,Mbeya,245068.07918563066,1000000,26,0,7.613354008123969,1
TZ-LOAN-10565,29.0,Dar es Salaam,1180450.787917935,100000,26,1,2.854979281605222,0
TZ-LOAN-10566,20.0,Dodoma,,250000,30,0,7.030974065460148,0
TZ-LOAN-10567,18.0,Arusha,227916.97984604922,50000,30,0,7.044561534769743,0
TZ-LOAN-10568,50.0,Arusha,517445.32182775286,500000,21,0,0.5264482043462259,0
TZ-LOAN-10569,57.0,Arusha,683265.9148485253,500000,25,0,4.749571393326165,0
TZ-LOAN-10570,27.0,Dodoma,1161377.627989213,100000,23,0,2.2325064436982958,0
TZ-LOAN-10571,60.0,Dodoma,317566.26252233924,500000,21,0,3.952718510374031,0
TZ-LOAN-10572,61.0,Dar es Salaam,942812.215806784,100000,31,0,0.4635761329432354,0
TZ-LOAN-10573,46.0,Mwanza,1069845.928091703,50000,26,0,4.4358878042261765,0
TZ-LOAN-10574,30.0,Dodoma,461403.70847762894,100000,17,0,7.515040360448796,0
TZ-LOAN-10575,29.0,Dodoma,566745.91434193,500000,25,0,,0
TZ-LOAN-10576,48.0,Arusha,339107.2257878689,100000,19,2,1.9303683401871155,0
TZ-LOAN-10577,63.0,Arusha,588961.6576759085,500000,21,0,0.8428314833841732,0
TZ-LOAN-10578,19.0,Arusha,639023.0076971207,1500000,27,0,2.2777525258970335,0
TZ-LOAN-10579,68.0,Mwanza,847894.9994247111,1000000,13,1,0.09745604977468586,0
TZ-LOAN-10580,67.0,Arusha,977055.0413061341,500000,26,1,2.627778927099707,0
TZ-LOAN-10581,52.0,Arusha,425571.1806135059,500000,21,0,12.30143029195295,0
TZ-LOAN-10582,40.0,Mwanza,59802.4807322016,500000,25,0,1.0805361601388463,1
TZ-LOAN-10583,34.0,Arusha,643626.5662171274,1000000,24,0,3.2477538164215614,0
TZ-LOAN-10584,43.0,Dar es Salaam,-150000.0,1500000,18,0,4.250374188184333,0
TZ-LOAN-10585,25.0,Dar es Salaam,724825.3063055126,250000,22,0,0.9916883835279162,0
TZ-LOAN-10586,46.0,Mbeya,551998.0257472869,500000,34,0,2.0031753853096457,0
TZ-LOAN-10587,43.0,Dar es Salaam,687425.6298991804,250000,20,1,12.115722504963745,0
TZ-LOAN-10588,27.0,Mwanza,1104633.4425056742,50000,29,0,1.7529584109427345,0
TZ-LOAN-10589,43.0,Arusha,764520.2506887527,1500000,26,0,5.044264964355794,0
TZ-LOAN-10590,51.0,Mbeya,537989.4724990746,100000,27,0,0.7364243766662084,0
TZ-LOAN-10591,68.0,Dodoma,499940.65487120126,250000,23,0,5.541295035121533,0
TZ-LOAN-10592,58.0,Dodoma,599044.2926966808,1500000,27,0,,0
TZ-LOAN-10593,24.0,Dar es Salaam,1141021.988549192,50000,28,1,1.3150304332172653,0
TZ-LOAN-10594,21.0,Mbeya,595009.7871421408,1500000,27,2,0.6628888471567269,1
TZ-LOAN-10595,67.0,Dodoma,644061.6966437876,100000,31,1,0.23978058193866103,0
TZ-LOAN-10596,62.0,Dodoma,505305.92871910916,500000,23,0,17.188224700840237,0
TZ-LOAN-10597,28.0,Dodoma,979695.0072325894,500000,25,0,2.671364510575312,0
TZ-LOAN-10598,46.0,Dar es Salaam,1237951.1764234025,500000,21,0,7.516737117945189,0
TZ-LOAN-10599,53.0,Dar es Salaam,785183.9148294164,1000000,31,0,12.634227579650645,0
TZ-LOAN-10600,42.0,Mbeya,674831.8711356277,1000000,33,0,1.1409088359157722,0
TZ-LOAN-10601,38.0,Dar es Salaam,661034.8499522704,1000000,25,0,10.195284304504577,0
TZ-LOAN-10602,53.0,Dar es Salaam,-65292.03663572366,1000000,34,0,6.155427741620985,0
TZ-LOAN-10603,27.0,Mwanza,873545.2592854452,50000,20,1,4.313477983491372,0
TZ-LOAN-10604,54.0,Dar es Salaam,690249.9247987531,1500000,25,0,8.279446537607342,0
TZ-LOAN-10605,26.0,Mbeya,778502.6151982174,50000,34,1,0.5864040687218991,0
TZ-LOAN-10606,41.0,Dar es Salaam,436561.34177488857,500000,24,2,1.529911431274045,1
TZ-LOAN-10607,52.0,Dar es Salaam,534662.9363068725,100000,22,3,0.7023534910592735,0
TZ-LOAN-10608,66.0,Mwanza,526692.5190490481,1000000,30,2,11.315407204841968,1
TZ-LOAN-10609,52.0,Mbeya,956486.8952219116,1500000,31,0,0.5201273681147158,0
TZ-LOAN-10610,65.0,Dodoma,536372.049019072,100000,23,0,19.547735744834775,0
TZ-LOAN-10611,53.0,Mwanza,1274798.0966329393,50000,18,0,0.5820579652466294,0
TZ-LOAN-10612,35.0,Dar es Salaam,779258.7257045112,1000000,24,1,5.420880153196071,0
TZ-LOAN-10613,66.0,Arusha,267295.2020012805,50000,22,1,5.401319011717709,0
TZ-LOAN-10614,56.0,Mwanza,611436.112024413,50000,25,2,13.386114729919885,0
TZ-LOAN-10615,49.0,Mwanza,454497.4633530753,250000,28,0,1.9513987797535681,0
TZ-LOAN-10616,41.0,Mbeya,-8314.74094600731,1500000,26,0,2.017424674301534,0
TZ-LOAN-10617,40.0,Dodoma,1129841.2820341368,50000,23,2,9.363545395848034,0
TZ-LOAN-10618,49.0,Dodoma,860942.7626660012,500000,29,2,19.21611306780692,1
TZ-LOAN-10619,54.0,Dodoma,809962.1953697938,50000,20,0,0.15301144288486412,0
TZ-LOAN-10620,29.0,Mwanza,699621.0980899113,1000000,24,0,5.043632893176618,0
TZ-LOAN-10621,66.0,Arusha,,500000,24,1,1.3961868171859555,1
TZ-LOAN-10622,30.0,Mbeya,504914.858133369,50000,23,0,6.5090728779376565,0
TZ-LOAN-10623,40.0,Arusha,902534.2324352039,500000,22,1,7.407840910435239,0
TZ-LOAN-10624,42.0,Dodoma,334633.9910652492,50000,27,0,7.188476347347392,0
TZ-LOAN-10625,52.0,Mwanza,-109530.79487524414,1500000,28,0,2.8591734710526135,0
TZ-LOAN-10626,58.0,Dodoma,581868.1976657222,500000,30,0,0.8586970471518716,0
TZ-LOAN-10627,47.0,Arusha,607472.7337917384,100000,25,0,4.394548825939368,0
TZ-LOAN-10628,34.0,Dodoma,690669.0249244127,250000,20,0,7.780388014428409,0
TZ-LOAN-10629,66.0,Dar es Salaam,868555.5930543608,500000,27,0,12.163184111452418,0
TZ-LOAN-10630,37.0,Mbeya,841281.7436693626,1000000,24,2,3.0132822855885797,1
TZ-LOAN-10631,65.0,Arusha,727630.9415731765,250000,22,0,1.4096624791375065,0
TZ-LOAN-10632,42.0,Dar es Salaam,,250000,15,0,0.6324808362012523,0
TZ-LOAN-10633,39.0,Dodoma,194309.06575600558,50000,29,1,7.987574073764344,0
TZ-LOAN-10634,30.0,Mbeya,801374.544343217,500000,30,0,3.831787885870045,0
TZ-LOAN-10635,36.0,Mbeya,837961.5090010827,1500000,31,1,5.607113789892829,1
TZ-LOAN-10636,66.0,Mbeya,278131.3141759281,250000,18,0,0.8672475541055503,0
TZ-LOAN-10637,53.0,Mwanza,199138.8173952832,1000000,24,1,0.03300276503221897,1
TZ-LOAN-10638,29.0,Mbeya,426217.3620573196,1500000,31,0,17.145146642218666,1
TZ-LOAN-10639,58.0,Dar es Salaam,451537.56724541244,1500000,15,2,8.327084309971383,1
TZ-LOAN-10640,36.0,Arusha,876025.8390507292,1000000,21,0,2.554348202750032,0
TZ-LOAN-10641,29.0,Dar es Salaam,465638.3648926715,1000000,27,0,3.054590799484152,0
TZ-LOAN-10642,26.0,Dodoma,,50000,25,2,13.229981946073043,0
TZ-LOAN-10643,24.0,Mwanza,466509.87899163226,100000,29,0,1.1637621185235045,0
TZ-LOAN-10644,45.0,Mwanza,985589.7002462635,500000,34,1,8.11841155634476,0
TZ-LOAN-10645,31.0,Dodoma,653913.0123130856,250000,24,0,0.09046104764064457,0
TZ-LOAN-10646,48.0,Arusha,596224.6923929264,500000,22,0,10.42580076483572,0
TZ-LOAN-10647,69.0,Mwanza,616998.3503896846,1500000,21,0,4.449266582336188,1
TZ-LOAN-10648,36.0,Dodoma,1037618.1002979567,250000,26,0,3.2463975542887336,0
TZ-LOAN-10649,64.0,Dodoma,425248.48201902746,50000,35,0,6.128667674276968,0
TZ-LOAN-10650,33.0,Dodoma,1044652.4872820312,500000,30,3,0.35024105838752373,0
TZ-LOAN-10651,22.0,Dodoma,713148.8896764511,50000,31,0,1.0879447640139042,0
TZ-LOAN-10652,52.0,Mbeya,601874.1854073957,50000,28,0,2.6126786185191047,0
TZ-LOAN-10653,29.0,Arusha,1400270.1493802844,500000,24,0,4.809922045141199,0
TZ-LOAN-10654,42.0,Dodoma,333308.1530604211,500000,26,1,0.7806281701326573,0
TZ-LOAN-10655,69.0,Mbeya,543894.2721298982,250000,24,0,2.3860863343485503,0
TZ-LOAN-10656,38.0,Mbeya,280270.62825079996,1500000,25,0,1.5115617050316523,1
TZ-LOAN-10657,53.0,Dar es Salaam,935738.5911608508,1500000,37,1,5.186213141860577,0
TZ-LOAN-10658,40.0,Dodoma,1156756.6800955036,1000000,32,0,12.583748477576508,0
TZ-LOAN-10659,33.0,Mbeya,1150976.8344213916,50000,27,0,0.9074842846783764,0
TZ-LOAN-10660,56.0,Dar es Salaam,1017184.6259438014,1500000,18,0,1.0490463954877873,0
TZ-LOAN-10661,62.0,Dar es Salaam,590713.8596612103,100000,23,0,4.588064023529371,0
TZ-LOAN-10662,59.0,Dodoma,540427.706753046,250000,26,0,3.021676790495096,0
TZ-LOAN-10663,56.0,Mwanza,148649.06825178047,250000,41,0,6.331096092933812,0
TZ-LOAN-10664,31.0,Mbeya,1260762.060554538,1000000,23,0,1.6975816159875934,0
TZ-LOAN-10665,48.0,Mwanza,790693.4234445402,1000000,22,0,3.935307453497269,0
TZ-LOAN-10666,22.0,Dar es Salaam,502412.92853915505,50000,29,0,2.4455501953346896,0
TZ-LOAN-10667,52.0,Mwanza,1048417.0666960903,250000,24,0,1.6513068850997183,0
TZ-LOAN-10668,40.0,Mwanza,358170.64497199975,250000,24,0,6.533654130567834,0
TZ-LOAN-10669,46.0,Dodoma,771986.6102668023,100000,29,0,7.945572902478192,0
TZ-LOAN-10670,60.0,Dar es Salaam,598211.2597127496,50000,36,0,1.9945689855777262,0
TZ-LOAN-10671,28.0,Arusha,841603.1419640903,50000,16,3,4.877176966669524,1
TZ-LOAN-10672,35.0,Mbeya,630927.9382441635,1500000,24,0,0.9836729763197655,0
TZ-LOAN-10673,64.0,Dodoma,214721.6326666327,1000000,22,1,7.826336839815026,1
TZ-LOAN-10674,29.0,Dodoma,672672.9118010113,1500000,36,1,1.6512136872791845,1
TZ-LOAN-10675,26.0,Arusha,964659.2425626086,50000,26,0,0.9374026811026219,0
TZ-LOAN-10676,27.0,Dodoma,641235.0782438044,100000,29,0,14.063837590478826,0
TZ-LOAN-10677,61.0,Dar es Salaam,882534.5364767258,50000,24,0,2.7450980891094883,0
TZ-LOAN-10678,34.0,Dodoma,336341.1542977841,1500000,24,0,5.1571039803436145,1
TZ-LOAN-10679,55.0,Dodoma,642121.7620190444,500000,28,2,8.282997705811814,0
TZ-LOAN-10680,24.0,Arusha,462646.8634734268,500000,34,0,5.794078176596656,0
TZ-LOAN-10681,63.0,Mbeya,874094.2520314129,100000,26,0,4.158140340435673,0
TZ-LOAN-10682,30.0,Mbeya,659447.4686785988,1000000,16,0,2.3229989543668315,0
TZ-LOAN-10683,57.0,Mwanza,857022.1029009838,250000,24,1,12.537174776019615,0
TZ-LOAN-10684,59.0,Dar es Salaam,976313.1278473597,50000,27,0,0.7167082547251207,0
TZ-LOAN-10685,26.0,Arusha,857485.5725364165,1500000,20,2,10.767366328992843,1
TZ-LOAN-10686,67.0,Mbeya,731935.5302880933,1000000,27,0,6.186766084208176,0
TZ-LOAN-10687,44.0,Arusha,350536.3224465784,1500000,13,0,4.236280529496633,1
TZ-LOAN-10688,19.0,Mwanza,649164.1667999296,1000000,22,0,1.9633448561195601,0
TZ-LOAN-10689,22.0,Mbeya,490072.87939525006,50000,15,0,0.7893789557640498,0
TZ-LOAN-10690,46.0,Arusha,546780.812988732,250000,22,1,2.9273916548607777,0
TZ-LOAN-10691,54.0,Dar es Salaam,537639.7547749247,50000,35,0,7.656820799957744,0
TZ-LOAN-10692,55.0,Dar es Salaam,356022.32756532665,250000,25,0,6.838535401104039,0
TZ-LOAN-10693,36.0,Mwanza,62798.423259803094,1500000,18,0,5.184419536521582,1
TZ-LOAN-10694,25.0,Mbeya,449557.08550166996,100000,24,0,24.464042619890268,0
TZ-LOAN-10695,65.0,Mbeya,708013.8355772477,250000,16,0,17.992410367558026,0
TZ-LOAN-10696,62.0,Dar es Salaam,245546.88637175295,1000000,20,1,2.5541687391848726,1
TZ-LOAN-10697,18.0,Mwanza,654704.6709414873,100000,26,1,1.0692737720267709,0
TZ-LOAN-10698,39.0,Dodoma,1220080.5272932895,1500000,24,0,3.116597140083623,0
TZ-LOAN-10699,69.0,Dar es Salaam,956916.9665756718,500000,29,0,9.308011672193086,0
TZ-LOAN-10700,34.0,Dar es Salaam,1143062.4527361589,100000,23,1,3.0676436238877924,0
TZ-LOAN-10701,24.0,Arusha,767338.3630798178,250000,26,0,2.047229844050548,0
TZ-LOAN-10702,42.0,Mwanza,1000252.9468959338,100000,22,0,6.759107208585525,0
TZ-LOAN-10703,62.0,Dodoma,432810.5808596638,1500000,20,0,5.2510740336824915,1
TZ-LOAN-10704,21.0,Mwanza,456697.9198934047,100000,22,0,17.32031372866418,0
TZ-LOAN-10705,53.0,Mwanza,-171742.06184124178,1500000,22,0,3.9843228048981953,0
TZ-LOAN-10706,23.0,Dar es Salaam,1005843.6422126896,500000,34,0,17.128299480137688,0
TZ-LOAN-10707,48.0,Dar es Salaam,1112097.1939459657,250000,29,2,1.7190496380227438,0
TZ-LOAN-10708,36.0,Dar es Salaam,484046.826395819,1000000,30,0,10.005894159935004,0
TZ-LOAN-10709,61.0,Arusha,573814.4880808295,100000,16,0,2.161036192540604,0
TZ-LOAN-10710,56.0,Dodoma,423841.36589271156,50000,32,0,8.295130212248568,0
TZ-LOAN-10711,44.0,Dodoma,764796.0654432474,1000000,26,0,13.017517535523716,0
TZ-LOAN-10712,27.0,Mwanza,987479.7635909722,100000,21,0,4.880085377947471,0
TZ-LOAN-10713,43.0,Dar es Salaam,,1000000,28,0,,1
TZ-LOAN-10714,36.0,Mwanza,772831.5591926756,50000,31,0,15.927168755156867,0
TZ-LOAN-10715,56.0,Dar es Salaam,566998.4684842564,1000000,18,0,2.3512700047554693,0
TZ-LOAN-10716,20.0,Mwanza,684018.3175900069,1000000,37,0,3.582936077056918,0
TZ-LOAN-10717,62.0,Mwanza,787698.2005022872,50000,28,0,11.428242686230206,0
TZ-LOAN-10718,30.0,Arusha,593539.2683681536,50000,18,0,5.586161302124644,0
TZ-LOAN-10719,67.0,Arusha,618923.9439782659,50000,34,0,10.341167127815085,0
TZ-LOAN-10720,45.0,Mwanza,585837.4497336083,500000,22,2,4.815005691521831,0
TZ-LOAN-10721,37.0,Dar es Salaam,941094.8605364844,1500000,25,0,6.730218627622991,0
TZ-LOAN-10722,45.0,Mwanza,775627.988038249,1500000,32,0,0.0657424848701404,0
TZ-LOAN-10723,25.0,Dar es Salaam,716175.0613212083,50000,28,0,2.075101543505768,0
TZ-LOAN-10724,58.0,Mbeya,268714.4836723152,1500000,25,0,7.3575346834158575,1
TZ-LOAN-10725,56.0,Dodoma,536426.0770360538,1000000,16,0,2.5876397577470955,0
TZ-LOAN-10726,18.0,Mwanza,919600.7481017523,50000,21,0,2.253725173510983,0
TZ-LOAN-10727,20.0,Mbeya,661308.9719371769,100000,28,0,15.136345439541438,0
TZ-LOAN-10728,30.0,Mwanza,847859.4408767414,50000,25,0,4.020935544198403,0
TZ-LOAN-10729,45.0,Arusha,1179953.54009829,50000,26,1,1.069012110604192,0
TZ-LOAN-10730,66.0,Dodoma,961581.820762645,1500000,25,1,3.1954421122433407,0
TZ-LOAN-10731,42.0,Mwanza,677947.5013099227,250000,27,0,3.6560241330615098,0
TZ-LOAN-10732,50.0,Arusha,496703.24894128187,1000000,22,0,22.42877976623435,1
TZ-LOAN-10733,55.0,Arusha,-116064.87881676946,1500000,21,0,6.333135091353301,0
TZ-LOAN-10734,23.0,Mbeya,599484.5232581443,1000000,22,0,3.663621944257681,0
TZ-LOAN-10735,61.0,Arusha,552196.2512549453,100000,28,0,2.828087972804525,0
TZ-LOAN-10736,62.0,Mbeya,767109.8583186127,500000,19,0,12.354720234841675,0
TZ-LOAN-10737,49.0,Dar es Salaam,603828.4319075937,250000,28,0,5.191459642522696,0
TZ-LOAN-10738,62.0,Dar es Salaam,553884.4821689617,100000,15,1,2.2009566338798754,0
TZ-LOAN-10739,64.0,Dar es Salaam,116180.32084783376,100000,23,0,3.123989290778102,0
TZ-LOAN-10740,38.0,Dar es Salaam,,1000000,13,0,1.6295149258309891,1
TZ-LOAN-10741,33.0,Mwanza,792995.3122401673,250000,25,0,16.148253512512078,0
TZ-LOAN-10742,38.0,Mbeya,1164772.2893398083,1000000,27,0,6.052387654966049,0
TZ-LOAN-10743,28.0,Dar es Salaam,620742.3848763129,500000,22,0,2.4903554015443845,0
TZ-LOAN-10744,54.0,Arusha,748343.322072237,1000000,19,0,1.0118858795398482,0
TZ-LOAN-10745,53.0,Mbeya,935743.4470858416,50000,16,0,,0
TZ-LOAN-10746,52.0,Mwanza,406731.81913992506,1000000,31,0,3.247969898513773,0
TZ-LOAN-10747,36.0,Dar es Salaam,760044.2129856327,50000,31,0,3.151491523881261,0
TZ-LOAN-10748,37.0,Mbeya,427852.96810035245,100000,25,1,2.7046086677441727,0
TZ-LOAN-10749,35.0,Dodoma,909447.3315473034,500000,34,0,,0
TZ-LOAN-10750,64.0,Dar es Salaam,695420.9143855198,1500000,28,0,19.359954665361908,1
TZ-LOAN-10751,58.0,Mbeya,739535.544194432,50000,24,0,2.1911542466473746,0
TZ-LOAN-10752,66.0,Dar es Salaam,415220.4207744233,500000,24,1,1.7450266832166172,0
TZ-LOAN-10753,31.0,Dodoma,862109.7078832355,1000000,22,0,7.350788737037592,0
TZ-LOAN-10754,32.0,Arusha,1275413.876369305,1500000,22,3,2.9873030360989334,1
TZ-LOAN-10755,48.0,Arusha,347626.49137153814,1000000,33,1,1.226745094965591,1
TZ-LOAN-10756,18.0,Dodoma,548072.2977057429,100000,26,0,0.9979851859041882,0
TZ-LOAN-10757,20.0,Mbeya,719482.2422504276,1000000,25,0,1.6464646568241148,0
TZ-LOAN-10758,33.0,Mwanza,885921.863598745,50000,26,0,0.006622527210698425,0
TZ-LOAN-10759,40.0,Dar es Salaam,482136.1144131593,100000,26,0,14.18765805123094,0
TZ-LOAN-10760,28.0,Mwanza,-199909.08704282204,500000,27,0,2.8127781951809165,0
TZ-LOAN-10761,29.0,Dar es Salaam,1057756.8482492075,100000,30,0,0.43240579890223335,0
TZ-LOAN-10762,27.0,Mwanza,878151.8358752427,500000,29,0,0.9013610607450695,0
TZ-LOAN-10763,49.0,Dar es Salaam,127115.7408540005,250000,19,0,1.952915552627026,0
TZ-LOAN-10764,33.0,Arusha,467729.3624661332,50000,22,0,4.01139558580944,0
TZ-LOAN-10765,25.0,Dar es Salaam,1120454.7288581978,50000,26,0,6.082185465100402,0
TZ-LOAN-10766,55.0,Dar es Salaam,1084338.92553736,500000,27,3,1.839771507523857,1
TZ-LOAN-10767,29.0,Dodoma,931592.0068036835,1000000,29,0,15.804978619585825,0
TZ-LOAN-10768,41.0,Dodoma,597166.2698120412,1500000,22,2,7.142083979905099,1
TZ-LOAN-10769,45.0,Dar es Salaam,674896.225643753,1000000,19,0,8.737720765541921,0
TZ-LOAN-10770,25.0,Dar es Salaam,610722.258462162,250000,15,0,1.9551910565224389,0
TZ-LOAN-10771,45.0,Mbeya,988471.9349806512,500000,27,1,2.3979366801416644,0
TZ-LOAN-10772,53.0,Arusha,387247.278051467,250000,28,1,3.861620646005301,0
TZ-LOAN-10773,43.0,Dar es Salaam,408260.1035347386,500000,26,0,3.0046357768055634,0
TZ-LOAN-10774,25.0,Dar es Salaam,953082.3760508047,250000,33,0,1.504794375311287,0
TZ-LOAN-10775,67.0,Arusha,636691.5633465315,500000,18,0,,0
TZ-LOAN-10776,45.0,Mbeya,1063540.2066361425,50000,30,0,9.431150095527569,0
TZ-LOAN-10777,45.0,Dodoma,448546.3379058363,250000,25,2,1.3589605755523406,0
TZ-LOAN-10778,54.0,Dodoma,633566.4918983525,250000,23,0,,0
TZ-LOAN-10779,58.0,Arusha,373276.104546814,500000,22,0,4.420158067895591,0
TZ-LOAN-10780,53.0,Dar es Salaam,652208.8044270702,100000,22,0,0.0632080923617555,0
TZ-LOAN-10781,44.0,Dodoma,206435.91890036035,100000,27,0,2.1243971184288197,0
TZ-LOAN-10782,34.0,Dar es Salaam,503709.97371351114,50000,18,0,,0
TZ-LOAN-10783,26.0,Mwanza,219123.84052156465,1000000,28,0,0.45931855027118074,1
TZ-LOAN-10784,50.0,Dar es Salaam,858176.9699573774,1000000,20,0,0.9860226428870773,0
TZ-LOAN-10785,37.0,Dodoma,,50000,24,0,3.312106886637381,0
TZ-LOAN-10786,30.0,Dar es Salaam,130921.18085469649,1000000,18,0,2.40058262215065,1
TZ-LOAN-10787,45.0,Dar es Salaam,1050165.723650172,1500000,22,3,0.8066932603998078,1
TZ-LOAN-10788,65.0,Mbeya,1399224.5379259563,1500000,30,2,2.5089612819781273,0
TZ-LOAN-10789,46.0,Mbeya,663801.9160209023,1500000,26,0,1.8144675613437333,0
TZ-LOAN-10790,30.0,Dar es Salaam,457665.72193260654,1500000,25,0,2.639485401252931,1
TZ-LOAN-10791,63.0,Arusha,1497299.1773009137,500000,25,0,0.9455883080411588,0
TZ-LOAN-10792,52.0,Arusha,254309.4505092468,100000,21,1,4.704339436231029,0
TZ-LOAN-10793,23.0,Arusha,656031.9400607295,50000,24,0,0.2277659787880741,0
TZ-LOAN-10794,35.0,Arusha,703886.681789577,500000,41,2,2.4541119115133583,0
TZ-LOAN-10795,68.0,Dodoma,1053544.2861357243,1500000,32,0,11.263533490726685,0
TZ-LOAN-10796,22.0,Arusha,757921.6925380365,50000,25,1,2.72079423401677,0
TZ-LOAN-10797,64.0,Dodoma,500409.8312634646,100000,25,0,2.908744076612887,0
TZ-LOAN-10798,42.0,Arusha,364644.68888361315,1000000,23,0,0.3521587508557667,1
TZ-LOAN-10799,19.0,Dar es Salaam,547453.4539261593,500000,14,0,4.648961025863936,0
TZ-LOAN-10800,27.0,Arusha,347921.79171645676,100000,17,1,13.775929140119938,0
TZ-LOAN-10801,47.0,Dar es Salaam,664347.5959354049,50000,24,0,1.7238052463676778,0
TZ-LOAN-10802,67.0,Dar es Salaam,480741.14604185405,250000,20,0,2.498205757381641,0
TZ-LOAN-10803,62.0,Mbeya,201788.6620130748,500000,26,1,4.435578730326968,1
TZ-LOAN-10804,22.0,Mwanza,1026543.7365124711,50000,24,0,0.4892283380960317,0
TZ-LOAN-10805,50.0,Mwanza,500698.24297128816,50000,20,0,15.007086911060735,0
TZ-LOAN-10806,18.0,Dar es Salaam,269558.95850740623,100000,37,0,3.1517697243007174,0
TZ-LOAN-10807,35.0,Mwanza,599522.2596537375,50000,32,0,0.6113822920537662,0
TZ-LOAN-10808,49.0,Mwanza,670511.4697902977,500000,35,0,2.041550185516195,0
TZ-LOAN-10809,64.0,Arusha,126059.98232628993,1500000,23,1,,1
TZ-LOAN-10810,66.0,Mwanza,749494.3001377288,500000,28,0,2.118482975657088,0
TZ-LOAN-10811,28.0,Mwanza,335852.7293929206,50000,25,0,5.908181486623915,0
TZ-LOAN-10812,38.0,Mwanza,1163308.6427572363,100000,23,0,2.1195768306128233,0
TZ-LOAN-10813,43.0,Mbeya,807188.1536230204,500000,26,0,1.9567310022598439,0
TZ-LOAN-10814,42.0,Mwanza,530030.002967205,250000,28,0,1.9436928267375198,0
TZ-LOAN-10815,39.0,Arusha,426449.66890479485,1500000,29,0,7.521978844812184,1
TZ-LOAN-10816,44.0,Dodoma,618509.6877309128,1000000,28,0,1.8436040366216337,0
TZ-LOAN-10817,66.0,Mbeya,833837.2224749869,100000,29,0,0.07048495072952035,0
TZ-LOAN-10818,30.0,Arusha,642351.7614244401,100000,24,0,2.274866855568891,0
TZ-LOAN-10819,50.0,Dar es Salaam,584852.357858943,1000000,12,0,1.6302934889353309,0
TZ-LOAN-10820,51.0,Arusha,667511.0872453687,1000000,27,0,,0
TZ-LOAN-10821,58.0,Dodoma,468842.3206289136,500000,23,0,3.2495398362886374,0
TZ-LOAN-10822,52.0,Mbeya,547038.2219470887,50000,25,2,1.3366224019915984,0
TZ-LOAN-10823,18.0,Dodoma,24262.268328498816,50000,24,0,19.97249919410969,1
TZ-LOAN-10824,38.0,Dar es Salaam,942117.8692557104,250000,25,0,1.4167522070005814,0
TZ-LOAN-10825,65.0,Dar es Salaam,739639.3340965286,1500000,20,0,7.198985105041048,0
TZ-LOAN-10826,23.0,Dar es Salaam,417963.24678997096,50000,28,0,5.242695016402365,0
TZ-LOAN-10827,45.0,Arusha,1219620.4944065716,250000,25,0,3.101603864916992,0
TZ-LOAN-10828,34.0,Arusha,676104.9441177159,250000,32,0,2.6029919647608524,0
TZ-LOAN-10829,22.0,Mwanza,339156.92840744095,100000,22,0,,0
TZ-LOAN-10830,48.0,Dar es Salaam,907021.2264411375,100000,30,0,3.222569796946745,0
TZ-LOAN-10831,22.0,Dodoma,769414.4649527788,1500000,33,2,2.3528760766891383,1
TZ-LOAN-10832,55.0,Dar es Salaam,,500000,22,1,2.1867158215158256,0
TZ-LOAN-10833,20.0,Mbeya,522273.31860452285,1000000,29,0,1.6139079470247726,0
TZ-LOAN-10834,40.0,Arusha,785148.7171334104,1000000,38,0,2.629408258686363,0
TZ-LOAN-10835,54.0,Dar es Salaam,571472.5129336716,1500000,21,0,0.6387009003517619,1
TZ-LOAN-10836,54.0,Mwanza,816782.4354937526,250000,21,0,0.3367017208416474,0
TZ-LOAN-10837,27.0,Dar es Salaam,78516.66379680834,1500000,33,0,3.8986208594580427,1
TZ-LOAN-10838,27.0,Mwanza,519837.96110624325,1000000,26,0,3.028077042420712,0
TZ-LOAN-10839,36.0,Arusha,1166646.5293424584,250000,21,0,0.952125186863142,0
TZ-LOAN-10840,34.0,Arusha,419879.76337990985,1000000,28,0,0.5647193683979825,0
TZ-LOAN-10841,38.0,Mwanza,468848.51075204404,500000,24,0,0.7731461761480483,0
TZ-LOAN-10842,31.0,Mbeya,515611.5984650075,100000,22,0,1.8934671891050399,0
TZ-LOAN-10843,26.0,Arusha,285558.159233407,100000,20,0,3.0027002307467656,0
TZ-LOAN-10844,63.0,Mwanza,-12484.232868475607,250000,27,1,1.0743277268830467,0
TZ-LOAN-10845,18.0,Arusha,580824.0804429161,1500000,16,0,7.045256416248248,1
TZ-LOAN-10846,68.0,Dar es Salaam,690757.8272244971,1000000,26,0,1.0741682413672173,0
TZ-LOAN-10847,62.0,Dodoma,634248.4794384043,50000,24,1,0.6626677386387853,0
TZ-LOAN-10848,30.0,Mbeya,606536.431415634,500000,19,0,26.065167532396835,0
TZ-LOAN-10849,21.0,Dodoma,662912.2612551163,1000000,37,0,2.968424193956703,0
TZ-LOAN-10850,18.0,Mbeya,956852.4414652293,50000,25,0,0.9316901631866523,0
TZ-LOAN-10851,66.0,Dar es Salaam,,500000,13,3,11.247921317497298,1
TZ-LOAN-10852,57.0,Mwanza,477775.22687381913,500000,23,2,1.3139173214398778,0
TZ-LOAN-10853,49.0,Mwanza,565662.3545335741,100000,29,0,12.990149781060985,0
TZ-LOAN-10854,51.0,Mwanza,823804.0279270327,250000,18,0,0.6332661001661012,0
TZ-LOAN-10855,45.0,Dar es Salaam,1073608.0635629748,1000000,23,0,9.219940613219597,0
TZ-LOAN-10856,48.0,Dodoma,461556.8782492465,500000,25,0,1.0183415830170852,0
TZ-LOAN-10857,25.0,Arusha,679680.1361086651,1000000,25,0,13.930408609582143,0
TZ-LOAN-10858,56.0,Mwanza,,500000,24,1,4.269440137915797,0
TZ-LOAN-10859,43.0,Arusha,352226.5979813531,1500000,15,1,1.0530724426592806,1
TZ-LOAN-10860,51.0,Dodoma,656125.1501638754,100000,23,1,9.315849476799794,0
TZ-LOAN-10861,20.0,Arusha,,250000,35,0,2.476205086797861,0
TZ-LOAN-10862,67.0,Arusha,119284.90887818043,50000,22,1,6.5990403392786146,0
TZ-LOAN-10863,29.0,Arusha,,50000,23,0,5.156273870030735,0
TZ-LOAN-10864,18.0,Dar es Salaam,534837.5776007652,1500000,21,0,6.263968987497864,1
TZ-LOAN-10865,61.0,Dodoma,710684.1222863657,100000,14,0,2.105799861873058,0
TZ-LOAN-10866,22.0,Arusha,644631.506897495,500000,20,1,13.970123169550856,0
TZ-LOAN-10867,47.0,Mwanza,357079.9854008608,100000,28,0,4.102779873870151,0
TZ-LOAN-10868,47.0,Mwanza,636423.7094106991,250000,28,3,0.40366803557773784,0
TZ-LOAN-10869,34.0,Dodoma,,50000,33,0,0.34532512416452565,0
TZ-LOAN-10870,65.0,Dar es Salaam,1067291.7074004202,1000000,19,0,6.701438008493278,0
TZ-LOAN-10871,64.0,Arusha,243208.89654201083,50000,23,0,9.484747868700028,0
TZ-LOAN-10872,40.0,Dar es Salaam,591264.4187094256,250000,20,0,5.9418037964537875,0
TZ-LOAN-10873,32.0,Dodoma,337318.52358582546,500000,25,0,1.6251706893082651,0
TZ-LOAN-10874,54.0,Mbeya,821126.3520082387,100000,23,0,1.2802966616747382,0
TZ-LOAN-10875,38.0,Mwanza,550570.5886155491,50000,28,0,4.167067029675078,0
TZ-LOAN-10876,31.0,Arusha,494399.98411363695,50000,21,0,1.0956300250815378,0
TZ-LOAN-10877,19.0,Arusha,905960.4635154663,1000000,28,1,2.3829242419543863,0
TZ-LOAN-10878,28.0,Dodoma,658829.1775032657,100000,26,0,4.953606507237448,0
TZ-LOAN-10879,68.0,Dodoma,804993.3337807902,1000000,22,0,1.6767436959302862,0
TZ-LOAN-10880,56.0,Dar es Salaam,355602.21904476057,1000000,34,0,2.3535307534465937,1
TZ-LOAN-10881,55.0,Mwanza,228554.91682174796,500000,30,0,2.2354832048182445,0
TZ-LOAN-10882,51.0,Dar es Salaam,682162.3886120401,50000,28,2,3.0857804081425417,0
TZ-LOAN-10883,55.0,Dodoma,554346.0933515807,1500000,20,0,5.609811308558422,1
TZ-LOAN-10884,67.0,Mwanza,837930.4017361833,100000,26,0,7.624315962997946,0
TZ-LOAN-10885,51.0,Dodoma,626027.4642012351,500000,27,1,5.4693549243779245,0
TZ-LOAN-10886,35.0,Dar es Salaam,711522.601770389,1500000,19,2,,1
TZ-LOAN-10887,47.0,Dar es Salaam,162985.24101762695,500000,26,1,11.35735571418044,1
TZ-LOAN-10888,32.0,Dar es Salaam,1216531.081884277,500000,31,0,4.35167511385733,0
TZ-LOAN-10889,44.0,Mbeya,600727.4044903904,250000,17,3,12.644072870511119,1
TZ-LOAN-10890,68.0,Dar es Salaam,859276.0911017597,250000,25,0,16.603475786959475,0
TZ-LOAN-10891,51.0,Arusha,399172.498934112,500000,23,0,3.1541191422381636,0
TZ-LOAN-10892,69.0,Dar es Salaam,742402.9706652022,250000,30,0,12.406501947018802,0
TZ-LOAN-10893,55.0,Dodoma,259146.5709425764,100000,22,0,2.273688851461673,0
TZ-LOAN-10894,50.0,Dar es Salaam,785620.3514779013,50000,20,2,,0
TZ-LOAN-10895,41.0,Dodoma,543207.7746842501,1500000,30,1,0.3824092521617096,1
TZ-LOAN-10896,32.0,Dodoma,658757.1511806702,100000,29,1,3.0058532492909813,0
TZ-LOAN-10897,47.0,Mwanza,859392.2090390292,50000,22,0,5.834786735216139,0
TZ-LOAN-10898,59.0,Mbeya,280237.90663391596,250000,24,2,18.825708045291897,1
TZ-LOAN-10899,68.0,Dodoma,444652.4808161609,1500000,33,0,3.6835028208093656,1
TZ-LOAN-10900,34.0,Dodoma,787197.2843260297,100000,16,0,6.630228236753785,0
TZ-LOAN-10901,22.0,Arusha,1279466.442364024,1000000,19,0,11.323901551446621,0
TZ-LOAN-10902,46.0,Dar es Salaam,608575.2996015555,500000,31,0,3.9173872188941927,0
TZ-LOAN-10903,21.0,Mbeya,827340.8353771798,50000,17,0,0.9121995171998951,0
TZ-LOAN-10904,27.0,Mbeya,617908.559042456,50000,20,2,9.42623425828692,0
TZ-LOAN-10905,34.0,Mwanza,1232673.6784268897,1000000,22,0,4.26861888502391,0
TZ-LOAN-10906,27.0,Dodoma,125833.4999104233,1000000,30,2,7.104661943751232,1
TZ-LOAN-10907,34.0,Dodoma,678386.3134008074,500000,27,0,5.371714843090856,0
TZ-LOAN-10908,37.0,Arusha,162336.7899313817,250000,23,0,0.31489871631483835,0
TZ-LOAN-10909,41.0,Mbeya,-101971.47116101498,100000,29,0,0.9263191870765796,0
TZ-LOAN-10910,22.0,Dar es Salaam,,100000,23,2,1.6861108559147122,0
TZ-LOAN-10911,51.0,Mwanza,691849.3388442376,100000,27,0,1.675320881853586,0
TZ-LOAN-10912,23.0,Mwanza,564548.9186773396,250000,24,0,9.137898253270379,0
TZ-LOAN-10913,19.0,Mwanza,618141.7729880741,500000,25,0,4.559493967540071,0
TZ-LOAN-10914,30.0,Mwanza,1579489.8302213773,100000,26,0,0.4352859955288372,0
TZ-LOAN-10915,60.0,Mbeya,572547.4585905697,50000,27,0,2.448571665213592,0
TZ-LOAN-10916,60.0,Dodoma,803037.3083750225,50000,26,0,4.06337890528646,0
TZ-LOAN-10917,65.0,Mbeya,455190.5541158357,50000,15,0,1.4484392799049886,0
TZ-LOAN-10918,28.0,Dar es Salaam,738569.772512181,1000000,29,0,0.20324492308580622,0
TZ-LOAN-10919,68.0,Mwanza,578529.8974833147,1000000,26,0,2.3923063868810037,0
TZ-LOAN-10920,64.0,Mbeya,526844.455181081,250000,20,1,3.0919511719632227,0
TZ-LOAN-10921,40.0,Dar es Salaam,1195669.5596600976,100000,28,0,11.757035738914912,0
TZ-LOAN-10922,33.0,Arusha,1003155.4889553017,1000000,31,0,,0
TZ-LOAN-10923,48.0,Mwanza,691023.9942197693,50000,17,0,3.4697622474029006,0
TZ-LOAN-10924,28.0,Dodoma,-41263.58078319009,1000000,20,2,3.1885108787038345,0
TZ-LOAN-10925,33.0,Dodoma,541697.2330242291,50000,23,0,5.11523415843496,0
TZ-LOAN-10926,25.0,Dodoma,1460908.269321525,100000,22,0,1.4928662761902003,0
TZ-LOAN-10927,21.0,Dar es Salaam,580801.5000080876,250000,22,1,1.6823604349476509,0
TZ-LOAN-10928,57.0,Mbeya,980965.2716160974,500000,25,1,0.012805646305442089,0
TZ-LOAN-10929,21.0,Mwanza,1082582.7205857802,500000,31,0,0.40719941449995795,0
TZ-LOAN-10930,42.0,Mwanza,715689.1747567925,50000,24,3,0.9831388093779169,0
TZ-LOAN-10931,20.0,Mwanza,397453.51043955435,1000000,22,0,5.11621726435187,1
TZ-LOAN-10932,49.0,Mwanza,-80593.6995348665,1000000,28,3,1.195458096608777,0
TZ-LOAN-10933,20.0,Arusha,855248.9625826863,50000,30,0,0.6623969012037743,0
TZ-LOAN-10934,44.0,Mwanza,405573.19915293553,100000,27,0,4.789532964241242,0
TZ-LOAN-10935,46.0,Arusha,702845.1355663077,50000,29,1,5.274173670241358,0
TZ-LOAN-10936,49.0,Mbeya,275053.89812319074,100000,16,0,0.3076386411684811,0
TZ-LOAN-10937,67.0,Dodoma,570428.7378589393,250000,17,0,7.411782044720234,0
TZ-LOAN-10938,68.0,Arusha,660115.7164703159,250000,24,0,4.659015514784405,0
TZ-LOAN-10939,36.0,Dodoma,730578.0743132894,50000,28,0,2.5297330904854434,0
TZ-LOAN-10940,38.0,Dodoma,315553.3437942757,250000,23,0,20.426614449998777,0
TZ-LOAN-10941,22.0,Dar es Salaam,1009073.2846284057,1000000,19,0,0.051258613325519994,0
TZ-LOAN-10942,35.0,Arusha,470931.5645804086,100000,28,0,3.9356602006068213,0
TZ-LOAN-10943,45.0,Mwanza,147659.1618640264,500000,27,0,0.87000182312373,1
TZ-LOAN-10944,59.0,Dar es Salaam,617292.9740109609,500000,28,0,1.997410969209958,0
TZ-LOAN-10945,39.0,Mwanza,660312.592707938,250000,30,0,0.7147482187021464,0
TZ-LOAN-10946,38.0,Dodoma,698176.829951528,100000,26,0,5.516333190966418,0
TZ-LOAN-10947,23.0,Dar es Salaam,1058639.7211055239,1000000,30,0,2.5672419126470833,0
TZ-LOAN-10948,18.0,Mwanza,579065.3489792421,500000,24,1,21.451614998114657,0
TZ-LOAN-10949,22.0,Mwanza,614114.1126893687,1000000,22,0,5.3043737200146275,0
TZ-LOAN-10950,58.0,Mbeya,319044.68563007197,1000000,25,0,12.464783858876912,1
TZ-LOAN-10951,29.0,Dar es Salaam,896166.0508663692,500000,18,0,1.377629217439569,0
TZ-LOAN-10952,43.0,Dar es Salaam,705292.7192234311,500000,31,1,,0
TZ-LOAN-10953,63.0,Dodoma,523991.6818117512,250000,19,0,2.2524345432635067,0
TZ-LOAN-10954,51.0,Dodoma,78597.59196036088,100000,21,0,9.116715542144027,0
TZ-LOAN-10955,66.0,Dar es Salaam,1083323.6585165262,50000,21,3,1.1892290718166445,0
TZ-LOAN-10956,31.0,Mbeya,,100000,16,0,14.661044279762166,0
TZ-LOAN-10957,43.0,Mbeya,472616.5971890883,50000,17,1,0.22278589683016492,0
TZ-LOAN-10958,62.0,Dodoma,757503.353322801,500000,28,0,11.029924835444941,0
TZ-LOAN-10959,44.0,Arusha,291032.62141499406,1000000,15,0,3.002054992152676,1
TZ-LOAN-10960,26.0,Mwanza,201947.06652405695,100000,22,0,3.7316643122823567,0
TZ-LOAN-10961,43.0,Dodoma,12815.72518980049,1000000,23,0,29.756303300227366,1
TZ-LOAN-10962,64.0,Mbeya,866299.0858716908,100000,27,0,10.202949880512797,0
TZ-LOAN-10963,39.0,Dar es Salaam,486444.12658210343,1500000,24,0,11.71816008834923,1
TZ-LOAN-10964,64.0,Mbeya,1528181.027741999,100000,19,0,4.403833812402561,0
TZ-LOAN-10965,47.0,Dar es Salaam,351693.48031073797,1000000,19,1,15.656818783405239,1
TZ-LOAN-10966,60.0,Dodoma,373564.6929713236,1500000,18,1,5.820643360978677,1
TZ-LOAN-10967,65.0,Mwanza,480382.10891437955,250000,30,0,8.555333454182694,0
TZ-LOAN-10968,34.0,Mwanza,722940.3965415467,500000,26,0,6.381533175029663,0
TZ-LOAN-10969,43.0,Dodoma,508938.99836440664,250000,30,0,7.591464493213982,0
TZ-LOAN-10970,53.0,Mwanza,833699.6642007537,250000,26,0,5.0801541767389065,0
TZ-LOAN-10971,18.0,Mwanza,356423.4830034037,100000,29,0,6.480597932355824,0
TZ-LOAN-10972,25.0,Arusha,235522.48446092568,500000,20,0,2.8629597578089316,0
TZ-LOAN-10973,66.0,Arusha,110535.5781772678,1500000,31,0,6.135650951144214,1
TZ-LOAN-10974,52.0,Arusha,-17072.250381159014,100000,24,0,1.6204203066889358,0
TZ-LOAN-10975,69.0,Dar es Salaam,494579.294157483,50000,34,0,5.038478602912201,0
TZ-LOAN-10976,32.0,Arusha,559705.9062820334,100000,24,0,3.709087301023708,0
TZ-LOAN-10977,64.0,Dodoma,460568.89175504504,1500000,25,2,11.440335809544475,1
TZ-LOAN-10978,39.0,Arusha,1023021.7391561486,1000000,22,0,5.59238409285494,0
TZ-LOAN-10979,31.0,Dodoma,1018409.0628824405,100000,33,0,4.539387842773345,0
TZ-LOAN-10980,43.0,Arusha,549559.1037666495,50000,29,0,1.877644291273677,0
TZ-LOAN-10981,45.0,Mwanza,111823.66604241112,100000,19,0,9.931720614675967,0
TZ-LOAN-10982,40.0,Arusha,479988.46758348413,1500000,28,0,0.2783970766407948,1
TZ-LOAN-10983,31.0,Dodoma,470053.58182488155,50000,29,0,11.500492526187358,0
TZ-LOAN-10984,41.0,Dodoma,452859.51131658256,500000,25,0,5.291829509046156,0
TZ-LOAN-10985,19.0,Dodoma,440684.32883052656,1500000,22,0,1.0504740168787399,1
TZ-LOAN-10986,62.0,Arusha,453961.13128255785,100000,25,0,11.66498967248376,0
TZ-LOAN-10987,43.0,Dar es Salaam,534037.5152306721,50000,29,0,1.9752524984836204,0
TZ-LOAN-10988,31.0,Dodoma,459337.670355333,1500000,26,1,0.9212526598600796,1
TZ-LOAN-10989,68.0,Dar es Salaam,712496.7525876777,500000,24,0,1.9220373845079246,0
TZ-LOAN-10990,24.0,Arusha,758110.6147714583,1000000,27,0,16.23024964162965,0
TZ-LOAN-10991,20.0,Dar es Salaam,376806.47384525306,250000,25,1,6.9869484221299185,0
TZ-LOAN-10992,64.0,Dar es Salaam,1031319.59780211,50000,26,0,12.432126942712731,0
TZ-LOAN-10993,40.0,Dodoma,355981.30944781576,1000000,25,0,1.7753242768403819,1
TZ-LOAN-10994,63.0,Arusha,164659.81585539883,500000,33,0,0.43018260246185613,1
TZ-LOAN-10995,60.0,Dodoma,764233.4214095155,1000000,27,0,4.136310596385727,0
TZ-LOAN-10996,64.0,Mwanza,404777.55967569805,100000,30,1,3.298569501147128,0
TZ-LOAN-10997,62.0,Mbeya,746387.4412272164,250000,20,0,6.375639770402377,0
TZ-LOAN-10998,35.0,Dar es Salaam,-71100.58033015917,50000,26,0,3.9118068798059924,0
TZ-LOAN-10999,55.0,Arusha,1067736.7824449204,1500000,24,0,2.5247709344845055,0
TZ-LOAN-11000,52.0,Dar es Salaam,851688.0224121206,500000,22,0,0.02348433554886991,0
TZ-LOAN-11001,68.0,Arusha,199857.0352510995,250000,20,0,3.1531775455293145,0
TZ-LOAN-11002,32.0,Dodoma,-150000.0,500000,31,1,0.6428205804200992,1
TZ-LOAN-11003,42.0,Mbeya,1151679.7712292583,1000000,30,0,12.755302973852963,0
TZ-LOAN-11004,54.0,Mbeya,428786.0289506124,500000,11,0,12.736442644688209,0
TZ-LOAN-11005,45.0,Mbeya,399744.54538021283,500000,29,0,8.139257212987474,0
TZ-LOAN-11006,27.0,Mbeya,-29815.628244784777,1000000,27,0,0.8590846261477505,0
TZ-LOAN-11007,56.0,Dar es Salaam,544766.5383195337,1000000,23,0,0.7975514982897679,0
TZ-LOAN-11008,34.0,Arusha,,250000,22,1,4.1426612652871935,0
TZ-LOAN-11009,56.0,Mwanza,864647.9290308456,50000,23,3,6.499881889167004,0
TZ-LOAN-11010,39.0,Arusha,230276.47154465737,1000000,32,0,11.745201578743213,1
TZ-LOAN-11011,43.0,Dar es Salaam,193913.9623278171,250000,24,0,11.223202671700461,0
TZ-LOAN-11012,61.0,Dodoma,785288.790432943,500000,33,1,0.8440319817326081,0
TZ-LOAN-11013,42.0,Mwanza,952019.0213681194,500000,24,1,26.989528506949622,0
TZ-LOAN-11014,34.0,Mwanza,178654.2946646351,1500000,23,2,0.8527405722761412,1
TZ-LOAN-11015,30.0,Mwanza,974454.2258899224,100000,21,0,9.166604012734602,0
TZ-LOAN-11016,37.0,Dar es Salaam,,1000000,23,0,4.4208793464690865,0
TZ-LOAN-11017,42.0,Mbeya,977541.6017223937,250000,25,0,5.670469004926854,0
TZ-LOAN-11018,21.0,Mbeya,628933.891544715,1500000,28,0,4.631349002251753,0
TZ-LOAN-11019,27.0,Mbeya,-106683.37524638511,250000,27,0,10.188889935037293,0
TZ-LOAN-11020,20.0,Arusha,604409.7853051884,50000,25,0,5.068107892091391,0
TZ-LOAN-11021,58.0,Mbeya,,1500000,24,0,9.441257844986508,0
TZ-LOAN-11022,62.0,Mwanza,381876.1942748857,250000,28,0,0.8383548852375275,0
TZ-LOAN-11023,35.0,Mbeya,,1000000,22,0,10.076017731462963,0
TZ-LOAN-11024,64.0,Mwanza,597159.9489347065,250000,19,0,24.7759937747154,0
TZ-LOAN-11025,53.0,Mwanza,,100000,21,0,5.416256303354094,0
TZ-LOAN-11026,64.0,Arusha,1151404.2726312429,500000,21,1,18.724309003549084,0
TZ-LOAN-11027,39.0,Mbeya,379587.29603084765,500000,28,0,1.2415603045450938,0
TZ-LOAN-11028,51.0,Dodoma,801720.6297418397,1500000,26,0,8.838743845819764,0
TZ-LOAN-11029,64.0,Mbeya,623989.6591555374,250000,17,0,0.9259101203808834,0
TZ-LOAN-11030,25.0,Dodoma,1027285.7169078081,250000,22,2,3.6277606085621765,0
TZ-LOAN-11031,57.0,Arusha,771816.8367284243,250000,26,0,5.453741328580204,0
TZ-LOAN-11032,66.0,Dar es Salaam,579522.7185437076,250000,30,0,5.397906440489737,0
TZ-LOAN-11033,61.0,Arusha,381945.47224421595,100000,17,2,5.556374741867672,0
TZ-LOAN-11034,36.0,Arusha,889355.2104146417,1000000,26,2,1.9351162446010801,1
TZ-LOAN-11035,59.0,Dodoma,87967.60881361493,100000,21,0,18.194944146574123,0
TZ-LOAN-11036,58.0,Arusha,843767.1260827677,100000,36,0,0.032872795605467076,0
TZ-LOAN-11037,54.0,Mwanza,320286.5745335382,100000,29,2,4.851074903956539,0
TZ-LOAN-11038,23.0,Arusha,1025685.098586992,500000,16,3,10.053673080532509,1
TZ-LOAN-11039,69.0,Arusha,698389.8627988085,100000,21,0,11.087232579104288,0
TZ-LOAN-11040,43.0,Dodoma,843237.1303550326,250000,22,0,6.36849760721641,0
TZ-LOAN-11041,51.0,Arusha,674596.6441474158,100000,20,0,4.276121679736313,0
TZ-LOAN-11042,62.0,Arusha,124286.87145770097,250000,18,0,3.0563159753914433,0
TZ-LOAN-11043,23.0,Mbeya,391781.2509813985,1500000,31,0,2.984786892458873,1
TZ-LOAN-11044,54.0,Mwanza,851716.8012834147,1000000,15,0,2.767788277683062,0
TZ-LOAN-11045,50.0,Mwanza,699996.7452079532,500000,31,2,6.018075130921988,0
TZ-LOAN-11046,39.0,Mwanza,1004296.9715917016,1000000,19,0,6.569095339855744,0
TZ-LOAN-11047,38.0,Arusha,770982.3689111515,1500000,21,2,3.6155825280348752,1
TZ-LOAN-11048,23.0,Mwanza,359989.4327892021,1000000,26,1,6.751003528325462,1
TZ-LOAN-11049,23.0,Mbeya,411180.7586838098,500000,19,1,3.758705634080399,0
TZ-LOAN-11050,65.0,Dar es Salaam,680875.2171569711,250000,23,0,0.5121114215638649,0
TZ-LOAN-11051,21.0,Dar es Salaam,-44213.21980003163,1500000,17,0,9.539727498145801,0
TZ-LOAN-11052,47.0,Mbeya,1152032.5656868955,1500000,24,0,10.219617299900555,0
TZ-LOAN-11053,28.0,Dar es Salaam,782524.0209132672,250000,21,2,1.5493740472125752,0
TZ-LOAN-11054,47.0,Dar es Salaam,1018110.3791146617,250000,31,0,7.71903309742525,0
TZ-LOAN-11055,48.0,Dodoma,175818.8177572493,500000,26,0,3.578712706668604,1
TZ-LOAN-11056,41.0,Arusha,1023369.5481065768,100000,28,0,0.662101080327193,0
TZ-LOAN-11057,26.0,Dodoma,1319449.6733083245,50000,24,0,2.5374783356277493,0
TZ-LOAN-11058,20.0,Dodoma,253736.4933868047,100000,28,2,0.39820371635932594,0
TZ-LOAN-11059,68.0,Mbeya,881420.53847113,100000,26,0,7.71981935872655,0
TZ-LOAN-11060,48.0,Dar es Salaam,650332.983406188,1000000,18,0,1.0922321427723691,0
TZ-LOAN-11061,57.0,Mbeya,186669.84552552673,50000,22,0,0.8979777852189429,0
TZ-LOAN-11062,54.0,Mwanza,797865.1915555609,250000,24,1,1.16936472693323,0
TZ-LOAN-11063,53.0,Dodoma,900080.9614512045,100000,27,0,1.2817634341271256,0
TZ-LOAN-11064,41.0,Dar es Salaam,469662.034199346,500000,17,2,5.603556122177663,1
TZ-LOAN-11065,48.0,Arusha,999774.9560765668,100000,24,0,5.088863091707952,0
TZ-LOAN-11066,23.0,Dodoma,149970.9779632407,250000,30,0,0.6924992843428681,0
TZ-LOAN-11067,19.0,Dar es Salaam,201573.15606510674,100000,33,0,6.444371790110457,0
TZ-LOAN-11068,37.0,Mwanza,690979.2186766258,1500000,22,0,2.146666782539248,0
TZ-LOAN-11069,45.0,Mbeya,657615.5833916815,1000000,22,0,3.0575846442328567,0
TZ-LOAN-11070,28.0,Dar es Salaam,435027.9534727684,1000000,25,0,0.6668567975497265,0
TZ-LOAN-11071,21.0,Dar es Salaam,892878.3307915658,100000,21,0,6.165739030829485,0
TZ-LOAN-11072,32.0,Dodoma,-150000.0,1000000,25,0,2.359804895666392,0
TZ-LOAN-11073,23.0,Dar es Salaam,907441.7212802048,500000,21,0,5.000122928272283,0
TZ-LOAN-11074,66.0,Mwanza,613059.0693943197,50000,31,0,2.7862761470089543,0
TZ-LOAN-11075,47.0,Arusha,830774.0803935023,100000,31,0,0.25051633299344406,0
TZ-LOAN-11076,55.0,Mwanza,516304.9090910016,500000,22,0,,0
TZ-LOAN-11077,68.0,Dar es Salaam,1266145.6070259786,1500000,21,0,4.020484883108374,0
TZ-LOAN-11078,19.0,Arusha,406236.26896340423,500000,31,0,2.8479700939814077,0
TZ-LOAN-11079,32.0,Mwanza,1281589.2288374938,500000,20,0,1.1254271195688763,0
TZ-LOAN-11080,28.0,Arusha,660466.3841268226,1500000,24,0,4.895396789118175,0
TZ-LOAN-11081,25.0,Dodoma,237346.7331293772,250000,33,0,1.6092800053631207,0
TZ-LOAN-11082,43.0,Dar es Salaam,,100000,20,0,2.803356837294433,0
TZ-LOAN-11083,150.0,Arusha,687770.4165184877,100000,29,2,0.29071585971588704,0
TZ-LOAN-11084,62.0,Mbeya,905337.2295140714,100000,25,2,7.497237069828636,0
TZ-LOAN-11085,61.0,Dodoma,1017156.775562778,50000,17,0,0.47175715105798327,0
TZ-LOAN-11086,22.0,Dar es Salaam,751386.6662435075,500000,25,0,11.074684951280904,0
TZ-LOAN-11087,23.0,Dodoma,,100000,26,0,10.108679774085513,0
TZ-LOAN-11088,43.0,Mbeya,942714.0133007751,1000000,26,0,17.71782561194335,0
TZ-LOAN-11089,21.0,Dar es Salaam,650226.6522363786,250000,23,0,11.9538717882841,0
TZ-LOAN-11090,36.0,Dodoma,855757.3455825257,1500000,21,0,17.773081134587297,0
TZ-LOAN-11091,37.0,Dodoma,3880.827862561564,1500000,21,0,10.914075459960728,1
TZ-LOAN-11092,50.0,Arusha,784094.5151029555,50000,22,0,0.5967822675103811,0
TZ-LOAN-11093,37.0,Arusha,458424.252456491,1500000,18,0,2.878437547172344,1
TZ-LOAN-11094,66.0,Dodoma,1145992.891153559,250000,20,1,0.3960622219983374,0
TZ-LOAN-11095,29.0,Arusha,836926.2043667285,500000,19,0,3.94056737097219,0
TZ-LOAN-11096,64.0,Dar es Salaam,721957.323754789,1500000,26,0,3.772525946910847,0
TZ-LOAN-11097,18.0,Arusha,795892.9980050665,1500000,23,0,12.766678694340872,0
TZ-LOAN-11098,43.0,Dar es Salaam,350467.7441369845,1000000,21,0,17.482170764777003,1
TZ-LOAN-11099,31.0,Dar es Salaam,1136977.007158416,500000,26,0,1.5031209531601872,0
TZ-LOAN-11100,55.0,Dar es Salaam,1247411.1255250713,100000,19,0,4.365112855443202,0
TZ-LOAN-11101,54.0,Dar es Salaam,767874.0531644649,250000,20,0,3.1222284610322024,0
TZ-LOAN-11102,28.0,Dodoma,1127121.0705720917,1500000,24,0,3.9563936054607094,0
TZ-LOAN-11103,53.0,Mwanza,479255.54039823986,1000000,30,0,3.7935307918810253,0
TZ-LOAN-11104,30.0,Mwanza,410865.9301325058,250000,42,2,12.274278243634274,0
TZ-LOAN-11105,60.0,Dar es Salaam,662277.4246186769,50000,29,0,11.322872445768885,0
TZ-LOAN-11106,20.0,Mwanza,780482.3115103696,1000000,31,0,0.6547404151465017,0
TZ-LOAN-11107,50.0,Dar es Salaam,531803.9956270639,50000,23,1,2.1164413440972454,0
TZ-LOAN-11108,23.0,Mwanza,811330.4571105451,1500000,20,0,,0
TZ-LOAN-11109,67.0,Mbeya,741916.8446220242,1000000,25,0,5.759861309462279,0
TZ-LOAN-11110,27.0,Arusha,350507.96741268353,100000,24,0,4.987403010314345,0
TZ-LOAN-11111,22.0,Mwanza,805637.9052355164,250000,20,0,25.42445016303806,0
TZ-LOAN-11112,40.0,Dar es Salaam,909058.4727564564,250000,25,0,2.0544117040019896,0
TZ-LOAN-11113,27.0,Arusha,701440.7952771173,500000,24,0,3.6205965749792286,0
TZ-LOAN-11114,61.0,Arusha,995794.4309785077,1000000,22,0,19.35209616318675,0
TZ-LOAN-11115,19.0,Dodoma,284778.86195091443,1000000,32,0,5.94627946655883,1
TZ-LOAN-11116,30.0,Dodoma,790385.1266395556,50000,29,1,5.230292823450887,0
TZ-LOAN-11117,57.0,Mwanza,298915.78808096756,1000000,25,0,0.8405978607684296,1
TZ-LOAN-11118,19.0,Dodoma,315775.5925300738,250000,28,0,,0
TZ-LOAN-11119,37.0,Dar es Salaam,460720.749878663,1000000,22,1,2.3698429115620887,1
TZ-LOAN-11120,18.0,Dodoma,367381.9449277265,500000,28,0,3.126013896019624,0
TZ-LOAN-11121,54.0,Mbeya,485601.25437765865,500000,27,1,3.4379158391884834,0
TZ-LOAN-11122,26.0,Mwanza,585754.9067866434,250000,27,1,11.620942957340688,0
TZ-LOAN-11123,34.0,Arusha,901146.3458994153,250000,18,3,0.5670305614920733,1
TZ-LOAN-11124,26.0,Arusha,553652.2883882893,250000,24,0,1.4274395406304494,0
TZ-LOAN-11125,28.0,Mbeya,174312.28796912218,1000000,23,0,0.775285973638049,1
TZ-LOAN-11126,32.0,Dar es Salaam,,1000000,27,0,6.645993454911308,0
TZ-LOAN-11127,41.0,Arusha,398872.95991548814,100000,30,0,17.630369017174726,0
TZ-LOAN-11128,55.0,Mbeya,632383.8718686114,1500000,26,0,,1
TZ-LOAN-11129,52.0,Dodoma,783960.9520822135,1500000,29,0,6.424120853367921,0
TZ-LOAN-11130,47.0,Mwanza,,50000,26,0,0.10878898824257463,0
TZ-LOAN-11131,48.0,Mbeya,978253.8642564426,1000000,21,0,2.1311271246935184,0
TZ-LOAN-11132,66.0,Mbeya,793700.9430178277,100000,19,0,9.961479368638885,0
TZ-LOAN-11133,22.0,Dodoma,391607.1260908676,100000,28,0,5.293164902578975,0
TZ-LOAN-11134,61.0,Dar es Salaam,1303568.6521974986,500000,22,0,1.1760890208585326,0
TZ-LOAN-11135,67.0,Dodoma,708300.03900147,1000000,24,0,3.1413604678531106,0
TZ-LOAN-11136,31.0,Dodoma,605797.9320135481,100000,28,0,0.4601276250182722,0
TZ-LOAN-11137,28.0,Arusha,939177.6269166713,500000,26,0,3.6782021936157987,0
TZ-LOAN-11138,26.0,Mbeya,724835.2837790217,50000,29,0,11.564614102478782,0
TZ-LOAN-11139,51.0,Mbeya,,500000,28,0,0.19744174577523288,0
TZ-LOAN-11140,29.0,Dodoma,1397655.199580206,50000,21,0,4.758184629431348,0
TZ-LOAN-11141,52.0,Dodoma,567463.571523486,1500000,23,2,1.327011911378853,1
TZ-LOAN-11142,52.0,Mbeya,554671.7317947813,1500000,36,0,23.222192034354276,1
TZ-LOAN-11143,18.0,Mbeya,684973.5536037391,250000,23,1,0.33658773904022166,0
TZ-LOAN-11144,57.0,Mbeya,971454.7806743116,250000,25,3,4.8024068534592,1
TZ-LOAN-11145,39.0,Dar es Salaam,198039.79094288027,500000,18,0,1.4810630227268307,1
TZ-LOAN-11146,46.0,Dodoma,60333.23255704844,250000,25,0,10.705013167524466,1
TZ-LOAN-11147,25.0,Dodoma,473865.41881395574,1000000,22,2,0.650143666742899,1
TZ-LOAN-11148,28.0,Arusha,,500000,24,0,2.8040428571303124,1
TZ-LOAN-11149,58.0,Arusha,522550.5957423085,100000,27,2,1.0250543880902088,0
TZ-LOAN-11150,54.0,Mwanza,800749.9088387871,1000000,35,0,8.033301926349223,0
TZ-LOAN-11151,31.0,Mbeya,382775.34093432094,500000,25,1,2.1650312857407608,0
TZ-LOAN-11152,47.0,Mbeya,221952.0269655973,1500000,31,1,1.033357311081271,1
TZ-LOAN-11153,52.0,Mwanza,670801.1485146044,50000,21,1,6.471330861743708,0
TZ-LOAN-11154,38.0,Dodoma,908763.045384551,250000,26,0,8.497286804724647,0
TZ-LOAN-11155,54.0,Mbeya,-150000.0,250000,37,0,3.1031604788937193,0
TZ-LOAN-11156,22.0,Arusha,896069.7194917953,250000,25,1,2.380908590046955,0
TZ-LOAN-11157,36.0,Dar es Salaam,895191.8611214978,500000,15,1,5.000321223545816,0
TZ-LOAN-11158,31.0,Dodoma,936225.5306469884,1000000,22,0,5.269101804579507,0
TZ-LOAN-11159,43.0,Dar es Salaam,1015544.064461506,50000,20,0,5.405022040871038,0
TZ-LOAN-11160,21.0,Dar es Salaam,1310604.177397885,250000,23,0,1.613145969755151,0
TZ-LOAN-11161,42.0,Mwanza,543172.3854142835,1000000,24,0,14.176788379782394,0
TZ-LOAN-11162,62.0,Dar es Salaam,682871.4740233574,100000,27,0,1.2004583623280105,0
TZ-LOAN-11163,59.0,Mbeya,525068.4700255924,1500000,28,0,2.343288883663877,1
TZ-LOAN-11164,42.0,Mwanza,650593.0534267433,100000,22,1,1.6682387425793286,0
TZ-LOAN-11165,35.0,Arusha,1109862.0066908936,50000,21,0,13.377201758841355,0
TZ-LOAN-11166,57.0,Dar es Salaam,246495.65482079936,250000,32,0,8.81207556090974,0
TZ-LOAN-11167,25.0,Mbeya,391685.09835032735,100000,17,1,8.337240608193069,0
TZ-LOAN-11168,56.0,Mbeya,1063154.2809513684,1500000,19,0,0.023606046325579486,0
TZ-LOAN-11169,57.0,Arusha,956010.9520706269,1000000,24,0,5.790227324758823,0
TZ-LOAN-11170,31.0,Mwanza,541060.5059548765,1000000,22,2,1.3086013777008823,1
TZ-LOAN-11171,49.0,Mwanza,906320.6003362159,100000,24,0,17.17029590033805,0
TZ-LOAN-11172,68.0,Mwanza,752364.75274761,250000,33,0,3.783113020641821,0
TZ-LOAN-11173,55.0,Arusha,1100082.3827002964,1500000,21,1,4.158633627312308,0
TZ-LOAN-11174,50.0,Arusha,672352.8781480318,50000,31,1,2.2040328102542652,0
TZ-LOAN-11175,40.0,Arusha,957689.6341617748,250000,21,1,3.8472329239962755,0
TZ-LOAN-11176,32.0,Mwanza,1442603.5731477858,500000,22,0,6.92621831896139,0
TZ-LOAN-11177,50.0,Dar es Salaam,829429.7465142398,100000,22,0,4.126770443156942,0
TZ-LOAN-11178,42.0,Arusha,664798.4497384531,500000,30,0,5.125827212827422,0
TZ-LOAN-11179,34.0,Arusha,,100000,23,0,3.1977294986879596,0
TZ-LOAN-11180,50.0,Mwanza,540415.7425388346,50000,27,0,6.300947321532272,0
TZ-LOAN-11181,64.0,Arusha,1366390.3116574197,250000,22,0,11.490924793415271,0
TZ-LOAN-11182,19.0,Dar es Salaam,704021.3113087944,1500000,23,0,0.26200216630872336,0
TZ-LOAN-11183,31.0,Mwanza,568120.0039323461,250000,19,0,,0
TZ-LOAN-11184,57.0,Arusha,399293.29849398916,100000,24,0,5.7855910449906975,0
TZ-LOAN-11185,57.0,Arusha,979166.0574819315,1000000,17,1,2.371700412579263,0
TZ-LOAN-11186,68.0,Dodoma,910156.2238483217,500000,24,0,1.6537721384103612,0
TZ-LOAN-11187,56.0,Dodoma,,1500000,28,0,0.9836845027708581,1
TZ-LOAN-11188,68.0,Mbeya,822935.4035367268,1500000,36,0,4.25059908749196,0
TZ-LOAN-11189,23.0,Mbeya,197433.20953614305,250000,25,0,2.1349689471627267,0
TZ-LOAN-11190,23.0,Arusha,705491.1725219468,250000,23,0,3.5459847196732133,0
TZ-LOAN-11191,20.0,Dodoma,,100000,26,0,15.91769159917192,0
TZ-LOAN-11192,24.0,Mbeya,1162198.9428677668,1000000,24,0,7.099620693457469,0
TZ-LOAN-11193,68.0,Mwanza,418754.35918139317,500000,17,0,7.946972386195826,0
TZ-LOAN-11194,25.0,Dodoma,266494.2113593027,1000000,27,3,,1
TZ-LOAN-11195,59.0,Dar es Salaam,381371.6117224875,1500000,24,0,1.9650671559836788,1
TZ-LOAN-11196,69.0,Dar es Salaam,249029.44990552403,1000000,17,0,0.5615646501336229,1
TZ-LOAN-11197,32.0,Dar es Salaam,1050997.2073276949,100000,33,0,17.292162016651073,0
TZ-LOAN-11198,64.0,Dar es Salaam,1114591.788507211,1000000,24,0,5.731470275035089,0
TZ-LOAN-11199,46.0,Dodoma,746064.9733846487,500000,30,0,0.09710607148854593,0
TZ-LOAN-11200,50.0,Mwanza,1016388.4837055444,1500000,25,1,,0
TZ-LOAN-11201,69.0,Dar es Salaam,690187.5141740706,50000,28,0,1.5294042615413581,0
TZ-LOAN-11202,47.0,Mwanza,621466.5056897702,1500000,24,0,3.8821966986625656,1
TZ-LOAN-11203,56.0,Mbeya,550088.7142838715,50000,24,0,0.9840765468893555,0
TZ-LOAN-11204,44.0,Mbeya,556882.7025867304,500000,27,0,0.2926788189817039,0
TZ-LOAN-11205,53.0,Arusha,185659.53310729063,1500000,19,0,1.951731371264138,1
TZ-LOAN-11206,46.0,Dodoma,729276.4290822017,1500000,29,0,1.7513852047933607,0
TZ-LOAN-11207,55.0,Dar es Salaam,637899.8269357869,1500000,20,2,6.31089856878028,1
TZ-LOAN-11208,50.0,Mwanza,873608.2172233628,1500000,26,0,3.2174903470463834,0
TZ-LOAN-11209,54.0,Mwanza,678057.048931583,100000,33,3,1.7218110269625573,0
TZ-LOAN-11210,44.0,Dodoma,601188.8895292724,250000,27,0,4.224858887416391,0
TZ-LOAN-11211,50.0,Mbeya,388642.0909977108,1500000,23,0,0.36994121785251644,1
TZ-LOAN-11212,21.0,Dodoma,671645.9710465284,100000,21,1,5.428765790415068,0
TZ-LOAN-11213,39.0,Mwanza,871471.1692448487,500000,19,0,0.7966751161810753,0
TZ-LOAN-11214,19.0,Dodoma,306998.3026748418,1500000,25,0,1.640433057544102,1
TZ-LOAN-11215,27.0,Mbeya,676242.1261042218,1000000,21,0,1.6572843831592288,0
TZ-LOAN-11216,22.0,Mbeya,719912.8854588452,1500000,20,0,3.1354108739963915,0
TZ-LOAN-11217,27.0,Dar es Salaam,434580.5649145207,1500000,17,0,15.304807585121125,1
TZ-LOAN-11218,50.0,Dar es Salaam,473643.10852759995,50000,25,0,1.9626895065783956,0
TZ-LOAN-11219,55.0,Dar es Salaam,719183.2546298644,1000000,36,0,1.6517084139304585,0
TZ-LOAN-11220,30.0,Mbeya,309973.6945122131,1500000,19,2,0.924436138351904,1
TZ-LOAN-11221,48.0,Mwanza,754977.1145748177,1500000,21,0,2.487646235750427,0
TZ-LOAN-11222,64.0,Dar es Salaam,381393.68790224,1500000,22,0,1.0047160132766955,1
TZ-LOAN-11223,53.0,Dodoma,968856.1079099649,100000,28,0,0.7411622641671701,0
TZ-LOAN-11224,62.0,Mwanza,1351348.32361649,500000,28,1,9.737107656609023,0
TZ-LOAN-11225,41.0,Arusha,391772.9594894541,50000,18,0,0.2703738720322453,0
TZ-LOAN-11226,69.0,Dar es Salaam,810262.3587124024,1500000,20,0,6.203618254534787,0
TZ-LOAN-11227,32.0,Arusha,431977.42853539425,500000,25,2,1.1318117618787193,1
TZ-LOAN-11228,46.0,Dar es Salaam,962286.2521393369,50000,29,0,0.05892092428426338,0
TZ-LOAN-11229,25.0,Mwanza,270422.4772744355,50000,15,0,7.92726333025477,0
TZ-LOAN-11230,22.0,Arusha,794176.0275283138,50000,26,0,6.058101849825553,0
TZ-LOAN-11231,46.0,Mbeya,388103.3099331942,1500000,25,0,2.03457258778125,1
TZ-LOAN-11232,64.0,Dar es Salaam,587904.6232704894,100000,23,0,0.4132818267549053,0
TZ-LOAN-11233,21.0,Dodoma,340692.4174558079,1500000,36,2,2.236684859130312,1
TZ-LOAN-11234,29.0,Arusha,896705.1412687261,1500000,15,0,1.0003562554464587,0
TZ-LOAN-11235,62.0,Dodoma,398905.89366812387,500000,31,0,13.478401625154453,0
TZ-LOAN-11236,19.0,Arusha,815589.2777995482,250000,29,0,3.7711049776998196,0
TZ-LOAN-11237,44.0,Mwanza,546770.5915213001,250000,30,0,16.599511746869865,0
TZ-LOAN-11238,48.0,Dodoma,615658.2884603412,250000,20,0,2.1640334426991217,0
TZ-LOAN-11239,68.0,Dar es Salaam,694326.7722200386,500000,26,1,4.064868223060831,0
TZ-LOAN-11240,68.0,Mbeya,421452.5985023454,1000000,26,2,1.0543671288035026,1
TZ-LOAN-11241,53.0,Mwanza,,500000,26,0,8.26248636385228,0
TZ-LOAN-11242,53.0,Arusha,1109100.3693063234,50000,20,0,0.20984405290315683,0
TZ-LOAN-11243,43.0,Dar es Salaam,416571.56425018574,1500000,31,0,5.947316604770264,1
TZ-LOAN-11244,60.0,Arusha,1001543.0429821534,1000000,27,2,2.4851074730540135,0
TZ-LOAN-11245,44.0,Dodoma,1099429.2900463352,50000,23,0,4.318678485627086,0
TZ-LOAN-11246,22.0,Dodoma,405153.5032915868,1500000,27,0,4.485617204804172,1
TZ-LOAN-11247,37.0,Mbeya,213483.6184728344,1500000,20,0,6.203099472111225,1
TZ-LOAN-11248,28.0,Dodoma,740588.2700515294,50000,21,3,1.1424277422324538,0
TZ-LOAN-11249,27.0,Mwanza,485777.7431699381,500000,27,0,3.7898785450279213,0
TZ-LOAN-11250,57.0,Arusha,1210580.9657489008,250000,12,0,,0
TZ-LOAN-11251,55.0,Arusha,660442.2621499497,1000000,32,0,1.6576899125227917,0
TZ-LOAN-11252,23.0,Mwanza,409340.17758944625,1500000,26,0,3.423195612396952,1
TZ-LOAN-11253,25.0,Dodoma,,100000,27,0,15.184338799693123,0
TZ-LOAN-11254,40.0,Dodoma,,1500000,27,0,14.868381246992051,0
TZ-LOAN-11255,64.0,Mwanza,478644.80777474405,250000,31,0,1.6343140170898836,0
TZ-LOAN-11256,43.0,Mbeya,663148.6398381285,1500000,22,0,10.779762944158922,1
TZ-LOAN-11257,63.0,Dar es Salaam,936740.8235337443,100000,25,0,10.467897441086585,0
TZ-LOAN-11258,60.0,Dar es Salaam,504722.49442075094,500000,16,1,1.435642112729398,0
TZ-LOAN-11259,29.0,Dodoma,636221.3513779518,1500000,31,3,4.568355161714933,1
TZ-LOAN-11260,43.0,Dar es Salaam,645029.477053244,1000000,27,1,,1
TZ-LOAN-11261,30.0,Dar es Salaam,854997.3534548276,500000,17,1,3.6179783523846964,0
TZ-LOAN-11262,57.0,Dar es Salaam,827223.3006530977,100000,21,0,2.308348004885146,0
TZ-LOAN-11263,35.0,Dodoma,583965.8806235514,50000,26,0,5.260343663215558,0
TZ-LOAN-11264,42.0,Arusha,669094.7184489553,1500000,26,0,0.9462780902921141,0
TZ-LOAN-11265,50.0,Dodoma,538466.2965429535,500000,21,0,0.882083414416316,0
TZ-LOAN-11266,64.0,Dodoma,206716.27792416658,1500000,24,0,8.938223685035796,1
TZ-LOAN-11267,57.0,Mbeya,727280.2572194388,1000000,25,0,0.21388470810125493,0
TZ-LOAN-11268,60.0,Mbeya,1217657.5282499203,1500000,30,0,8.138772692143185,0
TZ-LOAN-11269,29.0,Dodoma,,500000,30,0,,0
TZ-LOAN-11270,61.0,Mwanza,,250000,27,1,,0
TZ-LOAN-11271,53.0,Mwanza,388781.6685068776,500000,33,2,3.9209977939271012,1
TZ-LOAN-11272,65.0,Mbeya,867377.5336169368,100000,26,0,7.285070903060774,0
TZ-LOAN-11273,21.0,Mbeya,784545.6362589321,500000,23,0,10.76470791363497,0
TZ-LOAN-11274,22.0,Arusha,602438.692275063,1000000,29,0,8.153923854819002,0
TZ-LOAN-11275,54.0,Mbeya,374594.2815083105,500000,30,3,4.247178097105266,1
TZ-LOAN-11276,25.0,Dar es Salaam,677713.0374919773,500000,27,0,2.1386584203439836,0
TZ-LOAN-11277,59.0,Dodoma,180613.36179925868,1000000,31,1,3.7386274810915623,1
TZ-LOAN-11278,66.0,Dodoma,,500000,29,2,0.15240781510322593,0
TZ-LOAN-11279,45.0,Dodoma,911457.3158263803,1000000,31,0,1.4050559632456134,0
TZ-LOAN-11280,48.0,Arusha,274640.25900989666,100000,29,1,2.279757055906009,0
TZ-LOAN-11281,26.0,Arusha,190244.5169511009,1000000,26,0,1.9265077602987843,1
TZ-LOAN-11282,68.0,Dar es Salaam,1123831.367508458,100000,27,2,0.4999135695684972,0
TZ-LOAN-11283,46.0,Dodoma,466472.10814862454,100000,33,0,0.26043689749607735,0
TZ-LOAN-11284,31.0,Dar es Salaam,990784.3537831466,1000000,18,0,2.729801570103735,0
TZ-LOAN-11285,57.0,Mbeya,603800.7004406505,500000,32,0,0.38872540988959153,0
TZ-LOAN-11286,58.0,Dodoma,601413.5549176018,1500000,25,0,1.6858187881245237,0
TZ-LOAN-11287,39.0,Dar es Salaam,781523.8098489936,250000,24,1,3.2201249647562005,0
TZ-LOAN-11288,28.0,Arusha,384800.3429760678,1500000,20,1,1.1783665556272402,1
TZ-LOAN-11289,40.0,Arusha,689749.1430486937,1000000,16,1,0.41438110913433435,0
TZ-LOAN-11290,18.0,Arusha,535553.1755527721,500000,29,0,2.829342596049465,0
TZ-LOAN-11291,63.0,Dar es Salaam,253851.96697849053,100000,25,0,2.9753541370068155,0
TZ-LOAN-11292,54.0,Dar es Salaam,,50000,37,0,12.361786397545009,0
TZ-LOAN-11293,38.0,Dar es Salaam,571007.6579366252,250000,25,0,0.6838984134921158,0
TZ-LOAN-11294,43.0,Mwanza,602892.5514665877,1500000,24,0,4.7724996936714525,1
TZ-LOAN-11295,63.0,Dodoma,286951.7169757527,500000,27,0,1.9261258702033215,0
TZ-LOAN-11296,53.0,Mwanza,1127420.1103288413,250000,25,0,0.6596509783922557,0
TZ-LOAN-11297,40.0,Mwanza,913014.2559158348,50000,24,0,2.49734433915056,0
TZ-LOAN-11298,18.0,Mbeya,939246.7652515937,50000,22,0,2.792535885294919,0
TZ-LOAN-11299,68.0,Mbeya,558366.5892674954,50000,18,0,2.2593611200097876,0
TZ-LOAN-11300,57.0,Arusha,131245.13314897392,1500000,26,0,7.2564634130342265,1
TZ-LOAN-11301,32.0,Mwanza,1235875.2147468533,1000000,21,1,9.138170795393517,0
TZ-LOAN-11302,38.0,Mbeya,631670.7475982396,250000,31,0,0.8051399825324211,0
TZ-LOAN-11303,64.0,Mwanza,425360.0611939839,1000000,20,0,0.9190437403522617,0
TZ-LOAN-11304,26.0,Dodoma,775040.4723449341,50000,20,0,,0
TZ-LOAN-11305,26.0,Mwanza,1000136.2364009892,500000,29,0,1.9297020170087036,0
TZ-LOAN-11306,27.0,Arusha,643084.8331743601,50000,30,1,8.562161852418496,0
TZ-LOAN-11307,69.0,Dar es Salaam,1033572.5503818123,1000000,29,0,28.740557926802698,0
TZ-LOAN-11308,43.0,Arusha,974899.9815550605,50000,27,3,0.9990298393337351,0
TZ-LOAN-11309,58.0,Mwanza,327085.6437793825,50000,13,0,7.188867855307604,0
TZ-LOAN-11310,52.0,Mwanza,447862.9683021571,1000000,18,0,4.672869477462978,0
TZ-LOAN-11311,69.0,Dar es Salaam,937261.1489839302,1000000,22,1,5.170082282919105,0
TZ-LOAN-11312,42.0,Arusha,-163783.76914313133,500000,25,0,1.5356258111730243,0
TZ-LOAN-11313,43.0,Arusha,605163.2920505034,1000000,28,0,0.5112502472154167,0
TZ-LOAN-11314,28.0,Mwanza,220750.63951259846,500000,23,2,3.918162259803886,1
TZ-LOAN-11315,55.0,Dodoma,507033.8595699426,100000,29,0,4.753192720337315,0
TZ-LOAN-11316,19.0,Mbeya,560353.9732912388,100000,19,0,16.49080470701644,0
TZ-LOAN-11317,24.0,Mwanza,542526.6866277476,1000000,23,1,5.6232065796809945,1
TZ-LOAN-11318,35.0,Mwanza,484321.6243662174,50000,20,0,2.9320967021258437,0
TZ-LOAN-11319,44.0,Mbeya,320856.90511135577,250000,23,0,25.580919794751317,0
TZ-LOAN-11320,51.0,Dar es Salaam,1337573.3800456058,50000,20,1,2.3359497557854665,0
TZ-LOAN-11321,44.0,Mwanza,1210238.6012484052,1000000,27,0,0.8870193534814385,0
TZ-LOAN-11322,34.0,Dodoma,301380.2539231151,500000,19,0,4.811412269488285,0
TZ-LOAN-11323,60.0,Dar es Salaam,1124635.0253910702,50000,26,1,1.5479388555341735,0
TZ-LOAN-11324,61.0,Dar es Salaam,530160.3528581441,100000,20,1,12.768380103450543,0
TZ-LOAN-11325,68.0,Dar es Salaam,688756.2419995131,1500000,21,0,2.791930910185231,0
TZ-LOAN-11326,41.0,Mwanza,631017.8120309252,1000000,25,1,0.8103383912272499,0
TZ-LOAN-11327,42.0,Dar es Salaam,452075.4076238102,50000,30,0,0.7636035063006786,0
TZ-LOAN-11328,24.0,Arusha,945155.703081844,1500000,22,0,5.243961931592053,0
TZ-LOAN-11329,69.0,Mwanza,687765.9591729974,50000,21,3,2.2777218143211306,0
TZ-LOAN-11330,23.0,Mwanza,507034.5730342276,500000,26,1,2.2606185364134905,0
TZ-LOAN-11331,41.0,Mbeya,258623.1668598582,500000,33,0,4.737926122073663,0
TZ-LOAN-11332,50.0,Dar es Salaam,381921.4958842639,500000,21,0,1.2520077169776838,0
TZ-LOAN-11333,66.0,Mwanza,157585.96531937097,1500000,21,0,0.7857741121285755,1
TZ-LOAN-11334,46.0,Dodoma,653667.0645245508,250000,27,0,5.353952311182004,0
TZ-LOAN-11335,60.0,Dodoma,291000.32231468125,1500000,27,1,0.02625398986685079,1
TZ-LOAN-11336,39.0,Mwanza,570331.8462444376,1000000,23,1,11.895440209983141,1
TZ-LOAN-11337,43.0,Mwanza,1061030.5560831113,1000000,26,1,1.0104029604605822,0
TZ-LOAN-11338,45.0,Dodoma,1009789.8718764756,100000,26,0,2.9697325305505413,0
TZ-LOAN-11339,67.0,Dodoma,640316.9317692147,100000,23,0,1.1879782527854732,0
TZ-LOAN-11340,38.0,Arusha,623874.582157055,1000000,27,1,1.2309074210122033,0
TZ-LOAN-11341,66.0,Dodoma,1213962.3648263025,50000,27,0,9.009090450231058,0
TZ-LOAN-11342,24.0,Arusha,806226.8361076134,1000000,24,0,4.397787583341737,0
TZ-LOAN-11343,34.0,Mwanza,551658.0620370432,250000,29,3,1.865839206777565,1
TZ-LOAN-11344,37.0,Dar es Salaam,222194.5648638644,100000,33,1,,0
TZ-LOAN-11345,58.0,Dar es Salaam,768161.965449423,100000,26,0,1.196761276745396,0
TZ-LOAN-11346,66.0,Mbeya,898797.1317748587,1500000,28,0,4.042210542101073,0
TZ-LOAN-11347,37.0,Arusha,460504.5426459068,100000,22,0,6.561306766480265,0
TZ-LOAN-11348,39.0,Dodoma,737360.8265414097,1000000,22,0,1.4619817182905384,0
TZ-LOAN-11349,45.0,Arusha,540928.0115254913,100000,23,0,2.019585994857637,0
TZ-LOAN-11350,57.0,Mbeya,594790.2802402992,100000,21,0,6.371361145566913,0
TZ-LOAN-11351,66.0,Mbeya,-96346.61726869945,1500000,23,1,6.683294517502647,0
TZ-LOAN-11352,24.0,Arusha,583465.5788851593,1000000,26,0,,0
TZ-LOAN-11353,18.0,Dodoma,940810.7907224162,50000,17,0,2.4079713501421804,0
TZ-LOAN-11354,49.0,Mwanza,460579.23333003256,100000,29,1,10.199478447885744,0
TZ-LOAN-11355,30.0,Mwanza,665757.9104645948,100000,19,0,6.739066658474803,0
TZ-LOAN-11356,47.0,Mwanza,423214.78799242387,100000,27,2,0.8866421602423087,0
TZ-LOAN-11357,40.0,Mbeya,758132.5028878319,250000,22,1,,0
TZ-LOAN-11358,68.0,Arusha,585043.0407391479,1000000,25,0,18.11429426816462,0
TZ-LOAN-11359,36.0,Mbeya,368227.537795398,100000,22,2,3.7261787363773684,0
TZ-LOAN-11360,49.0,Dodoma,1049765.4402995384,250000,20,0,6.353166252417406,0
TZ-LOAN-11361,47.0,Dar es Salaam,928679.6040596645,50000,28,3,0.48274733624506727,0
TZ-LOAN-11362,46.0,Mbeya,468527.97082154755,50000,33,0,8.934157022558681,0
TZ-LOAN-11363,66.0,Dodoma,799336.4928253333,1500000,21,0,4.641625805289876,0
TZ-LOAN-11364,62.0,Dodoma,811223.6008461142,1500000,26,0,0.9654997706555224,0
TZ-LOAN-11365,46.0,Dodoma,842690.3705033527,1500000,23,0,2.3918871274471862,0
TZ-LOAN-11366,47.0,Dar es Salaam,141723.23120147665,250000,22,0,0.433389500863575,0
TZ-LOAN-11367,33.0,Mwanza,951981.9623097884,50000,27,1,7.503153600442316,0
TZ-LOAN-11368,57.0,Arusha,,1500000,23,0,6.83008668237451,1
TZ-LOAN-11369,36.0,Mbeya,542651.6199676199,500000,22,0,,0
TZ-LOAN-11370,35.0,Dar es Salaam,1441364.52567806,1500000,21,2,3.007549554639372,1
TZ-LOAN-11371,18.0,Dodoma,740562.0142163036,50000,26,0,3.1127411119198456,0
TZ-LOAN-11372,31.0,Dar es Salaam,,500000,23,1,0.19093348876934157,0
TZ-LOAN-11373,68.0,Mbeya,-11588.311826771824,250000,32,0,2.2962678306058057,0
TZ-LOAN-11374,64.0,Arusha,1066929.2401839066,500000,26,0,0.6877199122307238,0
TZ-LOAN-11375,67.0,Mbeya,246437.0987574192,50000,28,1,1.0215621394360135,0
TZ-LOAN-11376,19.0,Dar es Salaam,348968.32895014895,100000,25,0,16.366225632553302,0
TZ-LOAN-11377,45.0,Dodoma,550594.3102736452,500000,24,0,,0
TZ-LOAN-11378,66.0,Dodoma,1074923.5375100877,50000,23,0,3.3046099191676124,0
TZ-LOAN-11379,150.0,Mwanza,,1500000,30,1,10.937026288960032,1
TZ-LOAN-11380,47.0,Mwanza,602648.747047922,100000,33,0,2.6678396017436343,0
TZ-LOAN-11381,55.0,Arusha,742487.6190916463,250000,32,0,3.7604338476634362,0
TZ-LOAN-11382,68.0,Arusha,469884.29213866824,250000,24,1,0.9243503735287723,0
TZ-LOAN-11383,21.0,Mwanza,691896.1068696053,1000000,27,1,1.6779189046104495,0
TZ-LOAN-11384,18.0,Mwanza,672001.023433441,250000,28,1,3.527254406919349,0
TZ-LOAN-11385,150.0,Mbeya,940630.9687044059,1000000,21,0,2.2698757600299606,0
TZ-LOAN-11386,46.0,Mbeya,940153.4367316848,250000,20,0,0.19503332370717974,0
TZ-LOAN-11387,56.0,Dodoma,,250000,23,0,2.5610415076259683,0
TZ-LOAN-11388,20.0,Dodoma,541295.7327361694,250000,25,0,8.43985657346353,0
TZ-LOAN-11389,49.0,Mwanza,872546.688317038,1000000,28,0,0.6168273090137203,0
TZ-LOAN-11390,27.0,Mbeya,,1500000,23,0,0.09454524460969449,0
TZ-LOAN-11391,27.0,Mwanza,,1000000,23,1,0.6318015846833847,1
TZ-LOAN-11392,36.0,Mwanza,529013.6624267184,500000,23,0,5.80568730414041,0
TZ-LOAN-11393,63.0,Arusha,675358.0951352974,50000,21,0,7.915066655972387,0
TZ-LOAN-11394,51.0,Mwanza,923064.7350994237,50000,15,0,0.24976862109168008,0
TZ-LOAN-11395,50.0,Dodoma,594941.5483528541,1500000,24,0,10.92627317805541,1
TZ-LOAN-11396,40.0,Arusha,287240.38662811817,50000,26,0,4.935247615295032,0
TZ-LOAN-11397,45.0,Mbeya,667022.5049890458,250000,29,0,3.650418546209508,0
TZ-LOAN-11398,49.0,Dodoma,684036.8120169657,1500000,25,0,1.4624138067960448,0
TZ-LOAN-11399,67.0,Dar es Salaam,705751.2886708259,50000,34,0,2.323690102527398,0
TZ-LOAN-11400,24.0,Mbeya,925961.4547863291,1000000,19,2,14.684796017379389,1
TZ-LOAN-11401,46.0,Dar es Salaam,955676.9720269695,500000,27,1,12.126387693131962,0
TZ-LOAN-11402,25.0,Dodoma,471736.73828550003,100000,28,0,4.910344151541998,0
TZ-LOAN-11403,18.0,Mbeya,465156.962585317,500000,25,3,4.324557915666678,1
TZ-LOAN-11404,20.0,Dar es Salaam,337940.38671335805,50000,25,0,1.1820600979995275,0
TZ-LOAN-11405,41.0,Dar es Salaam,859644.7010841429,1500000,18,0,15.31775822484195,0
TZ-LOAN-11406,40.0,Mbeya,1084646.0325013148,50000,28,0,7.040485884725044,0
TZ-LOAN-11407,25.0,Mwanza,555475.4216273229,1000000,25,2,2.4084356651966914,1
TZ-LOAN-11408,64.0,Dodoma,577570.8305825021,500000,26,0,8.459521360585851,0
TZ-LOAN-11409,54.0,Dodoma,1090034.7670696927,1000000,26,0,1.190490718678345,0
TZ-LOAN-11410,20.0,Arusha,801667.3559645023,1000000,24,0,1.1990880565984394,0
TZ-LOAN-11411,68.0,Mbeya,780870.7114403165,100000,26,0,7.826177818141764,0
TZ-LOAN-11412,50.0,Dodoma,292725.048207882,1000000,32,0,4.0970450841100465,1
TZ-LOAN-11413,45.0,Dar es Salaam,853618.4207838257,1000000,19,0,4.057799067784526,0
TZ-LOAN-11414,64.0,Mbeya,371259.0978470725,100000,28,2,4.262717626965432,0
TZ-LOAN-11415,25.0,Dar es Salaam,309793.9442195126,250000,23,0,0.6722694729437823,0
TZ-LOAN-11416,51.0,Mbeya,545968.5269699864,250000,19,0,2.150523994920646,0
TZ-LOAN-11417,52.0,Dar es Salaam,474262.18296539295,1500000,27,0,4.255789317939747,1
TZ-LOAN-11418,49.0,Dar es Salaam,,100000,16,1,1.4223589983026903,0
TZ-LOAN-11419,41.0,Mbeya,217705.5096425244,1500000,26,0,3.505946756752949,1
TZ-LOAN-11420,31.0,Arusha,937644.8919403017,1500000,24,0,4.071325283461428,0
TZ-LOAN-11421,49.0,Dar es Salaam,988305.8883549287,1000000,20,1,14.307220195961579,0
TZ-LOAN-11422,63.0,Mbeya,65797.2577577557,1500000,29,1,1.4103280985162046,1
TZ-LOAN-11423,60.0,Mwanza,943537.3416999651,50000,17,2,2.893357298510921,0
TZ-LOAN-11424,33.0,Mwanza,406841.4110535121,500000,28,0,19.95295352967609,0
TZ-LOAN-11425,21.0,Arusha,907092.6610948358,50000,21,0,1.0338287399577375,0
TZ-LOAN-11426,69.0,Mbeya,629466.0522000754,50000,20,3,7.571081544879759,1
TZ-LOAN-11427,54.0,Arusha,658632.6692242996,1000000,22,1,0.9749368874331426,0
TZ-LOAN-11428,38.0,Dar es Salaam,594470.7051736343,500000,25,1,9.48715259138979,0
TZ-LOAN-11429,31.0,Mwanza,1013638.7612700458,1500000,25,0,3.346898758133194,0
TZ-LOAN-11430,48.0,Arusha,,500000,23,0,17.906673875184506,0
TZ-LOAN-11431,65.0,Dar es Salaam,832352.1016205025,1500000,16,1,0.9320995224416874,1
TZ-LOAN-11432,35.0,Mwanza,980399.0494668651,250000,27,0,5.822580238516832,0
TZ-LOAN-11433,24.0,Arusha,864902.0241621232,100000,26,0,5.94179748464863,0
TZ-LOAN-11434,27.0,Dar es Salaam,1347409.6742970254,1000000,20,1,6.3447871254042845,0
TZ-LOAN-11435,24.0,Dodoma,491315.97118259035,1500000,29,0,0.5321874978859478,1
TZ-LOAN-11436,50.0,Mwanza,937191.4467780594,1500000,21,0,1.7023279147009538,0
TZ-LOAN-11437,40.0,Dar es Salaam,,500000,29,0,2.06257571084815,0
TZ-LOAN-11438,38.0,Dodoma,1020021.8229058008,1000000,32,1,1.959938745703799,0
TZ-LOAN-11439,36.0,Arusha,647693.3012835892,1500000,23,1,5.6199692472733895,1
TZ-LOAN-11440,65.0,Dodoma,533637.2654412591,250000,28,0,0.2819506249675557,0
TZ-LOAN-11441,36.0,Mwanza,1041821.6611614887,50000,24,1,6.548122700536048,0
TZ-LOAN-11442,53.0,Mbeya,502531.418294321,1500000,26,0,3.738907877915296,1
TZ-LOAN-11443,46.0,Arusha,226182.27232983313,500000,26,1,0.9497358047503459,1
TZ-LOAN-11444,35.0,Dodoma,494945.9350478514,250000,24,0,1.281683816399989,0
TZ-LOAN-11445,19.0,Dar es Salaam,835709.8839765597,1000000,29,0,0.5133779250842747,0
TZ-LOAN-11446,18.0,Mbeya,1067611.6254761275,1500000,18,0,3.0722239525101385,0
TZ-LOAN-11447,64.0,Mbeya,683338.8125889536,250000,23,0,4.518370823391988,0
TZ-LOAN-11448,22.0,Arusha,1045459.1201702076,250000,27,0,4.349088265331694,0
TZ-LOAN-11449,37.0,Dodoma,242547.52355672192,250000,20,0,16.399485680681362,0
TZ-LOAN-11450,28.0,Mwanza,517020.9605546291,250000,30,1,1.7546433699725226,0
TZ-LOAN-11451,59.0,Dodoma,563427.4648537696,250000,26,0,7.179100736624871,0
TZ-LOAN-11452,19.0,Dodoma,615632.171758244,250000,22,0,6.420088753302373,0
TZ-LOAN-11453,20.0,Arusha,675228.3164750589,100000,24,3,0.31644041290765945,0
TZ-LOAN-11454,40.0,Arusha,857273.2872176578,1000000,24,0,13.296662820799142,0
TZ-LOAN-11455,29.0,Dar es Salaam,516557.94854885293,50000,23,3,13.390315621296498,1
TZ-LOAN-11456,37.0,Mwanza,691708.6060859377,1000000,23,2,2.5236808619821813,1
TZ-LOAN-11457,22.0,Arusha,636463.1329027845,500000,26,0,2.703657181509121,0
TZ-LOAN-11458,54.0,Dar es Salaam,372233.02883265505,500000,29,0,8.562808257743576,0
TZ-LOAN-11459,55.0,Mbeya,615899.9932755694,1000000,25,0,3.4162877772701266,0
TZ-LOAN-11460,150.0,Dar es Salaam,606902.1410308646,250000,27,1,8.027246849174396,0
TZ-LOAN-11461,26.0,Mwanza,,100000,18,0,0.18396918135880322,0
TZ-LOAN-11462,51.0,Dar es Salaam,659527.8369744353,50000,23,0,1.4402147703458636,0
TZ-LOAN-11463,61.0,Dar es Salaam,672702.0621840159,1500000,31,1,0.47740839108268185,1
TZ-LOAN-11464,52.0,Arusha,520311.44626780093,1500000,19,0,3.0274955103303065,1
TZ-LOAN-11465,69.0,Mwanza,1031814.4201913795,250000,33,0,9.626206700681838,0
TZ-LOAN-11466,39.0,Dar es Salaam,299155.811239095,1000000,22,2,4.217382861191555,1
TZ-LOAN-11467,61.0,Dodoma,433708.96745903115,1500000,24,2,3.673321443479987,1
TZ-LOAN-11468,41.0,Dar es Salaam,1483989.0872670668,1000000,19,0,2.279374705594464,0
TZ-LOAN-11469,34.0,Mbeya,338602.593503231,100000,36,0,0.3286154548587259,0
TZ-LOAN-11470,27.0,Mbeya,243873.5975870724,100000,20,0,7.270932132619011,0
TZ-LOAN-11471,47.0,Dar es Salaam,870343.0235003653,1000000,31,0,4.228766039685132,0
TZ-LOAN-11472,63.0,Dar es Salaam,26864.043867837754,250000,31,0,13.36574501265591,1
TZ-LOAN-11473,40.0,Dodoma,579417.8270082683,250000,27,1,2.827863186758,0
TZ-LOAN-11474,49.0,Dar es Salaam,1293747.4775229464,250000,24,3,2.5666407332710306,0
TZ-LOAN-11475,34.0,Arusha,186519.22335397988,1500000,23,0,18.315471905725715,1
TZ-LOAN-11476,67.0,Mwanza,55410.654278386035,50000,20,0,0.7608486032963373,0
TZ-LOAN-11477,68.0,Dodoma,200245.63941269054,50000,22,0,1.454178752006706,0
TZ-LOAN-11478,34.0,Dar es Salaam,-150000.0,250000,29,0,3.3487571934319886,0
TZ-LOAN-11479,31.0,Arusha,,1000000,18,0,3.7069026648814614,0
TZ-LOAN-11480,26.0,Dar es Salaam,496223.3609064474,100000,31,0,3.9782989984750228,0
TZ-LOAN-11481,57.0,Dodoma,854963.7212003206,500000,23,0,1.1919835183632401,0
TZ-LOAN-11482,19.0,Dodoma,1067076.5982535968,100000,21,1,13.076082366099598,0
TZ-LOAN-11483,62.0,Mbeya,1186203.9243289477,100000,20,0,6.0785756663836406,0
TZ-LOAN-11484,42.0,Mbeya,576099.4156460456,500000,31,0,1.4949950037381354,0
TZ-LOAN-11485,56.0,Dar es Salaam,-40441.51530099602,250000,30,0,1.7420672416619687,0
TZ-LOAN-11486,150.0,Mwanza,403736.32327709394,100000,23,0,10.61627608716016,0
TZ-LOAN-11487,39.0,Arusha,521958.74151942274,500000,32,0,2.3930460159590896,0
TZ-LOAN-11488,60.0,Mbeya,572318.3610264829,1500000,31,0,4.063747167618925,1
TZ-LOAN-11489,63.0,Mbeya,593642.1796973841,1000000,25,0,0.641592324513154,0
TZ-LOAN-11490,21.0,Mwanza,985668.3793792007,1000000,32,0,1.4499757171286438,0
TZ-LOAN-11491,43.0,Dodoma,1032328.5280062745,1000000,24,0,2.694211340793125,0
TZ-LOAN-11492,46.0,Dar es Salaam,598497.903822565,250000,22,0,5.337565278251897,0
TZ-LOAN-11493,62.0,Dar es Salaam,979545.4628155456,100000,17,1,1.6440529222477478,0
TZ-LOAN-11494,51.0,Arusha,757298.4099893268,100000,28,2,15.055398451017902,0
TZ-LOAN-11495,40.0,Mwanza,,50000,22,0,1.2436989896703348,0
TZ-LOAN-11496,54.0,Mwanza,-150000.0,1000000,17,0,7.545856768963271,0
TZ-LOAN-11497,28.0,Mwanza,671675.6144713748,250000,22,0,2.2674934430744544,0
TZ-LOAN-11498,23.0,Dodoma,1267343.3531293287,500000,23,3,8.960824062697396,1
TZ-LOAN-11499,35.0,Mwanza,218476.64996163227,250000,26,0,12.826618410331506,0
TZ-LOAN-11500,38.0,Dodoma,495448.73027239466,100000,20,0,1.0352165522974461,0
TZ-LOAN-11501,59.0,Dar es Salaam,612044.330913815,1000000,18,0,3.3812245808279084,0
TZ-LOAN-11502,53.0,Dodoma,781835.8071373971,50000,26,0,0.8383424400410107,0
TZ-LOAN-11503,58.0,Dar es Salaam,1030388.1461309267,1500000,25,0,6.117906175758488,0
TZ-LOAN-11504,55.0,Arusha,642680.429829153,250000,14,0,8.926047274255863,0
TZ-LOAN-11505,51.0,Mwanza,223331.10514813784,50000,25,0,,0
TZ-LOAN-11506,34.0,Arusha,902754.1689365013,100000,27,0,2.5271253565127427,0
TZ-LOAN-11507,54.0,Mwanza,876487.6298425894,500000,27,0,1.1397741646004165,0
TZ-LOAN-11508,42.0,Arusha,67442.40218617814,250000,24,0,1.8302700751066205,1
TZ-LOAN-11509,55.0,Mbeya,648858.7598987602,1500000,22,0,1.9570200938048936,0
TZ-LOAN-11510,29.0,Mbeya,172957.4507959106,100000,32,0,0.8454925007517787,0
TZ-LOAN-11511,40.0,Dodoma,450604.67074938124,1000000,22,0,1.8549722599893157,0
TZ-LOAN-11512,59.0,Arusha,379157.3219111601,250000,28,0,11.889609932460585,0
TZ-LOAN-11513,39.0,Mwanza,892779.4094725957,50000,20,1,1.9680717760608681,0
TZ-LOAN-11514,38.0,Dar es Salaam,,250000,18,0,1.6040381455486417,0
TZ-LOAN-11515,44.0,Dodoma,264322.6997731917,100000,22,2,2.427757632271741,0
TZ-LOAN-11516,48.0,Dodoma,914019.7888872027,100000,24,1,16.128625890881505,0
TZ-LOAN-11517,23.0,Mbeya,219858.25282147567,50000,24,0,7.231902192445968,0
TZ-LOAN-11518,44.0,Arusha,749034.1371412831,1500000,22,1,1.1265940620739743,1
TZ-LOAN-11519,57.0,Arusha,405796.7992125333,100000,18,0,6.982765918841101,0
TZ-LOAN-11520,51.0,Dodoma,540296.875240844,250000,15,0,7.267191332591398,0
TZ-LOAN-11521,29.0,Mbeya,801281.2244115152,1500000,20,1,14.992387659677984,1
TZ-LOAN-11522,62.0,Dar es Salaam,,50000,24,0,11.086401680099485,0
TZ-LOAN-11523,24.0,Mbeya,-150000.0,100000,25,0,0.5001790473430914,0
TZ-LOAN-11524,27.0,Arusha,625323.8900985641,100000,18,0,3.0309639885097677,0
TZ-LOAN-11525,62.0,Dar es Salaam,741935.2588890023,250000,26,1,6.070007589051793,0
TZ-LOAN-11526,34.0,Dodoma,518678.8032787026,100000,25,0,18.128359254380456,0
TZ-LOAN-11527,43.0,Dar es Salaam,,250000,25,0,0.44500159441624687,0
TZ-LOAN-11528,38.0,Dodoma,781845.8144025535,1000000,25,0,2.296171131378824,0
TZ-LOAN-11529,45.0,Mbeya,,1500000,29,2,3.3885724247092943,1
TZ-LOAN-11530,63.0,Dar es Salaam,108874.8547722511,250000,27,0,2.665732741549713,0
TZ-LOAN-11531,19.0,Mwanza,749441.2688992686,500000,23,0,3.0419942059741345,0
TZ-LOAN-11532,60.0,Arusha,759368.4432066372,100000,11,0,2.3030564957738897,0
TZ-LOAN-11533,18.0,Dodoma,445947.95709561475,1000000,20,0,17.63765044298242,1
TZ-LOAN-11534,68.0,Dar es Salaam,264683.88917824574,1500000,32,0,8.128974278132459,1
TZ-LOAN-11535,53.0,Dar es Salaam,1092763.7451511896,50000,21,0,,0
TZ-LOAN-11536,68.0,Mwanza,797433.6532683206,500000,13,0,2.644110958752734,0
TZ-LOAN-11537,43.0,Mbeya,581275.6907234871,50000,30,1,10.665206663628544,0
TZ-LOAN-11538,46.0,Mwanza,308890.13505575375,500000,25,0,0.48993487575679945,0
TZ-LOAN-11539,38.0,Dar es Salaam,403455.55147359625,1000000,25,0,0.7740292084966722,0
TZ-LOAN-11540,28.0,Arusha,1040777.1190358695,1500000,18,0,15.401861770299814,0
TZ-LOAN-11541,57.0,Dar es Salaam,,1000000,21,1,4.184952692317742,0
TZ-LOAN-11542,28.0,Dar es Salaam,484823.87989978807,1000000,27,0,0.8685404511897643,0
TZ-LOAN-11543,53.0,Dar es Salaam,802906.7693673968,500000,21,0,14.893953750175228,0
TZ-LOAN-11544,66.0,Mwanza,405680.54376610287,250000,31,0,18.413150065889333,0
TZ-LOAN-11545,56.0,Mwanza,1100252.9090841135,1500000,20,1,10.663919119374173,1
TZ-LOAN-11546,57.0,Dodoma,,50000,30,0,1.3627054227913804,0
TZ-LOAN-11547,52.0,Dodoma,510027.778639167,250000,27,2,1.6320728263849045,0
TZ-LOAN-11548,51.0,Dodoma,461398.92589074187,250000,15,0,2.6125755059360283,0
TZ-LOAN-11549,64.0,Dar es Salaam,-135439.95960768394,100000,24,3,4.329434659411241,0
TZ-LOAN-11550,41.0,Dodoma,205525.76853458962,50000,27,0,24.25625496264006,0
TZ-LOAN-11551,39.0,Dodoma,248159.06751267315,500000,23,0,15.633027078898337,1
TZ-LOAN-11552,22.0,Mbeya,690557.1022962157,100000,23,0,12.700346071161777,0
TZ-LOAN-11553,50.0,Mwanza,552129.8886675921,100000,23,0,0.46757859753295394,0
TZ-LOAN-11554,53.0,Dodoma,246399.35377542756,1000000,21,0,7.076893091495148,1
TZ-LOAN-11555,64.0,Mwanza,565650.7872606328,500000,31,2,10.471592741596144,1
TZ-LOAN-11556,37.0,Arusha,801601.1442942045,250000,25,2,2.0269220283649654,0
TZ-LOAN-11557,36.0,Mbeya,808351.8049746761,1500000,26,0,1.239576991816664,0
TZ-LOAN-11558,52.0,Arusha,80098.91574233561,250000,27,0,6.900398439078856,1
TZ-LOAN-11559,69.0,Mwanza,611520.9558548507,250000,23,3,0.4761585745671621,1
TZ-LOAN-11560,60.0,Mwanza,-150000.0,1000000,27,0,,1
TZ-LOAN-11561,34.0,Arusha,920518.6091420822,250000,27,2,0.8484739209117225,0
TZ-LOAN-11562,62.0,Dodoma,885243.9249060495,50000,21,2,3.058184847937256,0
TZ-LOAN-11563,60.0,Mbeya,380591.8321026625,250000,32,0,20.313604418110618,0
TZ-LOAN-11564,51.0,Mwanza,420186.43927988,250000,27,0,22.20685241338627,0
TZ-LOAN-11565,26.0,Dar es Salaam,511619.88485050783,50000,23,0,7.48032932550445,0
TZ-LOAN-11566,43.0,Mbeya,-25838.01841940172,1000000,28,1,9.137611565169726,0
TZ-LOAN-11567,19.0,Arusha,750790.4520321729,100000,20,1,17.08217577418294,0
TZ-LOAN-11568,26.0,Mwanza,568146.6360979608,500000,31,0,13.115984527718236,0
TZ-LOAN-11569,150.0,Mwanza,,1000000,22,0,,0
TZ-LOAN-11570,57.0,Arusha,320477.2346112342,250000,16,0,6.632905707650623,0
TZ-LOAN-11571,34.0,Dar es Salaam,464263.1155250205,100000,18,2,4.504259555200438,0
TZ-LOAN-11572,18.0,Dar es Salaam,198042.42258826538,500000,17,0,3.5311142180121404,1
TZ-LOAN-11573,42.0,Mwanza,,500000,26,0,10.635979906201898,0
TZ-LOAN-11574,60.0,Dodoma,295405.4011795343,500000,28,2,6.697533138329799,1
TZ-LOAN-11575,57.0,Dar es Salaam,-150000.0,50000,20,1,9.824003244469951,0
TZ-LOAN-11576,59.0,Dar es Salaam,440521.4453745823,50000,21,0,0.5041371581589289,0
TZ-LOAN-11577,42.0,Dodoma,687252.705423384,100000,27,0,4.295833710922572,0
TZ-LOAN-11578,56.0,Dar es Salaam,,250000,22,0,,0
TZ-LOAN-11579,52.0,Dodoma,269160.42019615613,100000,18,0,3.6015023683523846,0
TZ-LOAN-11580,20.0,Arusha,599509.8730485071,250000,17,0,4.7462064979683385,0
TZ-LOAN-11581,67.0,Mbeya,829730.9995590784,1000000,33,0,9.346177711938061,0
TZ-LOAN-11582,54.0,Mbeya,287672.1822369943,500000,27,1,0.16198441039110179,0
TZ-LOAN-11583,61.0,Arusha,892733.8372194136,500000,23,3,0.8955338847918721,1
TZ-LOAN-11584,61.0,Dar es Salaam,395083.7235566911,50000,21,2,12.719828495384615,0
TZ-LOAN-11585,68.0,Mbeya,505104.8221781478,1000000,27,0,17.097424404980934,1
TZ-LOAN-11586,47.0,Arusha,809204.9369030143,1500000,26,0,0.2850886762529494,0
TZ-LOAN-11587,55.0,Mbeya,450969.1528341536,1000000,22,0,2.0157455324345204,0
TZ-LOAN-11588,51.0,Dar es Salaam,661272.4578007597,250000,25,0,0.04888809636792263,0
TZ-LOAN-11589,29.0,Dodoma,,1000000,21,0,7.082696065010001,0
TZ-LOAN-11590,36.0,Arusha,688810.4020111456,50000,22,0,5.727579007215764,0
TZ-LOAN-11591,54.0,Mbeya,-64221.73165704915,250000,17,0,4.159806688211873,0
TZ-LOAN-11592,61.0,Dar es Salaam,,100000,24,0,5.882780069140475,0
TZ-LOAN-11593,66.0,Mbeya,,250000,24,0,3.858692845576801,0
TZ-LOAN-11594,34.0,Dar es Salaam,961154.421694715,100000,15,0,1.3645661900429686,0
TZ-LOAN-11595,27.0,Dar es Salaam,376853.9889405436,1500000,25,0,7.018906551439228,1
TZ-LOAN-11596,66.0,Dar es Salaam,576791.4943486596,250000,21,0,7.645693981986309,0
TZ-LOAN-11597,64.0,Dar es Salaam,738415.7758706905,500000,16,0,9.627662217667407,0
TZ-LOAN-11598,29.0,Arusha,857965.2804976113,1500000,26,0,15.40391098218415,0
TZ-LOAN-11599,33.0,Dodoma,41696.818498745444,100000,22,0,6.882544214100108,1
TZ-LOAN-11600,41.0,Arusha,384187.92590648687,50000,27,0,0.28047026930109287,0
TZ-LOAN-11601,36.0,Mbeya,550226.1860450375,1500000,21,0,0.10529379438325867,1
TZ-LOAN-11602,25.0,Arusha,860942.0591708148,1500000,25,0,6.732881756359491,0
TZ-LOAN-11603,48.0,Arusha,1399529.1451164484,1500000,14,0,0.2884155128220316,0
TZ-LOAN-11604,38.0,Mbeya,581598.2819570847,100000,20,1,1.8985818399834706,0
TZ-LOAN-11605,34.0,Dodoma,227906.7613688034,100000,27,0,0.7318379115373136,0
TZ-LOAN-11606,40.0,Arusha,770680.4231603894,250000,26,0,,0
TZ-LOAN-11607,54.0,Dar es Salaam,1046298.736862213,500000,23,0,1.9018688899498595,0
TZ-LOAN-11608,33.0,Arusha,682404.2362938502,1500000,24,0,0.2836291097729678,0
TZ-LOAN-11609,23.0,Mbeya,378005.4364537122,250000,29,0,14.93956884098437,0
TZ-LOAN-11610,25.0,Dodoma,937398.1824440057,250000,12,0,4.691970847185848,0
TZ-LOAN-11611,42.0,Arusha,849063.6855495304,500000,24,0,0.18388566314197982,0
TZ-LOAN-11612,35.0,Arusha,342175.7467413127,250000,21,2,8.959628611828727,1
TZ-LOAN-11613,42.0,Mbeya,764427.6852603026,500000,28,2,0.8274915410829314,0
TZ-LOAN-11614,29.0,Mwanza,949179.6702976618,50000,28,1,8.108470395744533,0
TZ-LOAN-11615,32.0,Mwanza,1004567.0127676681,500000,28,0,4.615969346561545,0
TZ-LOAN-11616,43.0,Arusha,630065.3074071632,1000000,24,0,0.9746954079398769,0
TZ-LOAN-11617,58.0,Dar es Salaam,542576.1661462043,500000,13,0,6.983704741051611,0
TZ-LOAN-11618,62.0,Arusha,1018182.1466243789,500000,19,0,3.030307974652345,0
TZ-LOAN-11619,43.0,Mwanza,286951.8491057345,1000000,28,0,5.081949725722551,1
TZ-LOAN-11620,64.0,Arusha,781573.7872763016,500000,25,0,10.182453022927536,0
TZ-LOAN-11621,49.0,Dar es Salaam,238992.0117906712,100000,21,0,1.5075401632057295,0
TZ-LOAN-11622,27.0,Dodoma,969612.8816778809,250000,21,0,2.2783056081602346,0
TZ-LOAN-11623,33.0,Arusha,572586.3453166515,250000,26,0,29.520539042023785,0
TZ-LOAN-11624,24.0,Mbeya,1030574.9706942409,50000,14,1,3.547546262397269,0
TZ-LOAN-11625,34.0,Dar es Salaam,797423.8269066581,50000,26,0,4.087916582400197,0
TZ-LOAN-11626,40.0,Arusha,283033.930981421,1000000,31,0,,1
TZ-LOAN-11627,43.0,Mwanza,1077388.319623173,100000,26,0,2.689504813296706,0
TZ-LOAN-11628,38.0,Arusha,1115373.579928319,50000,20,1,3.481277503662674,0
TZ-LOAN-11629,39.0,Mwanza,914685.9477797647,250000,22,2,1.495027886063137,0
TZ-LOAN-11630,24.0,Mbeya,421523.640489134,50000,25,0,1.3599985051858008,0
TZ-LOAN-11631,31.0,Dodoma,558195.8136927773,50000,30,0,4.587292265277641,0
TZ-LOAN-11632,32.0,Mwanza,693628.1652217278,500000,25,1,1.0145693182609736,0
TZ-LOAN-11633,24.0,Arusha,438886.88020057,50000,25,0,4.031106121232207,0
TZ-LOAN-11634,26.0,Mbeya,1157703.9717389615,1000000,25,1,6.124518741191344,0
TZ-LOAN-11635,68.0,Dar es Salaam,693297.941517811,250000,30,0,1.1048397341084972,0
TZ-LOAN-11636,65.0,Arusha,-161004.41413220717,1000000,26,1,6.849705276672759,0
TZ-LOAN-11637,25.0,Dar es Salaam,751806.7438268661,1000000,25,0,2.228970299196072,0
TZ-LOAN-11638,67.0,Mwanza,545552.780954806,1500000,31,0,24.46728744457786,1
TZ-LOAN-11639,40.0,Mbeya,627522.0331644657,100000,26,0,19.33448585281772,0
TZ-LOAN-11640,46.0,Dodoma,539414.1902642901,1500000,31,0,8.012178265833128,1
TZ-LOAN-11641,35.0,Arusha,892113.9249820062,1500000,20,0,2.0982317655574594,0
TZ-LOAN-11642,48.0,Mbeya,985906.3335660144,500000,27,0,13.839808205911403,0
TZ-LOAN-11643,47.0,Mbeya,734915.9486775962,1000000,22,0,33.54044674713534,1
TZ-LOAN-11644,69.0,Dodoma,,100000,24,0,3.1020731580811214,0
TZ-LOAN-11645,56.0,Mwanza,637598.8385572489,250000,29,0,4.767229849608571,0
TZ-LOAN-11646,52.0,Dodoma,655879.8849732885,250000,28,0,0.030024984709755526,0
TZ-LOAN-11647,35.0,Dodoma,409270.988040549,100000,22,1,0.22254605692503013,0
TZ-LOAN-11648,59.0,Dodoma,823678.5945713704,1000000,32,1,3.4717175891002827,0
TZ-LOAN-11649,56.0,Dar es Salaam,788012.6971581399,1000000,22,1,4.699253939893655,0
TZ-LOAN-11650,34.0,Arusha,1112132.371933002,500000,20,0,1.8726891445373806,0
TZ-LOAN-11651,31.0,Dodoma,1026604.9340865426,500000,19,0,0.5219705826543432,0
TZ-LOAN-11652,48.0,Arusha,444297.5247229609,1500000,21,2,7.6225469223759115,1
TZ-LOAN-11653,41.0,Dodoma,896089.5123526894,250000,24,0,2.71295796309054,0
TZ-LOAN-11654,52.0,Mwanza,364713.9850716585,500000,29,0,5.232686093353449,0
TZ-LOAN-11655,61.0,Mwanza,858779.6302822549,100000,30,1,5.251985668516462,0
TZ-LOAN-11656,62.0,Dodoma,495015.74037196767,250000,28,0,3.957535544415602,0
TZ-LOAN-11657,51.0,Mbeya,343024.0329873247,1000000,33,0,,1
TZ-LOAN-11658,20.0,Arusha,734013.6028092214,250000,23,0,4.786622902019109,0
TZ-LOAN-11659,54.0,Mwanza,-152370.1384462422,50000,18,2,1.943659530926214,0
TZ-LOAN-11660,60.0,Dar es Salaam,124707.32767843164,250000,26,0,8.549751181169487,0
TZ-LOAN-11661,57.0,Mbeya,596752.434867715,500000,25,0,1.0733778392227038,0
TZ-LOAN-11662,43.0,Mwanza,674732.5299904527,100000,37,0,1.7205455148481534,0
TZ-LOAN-11663,40.0,Mbeya,539204.3689525434,1000000,15,0,2.901825064785886,0
TZ-LOAN-11664,61.0,Arusha,176169.11038472038,1000000,26,0,6.7356207501124725,1
TZ-LOAN-11665,56.0,Mbeya,404632.44735844835,500000,19,0,6.378249539204655,0
TZ-LOAN-11666,32.0,Dar es Salaam,767362.7981712181,500000,22,0,2.0557307263601468,0
TZ-LOAN-11667,66.0,Mbeya,824534.5311885087,500000,17,0,3.5744291186226347,0
TZ-LOAN-11668,21.0,Mwanza,645133.0647212176,50000,23,0,1.3343971155623204,0
TZ-LOAN-11669,46.0,Dar es Salaam,997050.1343110967,100000,18,0,7.356326977716675,0
TZ-LOAN-11670,39.0,Arusha,769219.1070377703,50000,29,0,1.0951967058119014,0
TZ-LOAN-11671,42.0,Mwanza,425763.3038125363,500000,21,1,8.555883679417045,0
TZ-LOAN-11672,30.0,Arusha,565849.3839765148,100000,23,0,13.812328724969806,0
TZ-LOAN-11673,35.0,Dodoma,229140.15283764357,500000,24,0,23.907193707713574,1
TZ-LOAN-11674,50.0,Mwanza,617558.302882575,100000,27,0,9.723230249213135,0
TZ-LOAN-11675,33.0,Mbeya,983630.1857664015,1000000,25,0,1.253209632992919,0
TZ-LOAN-11676,62.0,Arusha,855587.0254132904,50000,27,1,2.6936709463136648,0
TZ-LOAN-11677,59.0,Mbeya,1070602.7977757365,1500000,23,2,0.46516652229459937,1
TZ-LOAN-11678,61.0,Dar es Salaam,559134.4268603021,500000,21,0,0.8989320244394715,0
TZ-LOAN-11679,19.0,Arusha,1053829.9383542773,500000,23,0,0.2548724259138286,0
TZ-LOAN-11680,52.0,Arusha,,250000,24,0,5.12338899715294,0
TZ-LOAN-11681,59.0,Dar es Salaam,1091475.5247709681,1500000,16,0,3.809134089653348,0
TZ-LOAN-11682,51.0,Dar es Salaam,643442.9757673629,1000000,26,1,12.445345511123744,1
TZ-LOAN-11683,47.0,Dar es Salaam,862169.412141283,500000,24,0,3.1088574014092933,0
TZ-LOAN-11684,30.0,Dar es Salaam,1092533.7092929566,50000,22,0,,0
TZ-LOAN-11685,30.0,Dodoma,591971.7114256383,1000000,32,1,2.5674581337392395,0
TZ-LOAN-11686,35.0,Arusha,715516.6962632523,500000,29,1,8.843840227050983,0
TZ-LOAN-11687,49.0,Dodoma,1036659.0275618907,50000,22,1,13.043900609130334,0
TZ-LOAN-11688,49.0,Dodoma,610099.0508209809,250000,22,0,2.8258083867868167,0
TZ-LOAN-11689,52.0,Mbeya,253732.31524815166,250000,20,0,0.43161072996304417,0
TZ-LOAN-11690,56.0,Arusha,1292902.1163754729,50000,24,0,0.892857958660377,0
TZ-LOAN-11691,63.0,Arusha,509070.66069885896,1000000,21,0,6.374558026278795,0
TZ-LOAN-11692,69.0,Arusha,697626.8152812629,50000,15,0,1.9671945078875614,0
TZ-LOAN-11693,46.0,Arusha,996802.0008353381,1500000,25,1,7.6945471286955875,0
TZ-LOAN-11694,66.0,Dar es Salaam,467451.82888063946,50000,23,0,6.9266655266364765,0
TZ-LOAN-11695,46.0,Mwanza,347639.62603336095,250000,24,0,5.925782530456669,0
TZ-LOAN-11696,61.0,Mbeya,726121.18903245,250000,25,1,8.415876655289242,0
TZ-LOAN-11697,33.0,Mbeya,112077.08062628307,250000,32,0,7.064339047458903,0
TZ-LOAN-11698,61.0,Dar es Salaam,563628.1769396239,1500000,23,0,5.006355851592915,1
TZ-LOAN-11699,64.0,Dodoma,723511.5992946217,500000,18,0,0.021180842428032233,0
TZ-LOAN-11700,27.0,Mwanza,569014.4309524507,1500000,30,0,3.6250183456724705,1
TZ-LOAN-11701,47.0,Mbeya,186964.7170442759,500000,22,2,4.522464171161281,1
TZ-LOAN-11702,42.0,Dodoma,1128253.3868612037,1500000,34,1,16.17577569478563,0
TZ-LOAN-11703,56.0,Arusha,681061.4461847526,100000,21,1,5.256001962886536,0
TZ-LOAN-11704,37.0,Mwanza,1079345.6353285224,500000,21,0,4.283907249929234,0
TZ-LOAN-11705,22.0,Mwanza,571989.1249458666,1000000,20,0,3.8956373754297036,0
TZ-LOAN-11706,18.0,Arusha,385996.40549277083,1000000,31,1,0.5451305383751487,1
TZ-LOAN-11707,47.0,Mbeya,,250000,18,2,2.789759791456019,0
TZ-LOAN-11708,66.0,Mwanza,-150000.0,1500000,26,0,0.7214059257977546,0
TZ-LOAN-11709,20.0,Dar es Salaam,296671.5626025926,50000,26,0,0.27068535781293707,0
TZ-LOAN-11710,62.0,Dar es Salaam,1090935.2776362486,250000,25,0,,0
TZ-LOAN-11711,31.0,Dar es Salaam,463318.9331318012,50000,33,2,5.184419057330491,0
TZ-LOAN-11712,47.0,Mwanza,97920.08456132945,1500000,28,0,10.079417569703244,1
TZ-LOAN-11713,67.0,Mbeya,1048449.8161871999,250000,21,0,8.31329340139996,0
TZ-LOAN-11714,21.0,Dodoma,498710.59525621304,250000,31,1,1.7455882236622797,0
TZ-LOAN-11715,35.0,Mbeya,467652.8322153127,1000000,32,1,0.23544031420295886,1
TZ-LOAN-11716,54.0,Dodoma,120383.72389100783,50000,24,0,2.5764962102647715,0
TZ-LOAN-11717,42.0,Mwanza,,100000,23,2,1.8900714460307175,0
TZ-LOAN-11718,65.0,Arusha,263155.8238370938,100000,25,0,2.3202233734586293,0
TZ-LOAN-11719,18.0,Dodoma,667534.844211695,250000,25,0,4.094673922163321,0
TZ-LOAN-11720,63.0,Dodoma,923786.0967621321,1500000,29,0,0.15442805490595027,0
TZ-LOAN-11721,32.0,Mbeya,776515.0799009291,250000,31,0,2.3165761238534572,0
TZ-LOAN-11722,26.0,Mwanza,632103.7064023425,1000000,16,0,4.089396256370829,0
TZ-LOAN-11723,32.0,Mbeya,139500.24251377513,50000,26,0,2.8191182639284937,0
TZ-LOAN-11724,66.0,Mwanza,407082.54926981486,250000,19,0,5.5015027067913795,0
TZ-LOAN-11725,41.0,Dodoma,706340.1014127566,1500000,26,0,1.029784163108336,0
TZ-LOAN-11726,21.0,Arusha,413847.77900390106,100000,30,0,0.8351637973751402,0
TZ-LOAN-11727,29.0,Mwanza,711007.8379996304,50000,14,0,1.8399393586894817,0
TZ-LOAN-11728,54.0,Dodoma,854523.0226445425,250000,23,0,0.5364187185623395,0
TZ-LOAN-11729,54.0,Arusha,938750.8657400305,50000,28,0,1.347651547582984,0
TZ-LOAN-11730,60.0,Mbeya,282146.19265619497,1000000,17,0,0.45457378593985326,1
TZ-LOAN-11731,23.0,Mbeya,1308993.8164936863,100000,27,0,2.5706366219264214,0
TZ-LOAN-11732,56.0,Mwanza,880243.8033662392,1500000,28,0,6.214539713730467,0
TZ-LOAN-11733,63.0,Mwanza,649485.7538992808,50000,28,0,1.6881310759789367,0
TZ-LOAN-11734,41.0,Mwanza,976860.9749229922,100000,23,0,0.018689460001706036,0
TZ-LOAN-11735,28.0,Mbeya,1359622.3315999922,250000,30,0,4.071688724958978,0
TZ-LOAN-11736,30.0,Mwanza,218383.96968293912,1500000,34,0,5.887328661275441,1
TZ-LOAN-11737,51.0,Dodoma,582421.207252594,1500000,34,1,,1
TZ-LOAN-11738,42.0,Dar es Salaam,-63529.49796199857,500000,29,0,1.7619912340211628,0
TZ-LOAN-11739,24.0,Dar es Salaam,707795.4597944074,50000,21,0,3.372979615586021,0
TZ-LOAN-11740,69.0,Mwanza,,100000,35,0,0.5336943523646578,0
TZ-LOAN-11741,21.0,Dodoma,638251.3653671722,50000,28,1,5.163086611926959,0
TZ-LOAN-11742,25.0,Dodoma,453639.92870050704,250000,32,0,6.608100785656296,0
TZ-LOAN-11743,37.0,Dodoma,35145.64514350239,250000,26,0,6.09764381939984,1
TZ-LOAN-11744,46.0,Arusha,762060.1050235305,1500000,29,0,1.9924495091454508,0
TZ-LOAN-11745,68.0,Dodoma,1086630.3451745976,1500000,18,0,9.248341340357731,0
TZ-LOAN-11746,62.0,Mbeya,472694.4632799704,100000,23,0,14.67307021602105,0
TZ-LOAN-11747,63.0,Mbeya,782017.9787069436,1000000,22,0,1.7625198655327017,0
TZ-LOAN-11748,27.0,Dodoma,179556.70597398485,50000,25,3,1.5239321902196448,0
TZ-LOAN-11749,60.0,Dar es Salaam,787163.9191077541,50000,18,0,6.088765924425625,0
TZ-LOAN-11750,51.0,Arusha,531985.3106766029,250000,14,0,6.1598377788478,0
TZ-LOAN-11751,43.0,Mbeya,421274.6148191257,50000,27,0,3.5710106642560504,0
TZ-LOAN-11752,58.0,Mbeya,421890.90763516084,100000,29,1,12.84057203862451,0
TZ-LOAN-11753,66.0,Mbeya,531916.525390097,500000,33,0,0.7909651721814062,0
TZ-LOAN-11754,20.0,Arusha,764729.9947077606,1500000,29,0,3.2443797835788857,0
TZ-LOAN-11755,23.0,Dodoma,256351.0396413447,250000,33,0,0.17920787618074238,0
TZ-LOAN-11756,22.0,Arusha,530865.4005296441,1500000,27,0,0.2704646908781467,1
TZ-LOAN-11757,22.0,Dodoma,637558.4666002557,1500000,29,3,0.27589646045380434,1
TZ-LOAN-11758,64.0,Mwanza,320288.23264044226,1500000,22,0,3.3842846810095786,1
TZ-LOAN-11759,40.0,Mbeya,1188999.5605025052,500000,31,0,4.445379112485027,0
TZ-LOAN-11760,66.0,Dar es Salaam,393951.35598159756,50000,36,0,0.017467960024258232,0
TZ-LOAN-11761,26.0,Arusha,449168.92590995284,1000000,24,0,5.0057911887127435,0
TZ-LOAN-11762,52.0,Arusha,356507.6150532506,1500000,31,0,3.3637898241498068,1
TZ-LOAN-11763,37.0,Mbeya,1189544.0261414354,100000,23,0,1.2667374495793178,0
TZ-LOAN-11764,66.0,Mbeya,815871.5685798444,1500000,20,0,0.07607644877307392,0
TZ-LOAN-11765,59.0,Dar es Salaam,369022.39812690736,1500000,23,0,0.8486253327976506,1
TZ-LOAN-11766,52.0,Dar es Salaam,981869.4676579906,50000,32,0,4.585608329915144,0
TZ-LOAN-11767,67.0,Mbeya,710209.6082866635,100000,22,0,5.377021503645764,0
TZ-LOAN-11768,35.0,Dodoma,727176.0263334505,50000,25,0,5.207303067397232,0
TZ-LOAN-11769,34.0,Mbeya,546656.8373742641,1500000,28,0,,1
TZ-LOAN-11770,41.0,Dar es Salaam,425175.203912908,50000,21,1,12.107649178479425,0
TZ-LOAN-11771,20.0,Mbeya,751329.8297163805,50000,23,0,2.6462386473099415,0
TZ-LOAN-11772,49.0,Dar es Salaam,486473.8310013229,250000,20,2,7.305249493635734,0
TZ-LOAN-11773,52.0,Mwanza,1195026.6888725315,500000,31,0,0.9104935463609447,0
TZ-LOAN-11774,55.0,Dodoma,269212.66842706874,1000000,28,0,3.1797594543500467,1
TZ-LOAN-11775,30.0,Dar es Salaam,1110847.0318564835,500000,25,0,3.6857166346405124,0
TZ-LOAN-11776,64.0,Arusha,616604.3453606598,500000,16,0,7.356108664769543,0
TZ-LOAN-11777,42.0,Arusha,739725.7202063318,100000,25,0,4.857946168818634,0
TZ-LOAN-11778,26.0,Dodoma,899947.3299888304,250000,17,0,2.548318904006596,0
TZ-LOAN-11779,21.0,Dodoma,460925.2114986691,250000,23,1,1.6600137421663845,0
TZ-LOAN-11780,31.0,Arusha,909274.5154095909,50000,18,0,18.051589355067307,0
TZ-LOAN-11781,54.0,Mwanza,-162263.15661435318,500000,21,0,1.6740780017463162,0
TZ-LOAN-11782,51.0,Mwanza,434003.14003341825,1000000,22,1,0.6932878045928447,1
TZ-LOAN-11783,28.0,Dar es Salaam,372781.1577976804,100000,28,0,1.7863519681869688,0
TZ-LOAN-11784,58.0,Dodoma,273948.1962884715,250000,22,1,1.9795772550651793,0
TZ-LOAN-11785,20.0,Arusha,585513.5485763147,50000,21,0,0.6840237728077578,0
TZ-LOAN-11786,45.0,Dodoma,765724.9904545085,1000000,21,0,6.15749263104139,0
TZ-LOAN-11787,46.0,Arusha,860797.9995497917,500000,28,1,4.826945529417886,0
TZ-LOAN-11788,26.0,Arusha,722263.0271601223,1000000,24,0,1.9034879366185107,0
TZ-LOAN-11789,20.0,Dar es Salaam,450291.9605319359,250000,23,0,24.809292814366106,0
TZ-LOAN-11790,42.0,Dodoma,760704.9313475501,100000,19,1,,0
TZ-LOAN-11791,51.0,Mwanza,687285.7084552553,500000,19,1,6.073237663672144,0
TZ-LOAN-11792,29.0,Dodoma,930816.8503808049,100000,30,1,4.072989483373053,0
TZ-LOAN-11793,59.0,Arusha,883081.010879455,1500000,33,0,4.01006628523701,0
TZ-LOAN-11794,26.0,Mwanza,659142.9241761887,1000000,24,0,0.10112714286944668,0
TZ-LOAN-11795,32.0,Arusha,380824.098151623,1000000,21,0,7.368120441394056,1
TZ-LOAN-11796,57.0,Dodoma,454114.95325037575,50000,26,1,12.08105162460678,0
TZ-LOAN-11797,42.0,Arusha,485063.19210859004,500000,26,0,0.6520469424260716,0
TZ-LOAN-11798,22.0,Mbeya,555420.0998251233,1000000,29,0,7.939127726545314,0
TZ-LOAN-11799,28.0,Mwanza,,250000,30,1,3.8211433856425234,0
TZ-LOAN-11800,51.0,Dar es Salaam,864552.3170384176,1500000,19,1,1.6795261176315377,1
TZ-LOAN-11801,41.0,Mbeya,634664.3920953867,250000,21,2,12.68420502348554,0
TZ-LOAN-11802,32.0,Arusha,654837.4363701417,100000,22,0,0.08761773245071518,0
TZ-LOAN-11803,55.0,Dodoma,692991.8915000011,1500000,27,0,1.6014296312532794,0
TZ-LOAN-11804,25.0,Arusha,495228.406060298,1500000,27,2,10.86875365636363,1
TZ-LOAN-11805,22.0,Dar es Salaam,372382.32270711317,250000,29,0,3.279396612127965,0
TZ-LOAN-11806,65.0,Dodoma,,1000000,26,1,4.567994347124216,1
TZ-LOAN-11807,150.0,Mwanza,441455.1925769383,250000,25,0,6.926833848018489,0
TZ-LOAN-11808,35.0,Mwanza,791943.6359803361,500000,29,1,0.8006889287913467,0
TZ-LOAN-11809,23.0,Arusha,439126.56858812977,100000,24,0,1.211473241559325,0
TZ-LOAN-11810,54.0,Mbeya,578657.8887722181,1500000,34,1,32.960537784258726,1
TZ-LOAN-11811,65.0,Dodoma,789929.386223695,500000,20,0,1.355453739210096,0
TZ-LOAN-11812,30.0,Mbeya,806206.8489268007,1000000,31,2,3.8739830437397167,1
TZ-LOAN-11813,45.0,Arusha,326140.1443501883,1000000,33,0,1.7741494491834553,1
TZ-LOAN-11814,22.0,Dodoma,949117.8069360924,250000,19,0,9.533147392995367,0
TZ-LOAN-11815,30.0,Mwanza,988205.0268066456,50000,35,0,16.318820577299917,0
TZ-LOAN-11816,34.0,Mwanza,311045.04283443204,1500000,15,0,0.7616341353155298,1
TZ-LOAN-11817,67.0,Arusha,402848.9391076538,1500000,23,0,4.58862708249375,1
TZ-LOAN-11818,57.0,Dodoma,-150000.0,50000,29,0,8.345316825859154,0
TZ-LOAN-11819,62.0,Arusha,605943.9436234097,1000000,20,1,8.65881488433543,1
TZ-LOAN-11820,49.0,Mwanza,-15933.384235555306,1000000,15,1,2.9030912695317435,0
TZ-LOAN-11821,46.0,Dar es Salaam,,1500000,27,0,1.2768898496526762,1
TZ-LOAN-11822,68.0,Mbeya,575189.1124482556,100000,22,0,2.448093167798572,0
TZ-LOAN-11823,20.0,Arusha,301087.20491461945,1500000,17,0,6.95457929955123,1
TZ-LOAN-11824,57.0,Dar es Salaam,525972.8688090676,1000000,24,1,25.398232840016792,1
TZ-LOAN-11825,51.0,Mwanza,659718.8641050736,1000000,23,2,4.040424927284947,1
TZ-LOAN-11826,57.0,Arusha,1088676.3812104187,100000,18,0,1.0853377920630514,0
TZ-LOAN-11827,44.0,Mwanza,562863.8251316632,500000,21,0,0.214197050941984,0
TZ-LOAN-11828,30.0,Mwanza,971762.5398718277,500000,20,0,14.384401482443074,0
TZ-LOAN-11829,62.0,Arusha,1078628.0486110311,100000,31,0,3.298883137827601,0
TZ-LOAN-11830,50.0,Dar es Salaam,1080292.9008056228,100000,19,0,6.30435041163668,0
TZ-LOAN-11831,23.0,Arusha,735426.3780156705,500000,27,0,5.396711297446577,0
TZ-LOAN-11832,41.0,Mwanza,61013.255648307735,500000,24,0,11.076136070448872,1
TZ-LOAN-11833,36.0,Dodoma,788247.4596211596,500000,24,0,1.5468482691172674,0
TZ-LOAN-11834,33.0,Mwanza,964519.9663440622,500000,19,0,2.9144740871572576,0
TZ-LOAN-11835,57.0,Arusha,625679.8683693749,1500000,29,0,12.245043715876736,1
TZ-LOAN-11836,45.0,Dar es Salaam,1173375.1610225746,1500000,23,0,4.404330687189945,0
TZ-LOAN-11837,50.0,Mwanza,,250000,27,1,0.37017945437887056,0
TZ-LOAN-11838,65.0,Dar es Salaam,820482.0131458353,100000,39,0,1.0813621614557822,0
TZ-LOAN-11839,58.0,Dar es Salaam,975914.2133617513,50000,26,0,1.3538954608406084,0
TZ-LOAN-11840,30.0,Mbeya,750010.9553782635,250000,30,0,25.404344631126406,0
TZ-LOAN-11841,60.0,Dar es Salaam,-97843.14981860609,50000,28,0,1.2689094286958937,0
TZ-LOAN-11842,62.0,Mwanza,500258.3145588903,50000,24,0,,0
TZ-LOAN-11843,42.0,Mwanza,1009150.408174356,1000000,36,0,0.40656901308842164,0
TZ-LOAN-11844,59.0,Arusha,407722.5979705112,100000,23,0,1.0027577504932916,0
TZ-LOAN-11845,53.0,Arusha,,1500000,27,0,10.280782246443733,1
TZ-LOAN-11846,44.0,Dar es Salaam,336549.10582907865,250000,36,0,11.460030083005822,0
TZ-LOAN-11847,55.0,Dodoma,1185176.7785605309,100000,24,0,0.9691147364261987,0
TZ-LOAN-11848,24.0,Mwanza,1154447.7372254047,500000,29,0,,0
TZ-LOAN-11849,22.0,Dar es Salaam,384839.3314577812,100000,20,0,,0
TZ-LOAN-11850,60.0,Arusha,694189.4001167252,50000,22,0,0.27060724981156586,0
TZ-LOAN-11851,62.0,Mwanza,445851.7856707857,1500000,27,0,14.52801084102786,1
TZ-LOAN-11852,68.0,Mbeya,834483.3917094134,500000,40,0,2.247686308167025,0
TZ-LOAN-11853,48.0,Arusha,802904.9231726987,100000,12,0,3.3597469072373447,0
TZ-LOAN-11854,40.0,Mbeya,893511.6714839797,100000,24,0,0.5549279512116178,0
TZ-LOAN-11855,59.0,Mwanza,749575.5343123662,1500000,25,0,0.16542994519030504,0
TZ-LOAN-11856,27.0,Dodoma,1530621.8619165404,50000,22,1,3.153838440396752,0
TZ-LOAN-11857,49.0,Dar es Salaam,341622.87049677834,500000,19,1,,0
TZ-LOAN-11858,60.0,Dar es Salaam,136818.99366904574,50000,26,0,4.975569820080079,0
TZ-LOAN-11859,47.0,Dodoma,532072.9397895616,1500000,30,0,7.9110913392606985,1
TZ-LOAN-11860,56.0,Dar es Salaam,179603.52033191978,100000,26,0,0.16091754724209414,0
TZ-LOAN-11861,48.0,Dar es Salaam,202261.31899820216,250000,26,0,4.736617818747719,0
TZ-LOAN-11862,35.0,Mbeya,349605.6037406099,250000,28,0,8.453965236860654,0
TZ-LOAN-11863,53.0,Dar es Salaam,373343.32837051176,1000000,30,0,2.8939877573598665,1
TZ-LOAN-11864,19.0,Mbeya,363614.56941498193,250000,19,1,16.05759772420248,0
TZ-LOAN-11865,31.0,Dar es Salaam,805465.6851336234,1500000,18,0,0.5893865506444753,0
TZ-LOAN-11866,30.0,Dar es Salaam,498143.28167439916,1500000,23,0,1.9503052861101593,1
TZ-LOAN-11867,46.0,Arusha,596145.627538256,1500000,24,2,1.3073110777610744,1
TZ-LOAN-11868,29.0,Dodoma,918269.8323502805,500000,26,0,27.852147137200678,0
TZ-LOAN-11869,56.0,Arusha,420103.24256557215,1000000,23,2,1.7419493309240348,1
TZ-LOAN-11870,19.0,Dar es Salaam,570636.2303885834,500000,29,1,2.4545165573285157,0
TZ-LOAN-11871,49.0,Mbeya,759727.9958278746,250000,25,0,9.406774208869136,0
TZ-LOAN-11872,30.0,Dar es Salaam,67529.65981393366,250000,29,0,13.293694291450768,1
TZ-LOAN-11873,63.0,Mwanza,-65471.65268517472,100000,33,2,13.882761178965975,0
TZ-LOAN-11874,44.0,Mwanza,753835.1986393168,500000,29,0,4.084128235647482,0
TZ-LOAN-11875,66.0,Mwanza,,50000,21,0,5.44284782103019,0
TZ-LOAN-11876,58.0,Mwanza,1269266.0404557232,100000,28,0,2.1475473038158635,0
TZ-LOAN-11877,34.0,Dar es Salaam,697428.462760043,500000,32,0,4.671748200877745,0
TZ-LOAN-11878,57.0,Mwanza,895921.9151774284,1500000,22,0,1.8030424111984114,0
TZ-LOAN-11879,48.0,Dodoma,591358.2069242079,1000000,18,0,6.852663287028258,0
TZ-LOAN-11880,51.0,Dar es Salaam,739168.1664755259,500000,29,0,1.8351426212689144,0
TZ-LOAN-11881,41.0,Arusha,1150177.0525248602,1000000,25,0,10.576823950124048,0
TZ-LOAN-11882,62.0,Dar es Salaam,12802.154562309384,1000000,13,0,0.7744107571912833,1
TZ-LOAN-11883,52.0,Mbeya,774084.8772715041,250000,28,0,4.240884406463151,0
TZ-LOAN-11884,65.0,Dodoma,1290676.0190232098,50000,26,0,3.676887250701684,0
TZ-LOAN-11885,23.0,Dar es Salaam,734610.2657628028,500000,20,0,1.5307068379948001,0
TZ-LOAN-11886,36.0,Arusha,1145171.8889698545,50000,17,2,0.142008222295551,0
TZ-LOAN-11887,47.0,Mbeya,461236.3551411673,1000000,23,0,0.8039767045161271,0
TZ-LOAN-11888,24.0,Mbeya,640385.751750886,250000,29,0,17.20247247013572,0
TZ-LOAN-11889,27.0,Arusha,660057.4107165763,50000,31,0,14.176963434845394,0
TZ-LOAN-11890,58.0,Arusha,-15277.32380763127,100000,29,0,0.6351952719808358,0
TZ-LOAN-11891,49.0,Arusha,299546.65164493996,1000000,30,1,2.348899862248604,1
TZ-LOAN-11892,51.0,Arusha,320937.47618480417,100000,18,0,3.1286261568466145,0
TZ-LOAN-11893,45.0,Mwanza,896619.8234097583,1500000,35,0,3.251127495208719,0
TZ-LOAN-11894,32.0,Dodoma,911645.9317052165,50000,33,2,1.774951964142451,0
TZ-LOAN-11895,47.0,Arusha,747210.93281196,50000,34,0,12.206525770109547,0
TZ-LOAN-11896,54.0,Mwanza,897230.8690567117,50000,22,0,11.95656792509543,0
TZ-LOAN-11897,46.0,Dar es Salaam,600755.1761834678,1500000,28,2,0.09554928131949288,1
TZ-LOAN-11898,39.0,Mbeya,1010579.5008618629,500000,29,1,5.24913027278094,0
TZ-LOAN-11899,21.0,Dar es Salaam,652636.5327896215,1000000,25,2,0.38636245387842283,1
TZ-LOAN-11900,37.0,Dar es Salaam,667359.2142280269,1000000,22,0,4.550271868854426,0
TZ-LOAN-11901,49.0,Mwanza,570322.2100212766,1000000,31,2,10.083005923102695,1
TZ-LOAN-11902,53.0,Mwanza,855335.1432909283,500000,25,0,5.242414388786459,0
TZ-LOAN-11903,67.0,Arusha,523640.35501612606,50000,21,0,3.164284743286868,0
TZ-LOAN-11904,21.0,Arusha,942929.4131594205,50000,36,0,15.838030492918644,0
TZ-LOAN-11905,44.0,Mwanza,310355.257785198,1500000,30,0,6.863902096152319,1
TZ-LOAN-11906,34.0,Dodoma,320325.1235815418,100000,25,0,1.4338082991593357,0
TZ-LOAN-11907,29.0,Arusha,856228.0265379513,500000,24,0,2.446437068405233,0
TZ-LOAN-11908,39.0,Dar es Salaam,623436.7356250961,250000,20,0,7.132985245015155,0
TZ-LOAN-11909,34.0,Arusha,513832.5751540615,500000,26,0,0.09751602602912415,0
TZ-LOAN-11910,27.0,Arusha,917017.3197426379,1500000,17,2,0.3305029829695514,1
TZ-LOAN-11911,18.0,Dodoma,467821.57577417465,100000,19,0,9.810005835528095,0
TZ-LOAN-11912,39.0,Mwanza,589939.623709889,100000,27,0,0.21947725978753954,0
TZ-LOAN-11913,43.0,Dodoma,1069768.3850213478,100000,15,0,5.674003940863016,0
TZ-LOAN-11914,35.0,Arusha,1111742.7037431952,50000,29,0,1.9202744350051533,0
TZ-LOAN-11915,67.0,Dodoma,1121719.4630810982,250000,23,0,8.740389307556454,0
TZ-LOAN-11916,31.0,Arusha,565362.2669198266,100000,27,0,9.397908928430775,0
TZ-LOAN-11917,64.0,Dodoma,1019210.8714953411,1000000,27,0,15.32424448653203,0
TZ-LOAN-11918,46.0,Mbeya,365314.15166939655,50000,25,0,0.5021388032652462,0
TZ-LOAN-11919,29.0,Mbeya,377929.13758338173,250000,32,0,,0
TZ-LOAN-11920,53.0,Arusha,-55136.75578730833,1000000,33,0,4.266093653797177,0
TZ-LOAN-11921,52.0,Dodoma,1151860.460569559,250000,33,0,12.388079237371109,0
TZ-LOAN-11922,69.0,Arusha,390806.04527717654,1500000,32,0,1.5497348321454982,1
TZ-LOAN-11923,29.0,Dodoma,,250000,27,0,0.3716110794266234,0
TZ-LOAN-11924,24.0,Mwanza,,1000000,19,0,1.1267588168171971,1
TZ-LOAN-11925,46.0,Dodoma,858549.5744990421,500000,30,0,3.421713507495496,0
TZ-LOAN-11926,28.0,Dodoma,537309.9017847979,250000,24,2,5.7136203536571815,0
TZ-LOAN-11927,50.0,Arusha,258554.9328701152,500000,25,1,5.866798054703719,1
TZ-LOAN-11928,23.0,Dodoma,782498.7692558182,250000,17,0,0.3879880768418873,0
TZ-LOAN-11929,64.0,Arusha,219880.99255693145,1500000,21,0,7.165048951017784,1
TZ-LOAN-11930,32.0,Arusha,398778.2824053526,1000000,29,0,5.397570182509185,1
TZ-LOAN-11931,49.0,Dar es Salaam,17933.265612175688,250000,29,0,2.617386492205036,1
TZ-LOAN-11932,68.0,Arusha,222812.56634071795,100000,25,1,4.232497360854201,0
TZ-LOAN-11933,28.0,Dodoma,703558.7509161434,1500000,31,1,7.29949883341588,1
TZ-LOAN-11934,40.0,Mbeya,60639.188569122576,100000,32,0,1.519685685384997,0
TZ-LOAN-11935,43.0,Mwanza,205656.2826134853,1500000,28,0,14.069846313932139,1
TZ-LOAN-11936,51.0,Dodoma,649289.3251601576,1500000,30,0,0.7411522241225608,0
TZ-LOAN-11937,63.0,Dodoma,-150000.0,250000,26,0,11.625319888253456,0
TZ-LOAN-11938,51.0,Dodoma,,1000000,28,0,6.7518946782579405,0
TZ-LOAN-11939,46.0,Dar es Salaam,1200168.9638073128,1000000,37,0,5.401680884361497,0
TZ-LOAN-11940,21.0,Mbeya,389623.2611746539,50000,35,0,0.43273740807598077,0
TZ-LOAN-11941,34.0,Dodoma,817141.2855210446,1000000,32,1,12.566815046655908,0
TZ-LOAN-11942,52.0,Arusha,874784.7670638354,500000,19,0,1.7501308415783763,0
TZ-LOAN-11943,30.0,Mbeya,470756.34259267896,250000,25,2,6.844477147270601,0
TZ-LOAN-11944,58.0,Mbeya,201337.53905053885,100000,28,0,10.805488968646234,0
TZ-LOAN-11945,56.0,Dodoma,646310.4652075827,1000000,31,3,1.4004448220096952,1
TZ-LOAN-11946,32.0,Arusha,598146.2975557668,100000,26,0,12.302091024786346,0
TZ-LOAN-11947,46.0,Mbeya,,50000,24,0,4.7329978022238075,0
TZ-LOAN-11948,46.0,Mwanza,782695.0604493455,250000,19,0,5.379830046303943,0
TZ-LOAN-11949,28.0,Arusha,424781.1178983204,1000000,27,0,12.296948165226471,1
TZ-LOAN-11950,69.0,Mbeya,304400.7357262571,100000,22,0,3.7404981438095373,0
TZ-LOAN-11951,49.0,Mbeya,682724.8911049495,1500000,21,0,2.904877586148766,0
TZ-LOAN-11952,19.0,Arusha,765791.0277706628,1000000,32,0,5.015125748495598,0
TZ-LOAN-11953,64.0,Dar es Salaam,297006.5168299841,50000,21,1,4.037445285915077,0
TZ-LOAN-11954,31.0,Arusha,928427.1832973243,1500000,18,0,0.3172327208598768,0
TZ-LOAN-11955,37.0,Mwanza,118855.65866717661,100000,24,0,0.9952558803189451,0
TZ-LOAN-11956,39.0,Dar es Salaam,476565.962385307,100000,23,0,0.06829672230122515,0
TZ-LOAN-11957,28.0,Dodoma,572597.4391407173,250000,21,0,0.5723585927926798,0
TZ-LOAN-11958,44.0,Dar es Salaam,459132.88620442105,250000,22,3,6.543883296547456,1
TZ-LOAN-11959,20.0,Mwanza,480481.85793464223,100000,30,1,0.023611471532827107,0
TZ-LOAN-11960,34.0,Mwanza,1211322.3446924342,1500000,22,0,1.8149421218834385,0
TZ-LOAN-11961,61.0,Mwanza,394734.7732883304,250000,25,0,2.9830197552662003,0
TZ-LOAN-11962,45.0,Mbeya,1382366.5167415743,100000,23,0,13.887986147395841,0
TZ-LOAN-11963,46.0,Dar es Salaam,781138.0339193156,1500000,23,0,1.9801018850711907,0
TZ-LOAN-11964,38.0,Mwanza,677616.5411935976,500000,24,0,7.642303510220774,0
TZ-LOAN-11965,64.0,Dar es Salaam,792872.1060162998,1000000,30,0,2.6277134485891542,0
TZ-LOAN-11966,33.0,Dar es Salaam,1408978.3247755857,500000,20,1,0.5184283731670587,0
TZ-LOAN-11967,54.0,Dodoma,351922.0988205656,500000,30,1,0.5203830788114192,0
TZ-LOAN-11968,37.0,Dodoma,313874.62431908323,1000000,23,0,2.831989598274464,1
TZ-LOAN-11969,23.0,Dodoma,423540.1410284237,100000,27,1,0.2981297394661265,0
TZ-LOAN-11970,36.0,Mbeya,659642.9440893682,100000,16,2,4.238714278296345,0
TZ-LOAN-11971,22.0,Mbeya,132268.662556228,250000,21,0,3.4026331328756134,0
TZ-LOAN-11972,20.0,Dodoma,656701.7717955824,50000,24,0,6.062296661193534,0
TZ-LOAN-11973,18.0,Mwanza,1158064.1400241016,100000,27,1,1.0266503472555772,0
TZ-LOAN-11974,55.0,Arusha,695422.2171874333,1000000,19,0,4.4938414243907685,0
TZ-LOAN-11975,32.0,Mbeya,562194.362307417,50000,23,0,0.9589662177308955,0
TZ-LOAN-11976,51.0,Arusha,,1000000,21,0,6.404876074096507,0
TZ-LOAN-11977,52.0,Mbeya,919553.5113654693,1000000,27,0,,0
TZ-LOAN-11978,66.0,Dar es Salaam,402250.16802858573,1000000,16,0,4.764983682881633,1
TZ-LOAN-11979,42.0,Mwanza,1203918.7761797744,50000,24,0,10.714133404054637,0
TZ-LOAN-11980,41.0,Mbeya,1230007.924314307,500000,24,0,3.349440181122219,0
TZ-LOAN-11981,29.0,Dar es Salaam,727025.2395985363,1500000,26,0,1.0677740400781044,0
TZ-LOAN-11982,35.0,Mwanza,,1000000,25,1,10.863177451884843,1
TZ-LOAN-11983,32.0,Mbeya,959197.9424724679,250000,23,0,2.220350546061989,0
TZ-LOAN-11984,61.0,Mwanza,978439.5506681976,100000,25,0,6.551351671020668,0
TZ-LOAN-11985,33.0,Mbeya,408202.4806821754,1500000,21,0,1.9290159721554927,1
TZ-LOAN-11986,44.0,Dodoma,492033.4600589894,100000,29,0,1.7706441021116905,0
TZ-LOAN-11987,25.0,Mbeya,253295.76959501137,100000,24,0,5.136506161638499,0
TZ-LOAN-11988,63.0,Mbeya,772719.4815002171,50000,30,0,0.8498592577114432,0
TZ-LOAN-11989,42.0,Dar es Salaam,849988.3650370672,250000,28,0,10.086048551329894,0
TZ-LOAN-11990,34.0,Dodoma,245022.30864161812,250000,23,0,2.4520439209932197,0
TZ-LOAN-11991,46.0,Arusha,513440.3285551523,1500000,20,0,0.09732834380477162,1
TZ-LOAN-11992,25.0,Mwanza,245823.82472559524,250000,29,1,1.8223582514389904,0
TZ-LOAN-11993,32.0,Arusha,380360.0569268487,250000,31,0,7.684803166749389,0
TZ-LOAN-11994,44.0,Arusha,815305.1180678898,250000,31,3,9.807718530525129,1
TZ-LOAN-11995,63.0,Dodoma,429955.37999651616,1500000,24,1,4.195262962198683,1
TZ-LOAN-11996,67.0,Dodoma,559752.2131903104,500000,20,1,1.7414744744905006,0
TZ-LOAN-11997,69.0,Dodoma,161806.48161580536,250000,24,0,3.7523361940529836,0
TZ-LOAN-11998,24.0,Dar es Salaam,,250000,18,0,9.050899399259606,0
TZ-LOAN-11999,20.0,Dar es Salaam,636718.0040466053,50000,23,2,1.8992633475465337,0
TZ-LOAN-12000,46.0,Mwanza,431312.22499005136,50000,27,0,2.43421894945657,0
TZ-LOAN-12001,61.0,Dodoma,593295.7106952578,250000,26,0,3.8793204109167423,0
TZ-LOAN-12002,41.0,Arusha,704088.4641510333,500000,27,1,10.907955896226824,0
TZ-LOAN-12003,20.0,Mwanza,405539.5553271968,250000,31,0,4.363151054899441,0
TZ-LOAN-12004,37.0,Dar es Salaam,207121.2367994662,250000,34,0,1.1635404513514613,0
TZ-LOAN-12005,63.0,Mbeya,1191672.3298060447,250000,31,0,0.46663295099581553,0
TZ-LOAN-12006,32.0,Mbeya,460018.1885869182,1000000,20,3,0.4991787871043638,1
TZ-LOAN-12007,42.0,Mwanza,620971.9690439332,500000,26,3,15.00368124155832,1
TZ-LOAN-12008,47.0,Dar es Salaam,953251.9205060941,100000,22,0,8.641458473813238,0
TZ-LOAN-12009,31.0,Mwanza,1708716.5562711451,250000,14,1,7.25906686992465,0
TZ-LOAN-12010,24.0,Dar es Salaam,276654.0650333403,100000,27,0,3.429513220196089,0
TZ-LOAN-12011,34.0,Dodoma,784948.164117953,500000,30,0,5.581941000053353,0
TZ-LOAN-12012,61.0,Mbeya,437734.3144117681,250000,32,0,0.6809907522793758,0
TZ-LOAN-12013,37.0,Arusha,488362.9086269868,100000,18,0,4.849719776155155,0
TZ-LOAN-12014,53.0,Dodoma,433936.393697963,1500000,30,0,8.324243956424706,1
TZ-LOAN-12015,26.0,Arusha,312303.50965982454,100000,28,0,0.32076625807703707,0
TZ-LOAN-12016,55.0,Mwanza,637612.5914646016,500000,18,0,1.755953068536579,0
TZ-LOAN-12017,65.0,Mbeya,207649.1938855293,250000,20,0,0.584234907125832,0
TZ-LOAN-12018,39.0,Arusha,934042.2699535611,1000000,20,0,1.5070597267786585,0
TZ-LOAN-12019,19.0,Mwanza,666500.8808100123,500000,14,1,7.403549887640255,0
TZ-LOAN-12020,41.0,Dar es Salaam,776730.4918704319,1000000,27,0,2.017703551908865,0
TZ-LOAN-12021,25.0,Dodoma,510143.4164161331,250000,28,0,5.850818278346744,0
TZ-LOAN-12022,28.0,Dar es Salaam,539838.8197364755,100000,16,0,7.420694208554819,0
TZ-LOAN-12023,30.0,Dodoma,736269.1715501985,1500000,27,1,8.481483523664108,1
TZ-LOAN-12024,34.0,Mbeya,300784.81027825235,1500000,24,0,10.332644090817833,1
TZ-LOAN-12025,25.0,Arusha,542602.8696759993,500000,23,0,4.551988301144101,0
TZ-LOAN-12026,38.0,Dar es Salaam,392115.94583646377,500000,35,0,1.6469655880775012,0
TZ-LOAN-12027,35.0,Dar es Salaam,382829.3568226957,500000,26,0,0.8158812094928957,0
TZ-LOAN-12028,47.0,Arusha,17048.527812307584,50000,19,0,3.5029606700227607,1
TZ-LOAN-12029,35.0,Arusha,1051797.976844,1500000,29,0,0.5466041338962161,0
TZ-LOAN-12030,63.0,Mwanza,444038.37405386934,1500000,21,0,12.080111743948336,1
TZ-LOAN-12031,64.0,Dodoma,999012.816549065,250000,23,1,2.9212866432009728,0
TZ-LOAN-12032,48.0,Mwanza,970637.6964182877,50000,26,0,10.317216816952648,0
TZ-LOAN-12033,55.0,Dar es Salaam,264200.0880450519,500000,22,1,6.176807985698688,1
TZ-LOAN-12034,49.0,Arusha,323476.6292981463,500000,25,0,9.73216612829506,0
TZ-LOAN-12035,28.0,Mbeya,1418150.8878067052,1000000,19,0,10.769019267995608,0
TZ-LOAN-12036,62.0,Dar es Salaam,1175277.782578143,50000,29,0,0.2738307911922496,0
TZ-LOAN-12037,42.0,Dar es Salaam,640544.4460015688,100000,25,2,6.459611248259945,0
TZ-LOAN-12038,50.0,Dodoma,727211.9319252048,1500000,28,0,1.2844563699122291,0
TZ-LOAN-12039,55.0,Mwanza,460746.0791158434,250000,19,0,22.686111920863326,0
TZ-LOAN-12040,58.0,Dodoma,779705.814260102,100000,24,0,7.534473726725642,0
TZ-LOAN-12041,25.0,Dar es Salaam,434845.4297832586,100000,29,0,0.01886054133305665,0
TZ-LOAN-12042,28.0,Arusha,40293.87071048457,250000,29,0,,1
TZ-LOAN-12043,39.0,Mbeya,253533.26404668472,500000,23,0,1.7287167195570232,0
TZ-LOAN-12044,68.0,Dodoma,656327.8243551762,1500000,29,1,2.6948705018017405,1
TZ-LOAN-12045,41.0,Dar es Salaam,310679.8293492237,1000000,16,1,4.737431192625921,1
TZ-LOAN-12046,58.0,Mwanza,629816.7605259396,500000,27,0,12.403166610019067,0
TZ-LOAN-12047,34.0,Dodoma,327601.6881701411,500000,21,0,13.10890084291917,0
TZ-LOAN-12048,29.0,Dar es Salaam,415293.82324940193,50000,20,0,4.144511078008815,0
TZ-LOAN-12049,63.0,Mwanza,905949.5919239576,100000,25,1,1.9042856355784967,0
TZ-LOAN-12050,49.0,Mwanza,724244.1642920314,100000,19,0,1.6368980921843916,0
TZ-LOAN-12051,32.0,Mbeya,647100.6736059958,1500000,16,0,2.2659063989507775,1
TZ-LOAN-12052,33.0,Arusha,913689.1919211954,100000,28,1,0.9953878918085426,0
TZ-LOAN-12053,39.0,Mbeya,794182.5780042042,1000000,25,0,5.540783737041995,0
TZ-LOAN-12054,45.0,Mwanza,1083968.9873754103,1000000,22,0,3.7517849913777064,0
TZ-LOAN-12055,37.0,Dodoma,512042.22130545793,1000000,27,0,7.4242724875187,0
TZ-LOAN-12056,50.0,Arusha,521109.5064417474,250000,29,0,0.4941942340585995,0
TZ-LOAN-12057,27.0,Mwanza,259667.2200825964,1500000,21,0,2.5533433832489005,1
TZ-LOAN-12058,57.0,Arusha,521305.7847882741,1000000,38,0,1.3712821270035356,0
TZ-LOAN-12059,49.0,Dodoma,939430.9682907336,50000,20,1,3.830591985811652,0
TZ-LOAN-12060,67.0,Dar es Salaam,1039996.2116786402,50000,27,0,3.1578525538709434,0
TZ-LOAN-12061,50.0,Dar es Salaam,938091.5504260004,500000,34,0,2.985236119821052,0
TZ-LOAN-12062,19.0,Mwanza,111742.44003516913,500000,32,0,1.8964555174143294,1
TZ-LOAN-12063,50.0,Mwanza,974943.5637982204,1500000,30,0,6.488589912281354,0
TZ-LOAN-12064,50.0,Mbeya,98444.41301837878,500000,26,0,3.284729185033914,1
TZ-LOAN-12065,58.0,Mwanza,919435.1972367042,500000,19,0,1.1297610834557597,0
TZ-LOAN-12066,30.0,Dar es Salaam,539664.6420286834,50000,24,1,3.96425720294871,0
TZ-LOAN-12067,47.0,Dar es Salaam,860759.9941801567,500000,24,0,4.540027695835517,0
TZ-LOAN-12068,50.0,Mbeya,250265.49563163024,50000,22,0,0.1080576659551695,0
TZ-LOAN-12069,30.0,Dodoma,1001350.289811844,1000000,38,0,1.1393903376489698,0
TZ-LOAN-12070,69.0,Arusha,210507.5761685333,1000000,26,0,1.388024491632209,1
TZ-LOAN-12071,43.0,Dar es Salaam,449463.5267440467,1500000,29,0,1.4255945485630752,1
TZ-LOAN-12072,39.0,Arusha,350571.6116692894,250000,28,1,1.3645970298223487,0
TZ-LOAN-12073,56.0,Mwanza,123714.54415325029,500000,25,2,1.584807280097951,1
TZ-LOAN-12074,19.0,Mwanza,678358.2702765405,1000000,17,0,1.5239867081907077,0
TZ-LOAN-12075,55.0,Dodoma,1191826.7353510885,1000000,30,3,10.773793446128481,1
TZ-LOAN-12076,56.0,Arusha,1450071.5666960026,1500000,24,0,1.9257238995416812,0
TZ-LOAN-12077,43.0,Dar es Salaam,679146.7361258743,100000,34,0,2.15208963943796,0
TZ-LOAN-12078,63.0,Mbeya,985004.3825202567,100000,29,0,1.5474389084542464,0
TZ-LOAN-12079,67.0,Dar es Salaam,719628.3913785612,1500000,19,0,17.14402898505203,1
TZ-LOAN-12080,32.0,Arusha,799664.9584304638,50000,21,0,3.833869575935566,0
TZ-LOAN-12081,51.0,Arusha,547355.4046618283,250000,30,0,4.715049070122259,0
TZ-LOAN-12082,59.0,Dar es Salaam,708523.0776267806,1500000,26,0,6.64932935145886,0
TZ-LOAN-12083,61.0,Dar es Salaam,811243.6113819286,100000,22,0,2.0301818721688214,0
TZ-LOAN-12084,66.0,Dodoma,476462.0813371006,250000,25,0,17.333550648394315,0
TZ-LOAN-12085,57.0,Mwanza,626751.7100321036,1000000,30,0,0.8262967732596861,0
TZ-LOAN-12086,28.0,Dodoma,632470.9643007535,1500000,15,0,,1
TZ-LOAN-12087,20.0,Dar es Salaam,,50000,31,1,,0
TZ-LOAN-12088,23.0,Dar es Salaam,330190.3485116958,250000,24,0,7.812193094115384,0
TZ-LOAN-12089,26.0,Mbeya,634537.3374177045,100000,33,1,0.5676225977292042,0
TZ-LOAN-12090,23.0,Mwanza,1223601.6407158093,1000000,21,1,4.036056239202146,0
TZ-LOAN-12091,26.0,Mbeya,999218.0457757813,1500000,27,1,0.5535756580826217,0
TZ-LOAN-12092,56.0,Mwanza,1054753.7146666115,500000,26,0,3.0134427359868905,0
TZ-LOAN-12093,48.0,Mwanza,657329.5520534102,1000000,32,0,1.6446596179524797,0
TZ-LOAN-12094,49.0,Arusha,746299.269105807,100000,25,0,11.680541751470322,0
TZ-LOAN-12095,58.0,Mwanza,950670.8500108776,1500000,26,0,0.2727867363531867,0
TZ-LOAN-12096,67.0,Dar es Salaam,1118076.6588592792,100000,32,0,5.248219699018923,0
TZ-LOAN-12097,29.0,Mwanza,64519.12613513402,500000,28,0,5.941337782148635,1
TZ-LOAN-12098,25.0,Dodoma,255367.60788504634,1000000,18,1,10.990319254293059,1
TZ-LOAN-12099,25.0,Arusha,1042833.2304207943,250000,26,0,10.507595591054592,0
TZ-LOAN-12100,67.0,Mbeya,566933.193269359,250000,32,0,18.873556531286233,0
TZ-LOAN-12101,45.0,Mwanza,448483.7632225768,1000000,16,0,1.4645408862094877,0
TZ-LOAN-12102,37.0,Mbeya,273751.70390131883,250000,28,0,1.6067139632193186,0
TZ-LOAN-12103,64.0,Dar es Salaam,483494.9895367672,1500000,27,0,2.5316182649518777,1
TZ-LOAN-12104,24.0,Mbeya,229289.21497285255,1000000,21,0,3.856375902512514,1
TZ-LOAN-12105,28.0,Mwanza,1277328.281819743,1000000,17,0,2.2875454098827914,0
TZ-LOAN-12106,37.0,Mbeya,643269.1844058279,100000,17,0,6.74107169432178,0
TZ-LOAN-12107,33.0,Dar es Salaam,632614.8374711848,50000,23,0,0.042908850942100715,0
TZ-LOAN-12108,21.0,Mwanza,826423.0025503496,100000,22,0,0.0890600588815515,0
TZ-LOAN-12109,23.0,Mbeya,938703.5507799708,250000,24,0,6.294904596774394,0
TZ-LOAN-12110,39.0,Mbeya,933766.4469663918,50000,28,0,10.733089857370608,0
TZ-LOAN-12111,43.0,Dar es Salaam,972086.5831722715,1000000,36,0,7.492781042105815,0
TZ-LOAN-12112,20.0,Dodoma,,250000,35,0,0.6226691811362387,0
TZ-LOAN-12113,58.0,Dodoma,560639.9585129416,500000,19,1,13.66484251617807,0
TZ-LOAN-12114,59.0,Arusha,880709.4966326826,250000,21,0,3.6898087836341515,0
TZ-LOAN-12115,31.0,Dar es Salaam,491783.281508114,50000,22,0,6.779701746298351,0
TZ-LOAN-12116,28.0,Dodoma,648468.0103918324,50000,21,1,1.1222607712031527,0
TZ-LOAN-12117,35.0,Mbeya,769629.1293274442,1000000,24,0,3.979174478159292,0
TZ-LOAN-12118,29.0,Dar es Salaam,885555.5246931128,1500000,30,0,2.0028416136036746,0
TZ-LOAN-12119,40.0,Mbeya,116695.71128893958,500000,38,2,18.396779443586492,1
TZ-LOAN-12120,29.0,Mbeya,864423.6949666835,1000000,35,0,3.2141351258136326,0
TZ-LOAN-12121,30.0,Arusha,579882.7826444823,500000,22,0,7.04427444598937,0
TZ-LOAN-12122,42.0,Arusha,862237.3132593143,500000,19,0,4.622016957939287,0
TZ-LOAN-12123,62.0,Mwanza,883079.5077064487,1000000,29,0,0.49522886022109947,0
TZ-LOAN-12124,68.0,Dar es Salaam,1132374.5183357473,250000,35,0,3.914569080673801,0
TZ-LOAN-12125,36.0,Dodoma,1056036.094286361,100000,29,0,3.884990883741625,0
TZ-LOAN-12126,63.0,Arusha,1053971.4987830888,500000,19,0,6.2887907288208,0
TZ-LOAN-12127,53.0,Dar es Salaam,1083101.0957498716,50000,26,0,1.9423616576174672,0
TZ-LOAN-12128,62.0,Arusha,737413.6954447838,1000000,27,0,9.853908487571006,0
TZ-LOAN-12129,25.0,Dodoma,,1500000,25,0,4.872294609575453,0
TZ-LOAN-12130,46.0,Arusha,911845.1249535003,250000,21,0,0.2006804930334344,0
TZ-LOAN-12131,49.0,Mwanza,869624.2854299068,500000,36,0,6.135111890157253,0
TZ-LOAN-12132,150.0,Dar es Salaam,557280.1289785219,1500000,26,0,11.874000215555219,1
TZ-LOAN-12133,61.0,Dar es Salaam,771447.0226424804,250000,24,0,5.746588179212489,0
TZ-LOAN-12134,35.0,Mbeya,639471.0599646217,1000000,30,0,2.3901572660092123,0
TZ-LOAN-12135,23.0,Mwanza,393820.12746198324,1500000,27,0,4.465909432273992,1
TZ-LOAN-12136,35.0,Arusha,1037138.222412905,50000,21,0,0.94007831356164,0
TZ-LOAN-12137,36.0,Mbeya,666559.7727590267,500000,29,0,4.597171758856136,0
TZ-LOAN-12138,39.0,Arusha,,500000,30,0,3.47567321663077,0
TZ-LOAN-12139,54.0,Mwanza,162352.3189400502,1500000,29,0,0.13252943123497274,1
TZ-LOAN-12140,49.0,Mbeya,482966.3681469901,250000,21,1,1.9422279725859173,0
TZ-LOAN-12141,58.0,Dodoma,659791.6510072615,1000000,20,3,1.0613101587643836,1
TZ-LOAN-12142,20.0,Dar es Salaam,991214.3292886743,100000,25,0,2.4768281285682914,0
TZ-LOAN-12143,45.0,Mwanza,769840.8117806555,500000,16,0,1.3842542414653116,0
TZ-LOAN-12144,27.0,Mwanza,743141.8262542255,50000,31,1,8.986333969811263,0
TZ-LOAN-12145,68.0,Arusha,311820.8622337559,500000,24,0,5.9814038038179715,0
TZ-LOAN-12146,52.0,Dodoma,302917.5808311586,500000,25,0,6.737575296830618,0
TZ-LOAN-12147,46.0,Dodoma,746751.3980869714,100000,25,0,2.2382159691742625,0
TZ-LOAN-12148,32.0,Mwanza,240768.20185449248,100000,37,3,0.01726158778922247,0
TZ-LOAN-12149,50.0,Mwanza,490436.6749132014,1000000,29,3,1.2368846874846546,1
TZ-LOAN-12150,24.0,Dar es Salaam,800275.1987257572,500000,23,1,7.038574853631441,0
TZ-LOAN-12151,29.0,Dodoma,355302.71831696725,500000,21,0,4.617040090126993,0
TZ-LOAN-12152,66.0,Mwanza,1131606.788708542,250000,19,0,3.867213062177259,0
TZ-LOAN-12153,47.0,Dar es Salaam,1017180.9032713671,250000,23,0,1.6461323021960184,0
TZ-LOAN-12154,38.0,Arusha,178574.0004985099,1500000,24,1,0.3938218962367116,1
TZ-LOAN-12155,48.0,Dodoma,370288.6270454039,1500000,19,0,7.6824818747784,1
TZ-LOAN-12156,41.0,Mbeya,-35733.17334848503,50000,32,1,0.19711262115117473,0
TZ-LOAN-12157,37.0,Mbeya,415222.59123556,50000,20,0,0.3047858763635563,0
TZ-LOAN-12158,54.0,Mwanza,879916.5429717198,250000,20,0,1.7473280801800377,0
TZ-LOAN-12159,21.0,Mwanza,525831.5173175429,1500000,27,0,4.254079777804664,1
TZ-LOAN-12160,45.0,Dar es Salaam,788239.1730847902,50000,22,0,24.285184498411162,0
TZ-LOAN-12161,61.0,Mwanza,193299.70451547677,500000,20,0,0.47507978011881735,1
TZ-LOAN-12162,37.0,Mwanza,889392.5763745715,1500000,25,0,3.2043944012936625,0
TZ-LOAN-12163,41.0,Dar es Salaam,483467.23162149504,100000,19,2,4.6034181208141,0
TZ-LOAN-12164,67.0,Mbeya,653650.9046848716,1500000,24,1,8.661001510259936,1
TZ-LOAN-12165,66.0,Dar es Salaam,622137.6495820842,500000,28,0,5.849691606506019,0
TZ-LOAN-12166,68.0,Dodoma,268535.44373231486,250000,20,0,8.244574361984874,0
TZ-LOAN-12167,49.0,Dodoma,304074.7004780653,1000000,34,0,3.6956310730462127,1
TZ-LOAN-12168,58.0,Mwanza,940338.3407010278,1000000,27,0,2.8455480909705244,0
TZ-LOAN-12169,53.0,Mwanza,769697.6472505087,250000,28,0,4.8212153997866265,0
TZ-LOAN-12170,51.0,Mbeya,965014.712466028,500000,19,1,11.556656624134556,0
TZ-LOAN-12171,53.0,Mbeya,747397.4706507555,50000,28,0,4.001960265418656,0
TZ-LOAN-12172,19.0,Arusha,692897.1904427649,1500000,28,0,4.6518610506870495,0
TZ-LOAN-12173,32.0,Dodoma,132196.81439997006,1500000,20,0,2.062268506781629,1
TZ-LOAN-12174,51.0,Dodoma,568889.9909716491,50000,20,0,4.53320527004624,0
TZ-LOAN-12175,53.0,Arusha,641784.7038788768,1000000,25,1,4.941137736006956,0
TZ-LOAN-12176,23.0,Arusha,1235932.1594817722,250000,22,1,7.000455216509368,0
TZ-LOAN-12177,56.0,Dodoma,856086.9896296032,250000,25,0,4.24522503728558,0
TZ-LOAN-12178,59.0,Mwanza,1110818.3545128587,100000,36,0,1.100430492109368,0
TZ-LOAN-12179,68.0,Dodoma,829261.3117684184,1000000,37,1,4.360485150831858,0
TZ-LOAN-12180,68.0,Arusha,436609.03191515617,250000,31,0,1.7681935688872255,0
TZ-LOAN-12181,29.0,Mbeya,685137.2648449554,100000,21,0,0.45687438909254174,0
TZ-LOAN-12182,20.0,Dar es Salaam,720867.0938792699,50000,28,0,8.727237049696216,0
TZ-LOAN-12183,62.0,Mbeya,368253.3290687955,1000000,29,0,0.3417802616311937,1
TZ-LOAN-12184,35.0,Mbeya,534683.7870221237,1000000,33,0,4.994331196204891,0
TZ-LOAN-12185,57.0,Arusha,588269.9018968483,250000,26,1,22.324699592330916,0
TZ-LOAN-12186,38.0,Dodoma,1131685.9497695356,250000,21,0,0.4584890046439868,0
TZ-LOAN-12187,32.0,Arusha,25777.84238270647,500000,25,1,1.243152021473317,1
TZ-LOAN-12188,50.0,Arusha,1011745.5262148129,50000,32,1,7.152364342043828,0
TZ-LOAN-12189,52.0,Mwanza,368961.42951218516,50000,29,0,0.5095774588829245,0
TZ-LOAN-12190,43.0,Mwanza,238376.2438191158,1500000,25,0,8.940581333506307,1
TZ-LOAN-12191,25.0,Dar es Salaam,1003982.6390115393,100000,27,0,0.0013507942317145523,0
TZ-LOAN-12192,53.0,Mwanza,869569.4207703143,100000,19,1,11.033981527425018,0
TZ-LOAN-12193,65.0,Dar es Salaam,1026355.610714357,500000,15,0,0.3458027437079024,0
TZ-LOAN-12194,47.0,Mbeya,890210.584263673,1500000,28,1,12.753940671371534,1
TZ-LOAN-12195,40.0,Mbeya,1267953.5005212207,50000,23,0,9.995809069284476,0
TZ-LOAN-12196,59.0,Arusha,817617.1510833456,100000,26,3,3.8778974932331933,0
TZ-LOAN-12197,61.0,Mbeya,603056.7871630525,50000,28,1,7.524232601325268,0
TZ-LOAN-12198,31.0,Mwanza,752877.9131964028,50000,26,0,0.3891420645496567,0
TZ-LOAN-12199,31.0,Mwanza,1023040.7385037891,1500000,25,0,0.7259835688065734,0
TZ-LOAN-12200,19.0,Mwanza,416187.4024219649,100000,26,0,2.304524491059727,0
TZ-LOAN-12201,54.0,Dodoma,454433.42524058576,250000,17,0,,0
TZ-LOAN-12202,22.0,Mwanza,557311.9956206278,250000,26,0,10.132889276406212,0
TZ-LOAN-12203,55.0,Arusha,18625.160370400292,1500000,27,2,3.9118644643046716,1
TZ-LOAN-12204,62.0,Arusha,691423.5225252641,100000,24,3,5.471187099245443,0
TZ-LOAN-12205,58.0,Mbeya,84161.38881469215,500000,30,0,5.6953658080495515,1
TZ-LOAN-12206,64.0,Dar es Salaam,665917.7938797857,1000000,31,0,10.501002736310689,0
TZ-LOAN-12207,31.0,Dodoma,,1500000,26,0,7.497421543025508,0
TZ-LOAN-12208,56.0,Dar es Salaam,506937.0618068493,50000,33,0,18.86789628366213,0
TZ-LOAN-12209,42.0,Dodoma,1153134.7610560614,1500000,20,0,0.1010780175551172,0
TZ-LOAN-12210,37.0,Arusha,211849.73017445364,1000000,19,1,1.1648879654106001,1
TZ-LOAN-12211,19.0,Arusha,1007378.2044895497,1500000,27,1,13.328240229560869,1
TZ-LOAN-12212,56.0,Dodoma,852541.1169220762,100000,26,1,7.8563825676766665,0
TZ-LOAN-12213,23.0,Mbeya,135190.0255067933,50000,28,0,1.5555228910859087,0
TZ-LOAN-12214,34.0,Mwanza,1463238.28971216,1000000,26,0,18.295953810370825,0
TZ-LOAN-12215,42.0,Mwanza,630876.4143488101,250000,25,1,10.196530359632048,0
TZ-LOAN-12216,45.0,Dar es Salaam,386754.7933533105,500000,29,0,0.3342110706318044,0
TZ-LOAN-12217,19.0,Arusha,227873.84156479494,1500000,28,1,8.338245002364369,1
TZ-LOAN-12218,52.0,Mwanza,583994.5917020978,1500000,23,0,7.673684462194972,1
TZ-LOAN-12219,54.0,Arusha,611777.9382830121,1000000,40,1,1.2497036207194943,0
TZ-LOAN-12220,22.0,Arusha,,500000,22,1,5.531909637781254,0
TZ-LOAN-12221,18.0,Arusha,560661.1531328119,1500000,22,0,17.57058515044366,1
TZ-LOAN-12222,57.0,Mwanza,839967.5930345281,250000,30,0,5.633034479637401,0
TZ-LOAN-12223,29.0,Mwanza,,1000000,27,0,8.403734897043718,0
TZ-LOAN-12224,53.0,Mwanza,69510.76482785866,100000,17,0,0.5233955158099011,0
TZ-LOAN-12225,62.0,Dodoma,605191.5513051077,50000,22,0,6.499827222858926,0
TZ-LOAN-12226,40.0,Mwanza,-60243.29601198342,250000,25,0,1.1455233784939225,0
TZ-LOAN-12227,64.0,Arusha,756131.1892674168,500000,26,3,0.3728320839440871,1
TZ-LOAN-12228,48.0,Arusha,356209.9309152094,500000,25,0,4.015674419779339,0
TZ-LOAN-12229,28.0,Dar es Salaam,699008.1064747402,250000,20,0,6.9437090202800755,0
TZ-LOAN-12230,27.0,Mbeya,1044222.4944573813,100000,32,1,3.956500505523746,0
TZ-LOAN-12231,20.0,Dodoma,365375.3914196,1500000,28,0,13.411683766496056,1
TZ-LOAN-12232,31.0,Dar es Salaam,968376.8775536354,100000,18,1,5.948153159803859,0
TZ-LOAN-12233,33.0,Dodoma,519983.12999415403,1500000,21,0,0.6254064008320861,1
TZ-LOAN-12234,27.0,Dodoma,1175958.4406196757,1500000,19,1,13.62991473026192,1
TZ-LOAN-12235,46.0,Arusha,540454.216040536,500000,29,1,0.8296117047755462,0
TZ-LOAN-12236,27.0,Arusha,397852.1043479926,1500000,24,1,7.099368311841026,1
TZ-LOAN-12237,29.0,Arusha,856171.5351185865,250000,28,1,0.8040353854329917,0
TZ-LOAN-12238,47.0,Arusha,519263.08111290925,1500000,23,0,32.78646325601738,1
TZ-LOAN-12239,58.0,Dar es Salaam,397565.14576129743,250000,21,0,2.0187392281881227,0
TZ-LOAN-12240,18.0,Mbeya,506648.0447888627,50000,21,0,,0
TZ-LOAN-12241,22.0,Mbeya,636618.0403450995,500000,21,0,3.144645181669939,0
TZ-LOAN-12242,37.0,Dar es Salaam,1052654.0393734563,100000,19,0,0.5373537302301872,0
TZ-LOAN-12243,25.0,Mbeya,69773.67636212683,1000000,24,2,3.4062412719607544,1
TZ-LOAN-12244,60.0,Mwanza,656924.1976851262,100000,34,0,0.8096895757175516,0
TZ-LOAN-12245,29.0,Mwanza,837471.0783962129,100000,30,1,8.096956866471395,0
TZ-LOAN-12246,18.0,Mwanza,708034.5724975389,1000000,25,2,15.887881730953472,1
TZ-LOAN-12247,37.0,Arusha,1042959.5508300603,500000,23,0,8.2528216769991,0
TZ-LOAN-12248,45.0,Mwanza,627696.4010724428,1500000,29,0,2.819936605693067,0
TZ-LOAN-12249,60.0,Dodoma,594634.5673442164,50000,30,0,0.011871065846358364,0
TZ-LOAN-12250,54.0,Dodoma,827698.864104003,100000,27,0,0.1866584877650384,0
TZ-LOAN-12251,64.0,Dar es Salaam,679794.1444854048,1500000,33,0,3.4163322303276775,0
TZ-LOAN-12252,54.0,Dodoma,,100000,31,1,5.689166910016135,0
TZ-LOAN-12253,29.0,Dar es Salaam,804843.2118759139,500000,22,0,8.560512137776094,0
TZ-LOAN-12254,54.0,Mbeya,454241.5120350064,500000,18,0,4.575600972108142,0
TZ-LOAN-12255,66.0,Dodoma,466646.8543942019,250000,13,0,19.155240487365653,0
TZ-LOAN-12256,66.0,Dodoma,491601.7934703159,500000,22,0,3.403900172623904,0
TZ-LOAN-12257,61.0,Dar es Salaam,1055920.7480499223,500000,23,1,4.58181367179738,0
TZ-LOAN-12258,45.0,Dodoma,-316304.90679571405,100000,24,2,1.3074883009946938,0
TZ-LOAN-12259,64.0,Dar es Salaam,768679.6504288827,50000,26,1,2.075005772034685,0
TZ-LOAN-12260,32.0,Dodoma,660281.5442600667,100000,30,0,5.746345860217932,0
TZ-LOAN-12261,23.0,Arusha,145738.86222856393,1500000,28,0,4.602012539034882,1
TZ-LOAN-12262,61.0,Mbeya,742918.0337408007,500000,20,0,2.3073914074767488,0
TZ-LOAN-12263,37.0,Dodoma,792725.5975494597,250000,19,0,0.5938160662839407,0
TZ-LOAN-12264,67.0,Mbeya,826891.76940722,50000,25,0,2.097428809930922,0
TZ-LOAN-12265,31.0,Dodoma,-145548.41891348467,250000,20,0,0.2258006506709378,0
TZ-LOAN-12266,19.0,Dodoma,1059916.8235563315,1000000,36,0,4.346644833630639,0
TZ-LOAN-12267,26.0,Arusha,428678.9885945477,250000,22,0,1.9505343319864834,0
TZ-LOAN-12268,54.0,Mwanza,855970.3240259528,250000,21,3,2.3889574485585436,1
TZ-LOAN-12269,37.0,Mwanza,872322.1342046858,1500000,24,0,4.279368552858595,0
TZ-LOAN-12270,43.0,Mbeya,386990.8743142121,500000,23,0,4.3528573203807746,0
TZ-LOAN-12271,46.0,Mbeya,848137.9857054651,1500000,23,2,,1
TZ-LOAN-12272,18.0,Arusha,,500000,19,2,3.3823472445475486,1
TZ-LOAN-12273,52.0,Dar es Salaam,28586.84619855287,1500000,26,1,3.3483490516459624,1
TZ-LOAN-12274,23.0,Mbeya,1000322.5776583337,500000,28,0,8.607980854244268,0
TZ-LOAN-12275,54.0,Mwanza,417486.511095128,500000,33,0,3.1513732302331308,0
TZ-LOAN-12276,22.0,Arusha,393651.96117858373,500000,18,0,3.839678649893729,0
TZ-LOAN-12277,50.0,Dar es Salaam,529080.2395889834,250000,20,0,22.2109543259814,0
TZ-LOAN-12278,66.0,Arusha,731671.0175982164,1000000,39,2,0.9986615508744507,0
TZ-LOAN-12279,68.0,Mwanza,632818.8767533693,500000,24,1,6.480823938137638,0
TZ-LOAN-12280,31.0,Arusha,814420.0774121511,1000000,22,0,3.2045498380715114,0
TZ-LOAN-12281,29.0,Dodoma,,1000000,27,0,8.875741406758074,1
TZ-LOAN-12282,59.0,Mwanza,427284.0888707796,100000,31,0,2.587846243349649,0
TZ-LOAN-12283,37.0,Dar es Salaam,615200.8783035399,100000,27,1,1.8047734953448427,0
TZ-LOAN-12284,67.0,Arusha,1219366.1877976116,50000,23,0,1.1646198367182616,0
TZ-LOAN-12285,41.0,Mwanza,,1500000,25,0,10.287897540370505,1
TZ-LOAN-12286,60.0,Mwanza,975566.6790984895,100000,26,0,6.335068249533218,0
TZ-LOAN-12287,51.0,Dar es Salaam,,500000,26,0,0.4000909870250886,0
TZ-LOAN-12288,42.0,Mwanza,504902.4087687294,1000000,26,0,6.2499133197668,0
TZ-LOAN-12289,67.0,Dar es Salaam,575982.6727656678,1500000,22,0,0.17821687927909155,1
TZ-LOAN-12290,46.0,Mwanza,599474.0863913357,50000,25,0,1.0021817109416082,0
TZ-LOAN-12291,56.0,Arusha,831093.7216882216,100000,36,0,4.4922259038618915,0
TZ-LOAN-12292,48.0,Dar es Salaam,1062383.3802729663,250000,27,3,3.113539878433289,0
TZ-LOAN-12293,64.0,Dar es Salaam,757904.2543058963,1500000,28,1,9.178042121720168,1
TZ-LOAN-12294,60.0,Mwanza,1006123.3036225266,50000,22,0,4.681069154880512,0
TZ-LOAN-12295,67.0,Dodoma,360563.07871109433,500000,24,0,16.75840345477668,0
TZ-LOAN-12296,40.0,Dar es Salaam,525610.8473557908,1500000,28,0,,1
TZ-LOAN-12297,61.0,Dodoma,432709.2397377,1000000,23,0,2.079208527259335,0
TZ-LOAN-12298,55.0,Mbeya,744333.3772624558,500000,26,0,8.983386096340277,0
TZ-LOAN-12299,37.0,Arusha,542312.4844461759,500000,17,0,10.198615997507241,0
TZ-LOAN-12300,40.0,Dodoma,868931.8811102586,1500000,32,3,17.48716338940231,1
TZ-LOAN-12301,62.0,Arusha,370699.48651026754,250000,29,0,0.06321254080568603,0
TZ-LOAN-12302,69.0,Dar es Salaam,662909.2919963844,250000,23,0,10.386990353867846,0
TZ-LOAN-12303,33.0,Arusha,856057.3733036768,1500000,27,0,0.36229067684960037,0
TZ-LOAN-12304,67.0,Dodoma,30409.167487816885,1500000,25,0,3.755109102753569,1
TZ-LOAN-12305,59.0,Dar es Salaam,1286489.3921990609,1500000,25,0,2.6778422568045124,0
TZ-LOAN-12306,25.0,Dodoma,565054.4345360373,1000000,14,0,12.62125000667371,0
TZ-LOAN-12307,67.0,Dar es Salaam,42488.025897148065,100000,27,0,2.597245497284236,0
TZ-LOAN-12308,38.0,Dodoma,697428.1695730358,500000,21,0,4.532230174828912,0
TZ-LOAN-12309,18.0,Dar es Salaam,660033.0403919453,1500000,32,2,5.886308263070299,1
TZ-LOAN-12310,25.0,Dodoma,625431.6861282521,100000,31,2,0.09606576398350387,0
TZ-LOAN-12311,46.0,Mbeya,947357.3338779998,1000000,25,1,4.469360265392972,0
TZ-LOAN-12312,49.0,Dodoma,874233.4914281168,500000,28,0,3.64897112962697,0
TZ-LOAN-12313,55.0,Dodoma,739362.8573071535,100000,17,0,,0
TZ-LOAN-12314,22.0,Mbeya,785046.6901839944,500000,25,0,0.3938312612491545,0
TZ-LOAN-12315,64.0,Arusha,618692.465168574,250000,29,3,0.2858069693398764,0
TZ-LOAN-12316,39.0,Dar es Salaam,1182647.2547720145,1500000,20,0,0.977303517539974,0
TZ-LOAN-12317,64.0,Dodoma,206241.19449267,250000,29,0,10.181936148411975,0
TZ-LOAN-12318,51.0,Arusha,691895.5022647689,50000,27,1,2.2039414658034313,0
TZ-LOAN-12319,18.0,Mwanza,669507.389356634,1000000,23,0,,0
TZ-LOAN-12320,43.0,Arusha,893984.1218193779,1500000,26,1,2.4728447531042304,0
TZ-LOAN-12321,60.0,Mwanza,396843.8367725302,100000,27,3,6.2652923369094715,1
TZ-LOAN-12322,27.0,Dar es Salaam,126898.21928103914,500000,21,2,1.501983146345015,1
TZ-LOAN-12323,47.0,Mwanza,697046.904829458,50000,27,0,0.3542230246000105,0
TZ-LOAN-12324,67.0,Mbeya,734369.1476655812,1000000,26,0,2.3754820244684964,0
TZ-LOAN-12325,35.0,Mbeya,,1000000,21,0,6.5067437268358,0
TZ-LOAN-12326,34.0,Arusha,,1000000,20,0,12.323639957818921,1
TZ-LOAN-12327,43.0,Mbeya,,100000,25,0,0.2607923642003741,0
TZ-LOAN-12328,25.0,Mbeya,1360224.3092081365,1500000,28,0,8.316728921890302,0
TZ-LOAN-12329,64.0,Arusha,536670.5337432568,250000,15,0,0.34235872371801174,0
TZ-LOAN-12330,57.0,Dodoma,262717.3341520328,50000,24,0,2.0073202495180356,0
TZ-LOAN-12331,66.0,Dar es Salaam,527907.6900879886,100000,21,0,0.1127698371560055,0
TZ-LOAN-12332,29.0,Mwanza,654201.4902114142,500000,19,2,12.126120063338163,1
TZ-LOAN-12333,44.0,Arusha,819136.3625020743,100000,33,1,6.134313881250762,0
TZ-LOAN-12334,25.0,Mbeya,472581.58104858577,500000,28,1,2.3033187664808965,0
TZ-LOAN-12335,42.0,Mwanza,1116559.5602442026,500000,23,0,2.369709533847421,0
TZ-LOAN-12336,63.0,Dodoma,,1000000,35,0,5.1060742624621795,1
TZ-LOAN-12337,21.0,Dar es Salaam,128238.45434816001,100000,28,0,0.4696213798391534,0
TZ-LOAN-12338,50.0,Dar es Salaam,982013.1272861953,250000,23,0,0.7835534522156775,0
TZ-LOAN-12339,18.0,Mbeya,-32386.309361859923,500000,22,0,9.393919338057117,0
TZ-LOAN-12340,36.0,Dodoma,588761.0693381851,1000000,17,1,1.130195485110589,1
TZ-LOAN-12341,48.0,Dar es Salaam,,250000,23,0,6.485311216938497,0
TZ-LOAN-12342,33.0,Mwanza,646386.9341120205,100000,19,0,1.2796439514645863,0
TZ-LOAN-12343,31.0,Mwanza,313769.70479112514,250000,28,2,0.46137868649793,0
TZ-LOAN-12344,65.0,Mbeya,632780.7608639619,100000,18,2,11.514543890617928,0
TZ-LOAN-12345,22.0,Dodoma,634759.76341414,500000,21,0,11.597272075035473,0
TZ-LOAN-12346,58.0,Mwanza,,50000,28,0,4.648297201164937,0
TZ-LOAN-12347,43.0,Dar es Salaam,848678.8946478859,50000,25,0,3.099798143080674,0
TZ-LOAN-12348,45.0,Mwanza,-150000.0,1500000,31,0,4.023298711141116,1
TZ-LOAN-12349,19.0,Dar es Salaam,1156264.416571038,1500000,23,1,2.6223195755623827,0
TZ-LOAN-12350,67.0,Dodoma,723534.2853117853,500000,19,0,7.077063391721044,0
TZ-LOAN-12351,23.0,Mbeya,868038.2139205411,250000,28,0,7.023528205009995,0
TZ-LOAN-12352,26.0,Mbeya,461555.18007330725,100000,25,0,8.545728003432911,0
TZ-LOAN-12353,50.0,Mbeya,1035914.6410986601,50000,21,0,3.70041915112332,0
TZ-LOAN-12354,58.0,Arusha,572884.2773560806,100000,26,0,8.080849145291161,0
TZ-LOAN-12355,42.0,Mbeya,733265.7540480595,500000,25,0,0.8463471171069176,0
TZ-LOAN-12356,65.0,Mbeya,370068.17684386723,250000,22,0,0.15299056963670835,0
TZ-LOAN-12357,30.0,Dar es Salaam,350920.51207936194,100000,23,1,5.221374104937389,0
TZ-LOAN-12358,26.0,Dodoma,856461.5919358648,250000,21,0,0.5573178287786678,0
TZ-LOAN-12359,30.0,Dodoma,516917.9509377842,50000,28,0,3.999987483581655,0
TZ-LOAN-12360,48.0,Mwanza,393853.0737486869,100000,24,0,6.384957324353165,0
TZ-LOAN-12361,58.0,Mbeya,457044.99739189085,1000000,26,3,2.6135247404028563,1
TZ-LOAN-12362,28.0,Dodoma,859685.9215152264,50000,16,2,0.22432114289067545,0
TZ-LOAN-12363,21.0,Dodoma,461288.6416389167,250000,23,1,10.907654856948628,0
TZ-LOAN-12364,51.0,Dodoma,614703.5205193508,500000,18,0,0.2210398616193904,0
TZ-LOAN-12365,55.0,Dodoma,654508.3250861291,1000000,27,0,11.75638307733598,0
TZ-LOAN-12366,63.0,Dar es Salaam,74795.33419691026,1500000,23,0,0.27033087596131394,1
TZ-LOAN-12367,21.0,Mbeya,208662.0783879446,100000,22,0,6.643137576061094,0
TZ-LOAN-12368,55.0,Dodoma,750883.3667742688,1500000,27,0,12.941130397639727,0
TZ-LOAN-12369,36.0,Dar es Salaam,428891.1916541909,50000,24,0,11.874720637982692,0
TZ-LOAN-12370,23.0,Arusha,967017.4733841256,100000,35,0,11.192651000256395,0
TZ-LOAN-12371,51.0,Mwanza,940042.1312751633,100000,27,0,10.731267816586387,0
TZ-LOAN-12372,35.0,Dar es Salaam,865750.5999066312,1000000,16,0,3.5709321160510408,0
TZ-LOAN-12373,30.0,Mwanza,1195931.5361937792,1000000,19,1,4.078730879708728,0
TZ-LOAN-12374,58.0,Mwanza,625073.2016770451,1000000,24,0,4.834204055469317,0
TZ-LOAN-12375,40.0,Arusha,844664.5777711517,1000000,31,0,11.314341686029735,0
TZ-LOAN-12376,36.0,Arusha,474679.70702119067,500000,23,0,9.10574839292403,0
TZ-LOAN-12377,62.0,Arusha,1385710.9738606173,250000,26,3,7.638795801326575,1
TZ-LOAN-12378,28.0,Dar es Salaam,1245090.0957308058,1000000,26,0,5.630804555513417,0
TZ-LOAN-12379,18.0,Arusha,653564.1303553376,50000,30,0,4.816698415257265,0
TZ-LOAN-12380,41.0,Dodoma,765975.8689715577,100000,20,0,12.785248899950929,0
TZ-LOAN-12381,24.0,Dar es Salaam,1057789.2798094417,1500000,34,0,1.0699539996645704,0
TZ-LOAN-12382,42.0,Mbeya,605858.148555768,1000000,33,0,1.0704545283385345,0
TZ-LOAN-12383,38.0,Arusha,453012.7787600886,50000,20,0,20.219073585322395,0
TZ-LOAN-12384,32.0,Dar es Salaam,912196.9253020647,500000,19,0,4.027762630858505,0
TZ-LOAN-12385,18.0,Arusha,673531.773825101,50000,22,0,3.302181645894694,0
TZ-LOAN-12386,29.0,Mwanza,704898.3348935781,1500000,28,0,9.505485242185188,0
TZ-LOAN-12387,24.0,Dodoma,399718.59707961034,1500000,22,0,9.4778699954833,1
TZ-LOAN-12388,32.0,Mwanza,134698.35549098108,50000,29,0,0.9715538028818398,0
TZ-LOAN-12389,38.0,Arusha,720842.7229637303,500000,33,0,0.953214256253498,0
TZ-LOAN-12390,36.0,Dar es Salaam,921488.61244826,1500000,22,1,7.930188357503852,1
TZ-LOAN-12391,46.0,Dodoma,582257.9752771874,500000,18,0,7.70031565290914,0
TZ-LOAN-12392,42.0,Mwanza,1080928.8558676601,100000,25,0,1.2756658299360009,0
TZ-LOAN-12393,50.0,Dodoma,438825.1023753367,1000000,20,0,9.210323193853892,1
TZ-LOAN-12394,66.0,Dodoma,333588.663510224,1500000,16,0,3.2701239987381414,1
TZ-LOAN-12395,49.0,Arusha,629830.9078411607,50000,32,1,3.1742886714743035,0
TZ-LOAN-12396,66.0,Dodoma,625222.2273946129,250000,20,0,21.235238989383703,0
TZ-LOAN-12397,52.0,Mbeya,880990.6194005668,250000,30,1,3.6616712758480388,0
TZ-LOAN-12398,61.0,Mbeya,417511.15278080455,100000,30,0,0.7369658581355308,0
TZ-LOAN-12399,55.0,Mwanza,1060428.2710444694,250000,24,2,1.643602537957792,0
TZ-LOAN-12400,43.0,Mwanza,1240075.088752476,100000,28,0,2.0299420881513046,0
TZ-LOAN-12401,28.0,Dar es Salaam,638256.7919094975,1000000,24,0,15.906327459808868,0
TZ-LOAN-12402,52.0,Arusha,1024913.1260552956,100000,25,0,1.5328797762058624,0
TZ-LOAN-12403,25.0,Mwanza,333050.878812422,500000,37,0,2.8141303963995967,0
TZ-LOAN-12404,63.0,Dar es Salaam,972566.4623545748,500000,31,0,6.924188102970725,0
TZ-LOAN-12405,31.0,Mwanza,964182.9225678388,500000,17,2,1.6016896476251643,0
TZ-LOAN-12406,27.0,Dar es Salaam,909031.1840569635,1500000,31,0,6.047306747945088,0
TZ-LOAN-12407,19.0,Arusha,645331.0733389118,500000,23,0,1.1629248854090004,0
TZ-LOAN-12408,63.0,Arusha,-236274.6823726094,500000,33,0,1.3887740614651534,0
TZ-LOAN-12409,26.0,Mwanza,457481.85690436116,500000,24,0,21.46346681635047,0
TZ-LOAN-12410,20.0,Mbeya,462225.1946946194,500000,14,2,2.3018066045844856,1
TZ-LOAN-12411,38.0,Dodoma,356523.5185818568,1500000,25,0,6.540857302278596,1
TZ-LOAN-12412,43.0,Mwanza,686672.9013641198,500000,25,0,9.16487948702371,0
TZ-LOAN-12413,25.0,Dar es Salaam,524310.9663436296,500000,30,0,2.1297600641599463,0
TZ-LOAN-12414,65.0,Arusha,402616.39707049343,1000000,35,1,,1
TZ-LOAN-12415,19.0,Mwanza,332359.9555256541,1500000,19,0,7.415975154290883,1
TZ-LOAN-12416,23.0,Arusha,435346.1043544314,500000,14,0,4.669745438123196,0
TZ-LOAN-12417,45.0,Mwanza,,100000,25,0,2.245141128996616,0
TZ-LOAN-12418,46.0,Arusha,451692.48361175176,1000000,25,0,6.9228005991761234,0
TZ-LOAN-12419,43.0,Mbeya,495518.38807001826,1500000,18,2,9.964668365506128,1
TZ-LOAN-12420,42.0,Dar es Salaam,512990.7154930261,250000,28,0,1.3396474605204711,0
TZ-LOAN-12421,29.0,Mwanza,751698.0541428259,50000,23,0,0.12328825223255052,0
TZ-LOAN-12422,22.0,Arusha,786874.8465585598,1500000,25,0,1.6020392780013983,0
TZ-LOAN-12423,51.0,Mwanza,-263396.9617729486,1000000,24,0,5.61180493712218,0
TZ-LOAN-12424,65.0,Dar es Salaam,956490.5641482824,500000,29,0,12.340380504718135,0
TZ-LOAN-12425,54.0,Mwanza,1080910.410273126,1000000,22,0,9.941221704590738,0
TZ-LOAN-12426,32.0,Dodoma,334944.03879149916,50000,20,0,,0
TZ-LOAN-12427,61.0,Arusha,358310.5265795496,50000,28,1,10.643165928727976,0
TZ-LOAN-12428,53.0,Dar es Salaam,514923.9836665186,1500000,12,0,8.322949001615772,1
TZ-LOAN-12429,32.0,Mbeya,423198.7941630186,500000,33,0,6.6288371926245055,0
TZ-LOAN-12430,60.0,Dodoma,,500000,30,0,5.827397656794649,0
TZ-LOAN-12431,65.0,Mwanza,66042.41409234074,100000,35,0,8.227722182772073,0
TZ-LOAN-12432,40.0,Mwanza,-150000.0,50000,25,0,9.892717146735022,0
TZ-LOAN-12433,23.0,Dodoma,1111759.1600524723,500000,26,0,8.549371326347707,0
TZ-LOAN-12434,63.0,Mbeya,371534.00979559467,50000,25,3,0.6496798473272065,0
TZ-LOAN-12435,67.0,Mbeya,1023028.4834308774,100000,20,1,6.403455221374042,0
TZ-LOAN-12436,61.0,Mwanza,756601.4586770411,250000,28,0,9.20383123822918,0
TZ-LOAN-12437,60.0,Mwanza,107219.68562352262,50000,24,0,1.027169035578685,0
TZ-LOAN-12438,62.0,Mbeya,840598.7585648618,100000,28,0,1.2027047126218364,0
TZ-LOAN-12439,38.0,Mbeya,614699.8093421439,100000,26,0,7.708358368612891,0
TZ-LOAN-12440,40.0,Mbeya,513359.8831250778,100000,25,1,2.1074328451919784,0
TZ-LOAN-12441,60.0,Mwanza,723487.1279516012,1000000,21,0,2.5516371146707124,0
TZ-LOAN-12442,33.0,Arusha,792390.0456700376,1500000,25,0,2.367322275219505,0
TZ-LOAN-12443,64.0,Dodoma,862277.5465923859,500000,25,0,1.196571103037594,0
TZ-LOAN-12444,32.0,Mbeya,1003475.8542644007,50000,24,1,13.96757415200219,0
TZ-LOAN-12445,42.0,Mwanza,772440.773833507,1500000,23,0,8.195877857241037,0
TZ-LOAN-12446,53.0,Dar es Salaam,237309.77336409147,1000000,21,0,1.4420057019913624,1
TZ-LOAN-12447,28.0,Mwanza,,50000,31,0,0.560735090890381,0
TZ-LOAN-12448,68.0,Arusha,1532914.5005805865,1500000,26,0,2.3309361305024403,0
TZ-LOAN-12449,32.0,Arusha,867347.3181145183,1000000,23,2,2.683353971213376,1
TZ-LOAN-12450,21.0,Mbeya,1360786.190243449,500000,25,0,,0
TZ-LOAN-12451,38.0,Dodoma,1068630.2246597556,100000,30,0,10.908574419962001,0
TZ-LOAN-12452,30.0,Mwanza,722540.6214667246,1500000,24,0,9.528580409293939,0
TZ-LOAN-12453,39.0,Dodoma,740422.1209343353,1500000,28,0,9.491045820788532,0
TZ-LOAN-12454,36.0,Dar es Salaam,639025.9880369463,50000,29,0,8.194417395839043,0
TZ-LOAN-12455,51.0,Dodoma,128658.61524605018,100000,27,0,,0
TZ-LOAN-12456,31.0,Dodoma,655414.1757404673,500000,32,1,5.032728122895165,0
TZ-LOAN-12457,21.0,Mbeya,1013202.3657626591,50000,22,0,16.130667662811767,0
TZ-LOAN-12458,65.0,Dar es Salaam,470108.0015536389,250000,23,1,6.219287237710302,0
TZ-LOAN-12459,69.0,Arusha,773585.8997185428,250000,32,2,4.974574477050391,0
TZ-LOAN-12460,63.0,Dodoma,905477.3137679591,250000,26,2,7.775342607903327,0
TZ-LOAN-12461,44.0,Dar es Salaam,377095.86820625735,500000,21,0,1.413580945981293,0
TZ-LOAN-12462,46.0,Dar es Salaam,514609.1406969006,250000,24,3,17.078338262221408,1
TZ-LOAN-12463,64.0,Arusha,344626.55285685224,1500000,23,0,0.09673973454992436,1
TZ-LOAN-12464,45.0,Mbeya,403350.3179931779,50000,22,0,5.226376250252737,0
TZ-LOAN-12465,52.0,Dar es Salaam,263718.41490408167,1500000,31,1,0.4011405433044249,1
TZ-LOAN-12466,25.0,Arusha,379865.46158659196,250000,33,0,9.597029128470464,0
TZ-LOAN-12467,33.0,Mwanza,1075836.7042393517,50000,17,0,17.15417942531093,0
TZ-LOAN-12468,59.0,Dar es Salaam,375356.89127291227,1500000,23,1,2.626404073830326,1
TZ-LOAN-12469,53.0,Mwanza,687937.765718207,500000,27,0,9.730315184898075,0
TZ-LOAN-12470,47.0,Mwanza,,100000,22,1,2.0452677791190848,0
TZ-LOAN-12471,35.0,Dar es Salaam,1003659.7811110817,1500000,21,1,0.8682187572170093,0
TZ-LOAN-12472,19.0,Arusha,1043348.688981085,1000000,17,0,1.6193062056144625,0
TZ-LOAN-12473,66.0,Mwanza,909220.9946416841,250000,33,0,1.7965489487543644,0
TZ-LOAN-12474,30.0,Mbeya,741840.3659308266,1000000,21,0,4.980297061296698,0
TZ-LOAN-12475,21.0,Dodoma,580682.1389477304,100000,37,0,7.951806120474969,0
TZ-LOAN-12476,43.0,Mwanza,292437.588742625,500000,31,0,1.1484279404738282,0
TZ-LOAN-12477,42.0,Mwanza,1233058.664336659,1500000,37,0,0.46170739893929935,0
TZ-LOAN-12478,47.0,Dodoma,422098.094674234,500000,36,0,1.252906760822833,0
TZ-LOAN-12479,28.0,Arusha,849093.9041098524,100000,25,0,1.7587058353719107,0
TZ-LOAN-12480,24.0,Mbeya,967869.6717870191,1000000,28,0,1.6412334171189948,0
TZ-LOAN-12481,48.0,Mbeya,,1500000,24,0,1.2419892764146852,1
TZ-LOAN-12482,61.0,Mwanza,961403.7581947886,250000,36,0,3.1367991269084388,0
TZ-LOAN-12483,27.0,Dar es Salaam,879263.9610016566,50000,26,0,9.689114266217402,0
TZ-LOAN-12484,56.0,Dar es Salaam,1168389.1506145296,500000,27,0,0.5287390621677982,0
TZ-LOAN-12485,30.0,Mwanza,509196.06007198663,100000,32,2,9.903596017863364,0
TZ-LOAN-12486,48.0,Dar es Salaam,264240.79481608554,1500000,31,0,3.435909352322273,1
TZ-LOAN-12487,24.0,Mbeya,,1000000,17,0,5.400935494295894,0
TZ-LOAN-12488,66.0,Mbeya,,250000,26,1,8.446929306000682,0
TZ-LOAN-12489,59.0,Dodoma,667463.818125517,1000000,22,0,1.814377305758501,0
TZ-LOAN-12490,59.0,Mbeya,531968.6311176348,250000,22,0,15.421135228396789,0
TZ-LOAN-12491,53.0,Arusha,77240.76230682712,1500000,23,0,0.4372551860478283,1
TZ-LOAN-12492,37.0,Mbeya,791144.8988387319,50000,24,1,3.750349288588939,0
TZ-LOAN-12493,21.0,Mwanza,,50000,27,0,1.4705358046430252,0
TZ-LOAN-12494,24.0,Dar es Salaam,789275.371436901,100000,20,0,2.6207896718151487,0
TZ-LOAN-12495,18.0,Dar es Salaam,832740.6557160541,100000,24,0,2.9788695452821603,0
TZ-LOAN-12496,61.0,Mbeya,821733.5918465306,250000,24,0,12.296880124712832,0
TZ-LOAN-12497,62.0,Mbeya,769114.0009647199,250000,26,0,2.913233200227887,0
TZ-LOAN-12498,59.0,Dar es Salaam,929499.7900604284,250000,34,0,5.985778299529825,0
TZ-LOAN-12499,64.0,Dar es Salaam,768612.1043556997,250000,19,0,15.158162471454908,0
TZ-LOAN-12500,30.0,Mbeya,556196.8491040173,1500000,23,1,3.411358480577369,1
TZ-LOAN-12501,39.0,Arusha,411203.3269973738,1500000,30,0,2.6238615480083016,1
TZ-LOAN-12502,38.0,Arusha,575307.9034157974,50000,28,0,18.05375165354152,0
TZ-LOAN-12503,39.0,Dar es Salaam,744238.8489351998,100000,32,1,8.791904565341135,0
TZ-LOAN-12504,45.0,Dodoma,555175.111663108,100000,22,1,14.048164992873392,0
TZ-LOAN-12505,26.0,Arusha,744301.6049394291,500000,24,2,2.5310583118472776,0
TZ-LOAN-12506,43.0,Mwanza,781745.0401101252,100000,27,0,5.958976107566162,0
TZ-LOAN-12507,26.0,Dar es Salaam,899953.8293810545,100000,32,0,1.4358148643221944,0
TZ-LOAN-12508,32.0,Arusha,1034838.4906516941,1000000,25,1,10.042940342091235,0
TZ-LOAN-12509,27.0,Mbeya,673402.2255436572,1000000,27,0,13.521225573564983,0
TZ-LOAN-12510,41.0,Dodoma,257667.0304557018,500000,18,2,1.5589617069992425,1
TZ-LOAN-12511,59.0,Mbeya,-150000.0,250000,18,0,0.5542802048259925,0
TZ-LOAN-12512,25.0,Mbeya,663218.7702219798,500000,20,0,1.1203120283777208,0
TZ-LOAN-12513,41.0,Dodoma,99269.37314687297,500000,32,0,5.009680628262611,1
TZ-LOAN-12514,33.0,Dar es Salaam,1066599.3560307445,50000,19,0,1.5885301523739854,0
TZ-LOAN-12515,66.0,Mbeya,692713.3737531399,1500000,25,0,5.0889994103587055,0
TZ-LOAN-12516,43.0,Dar es Salaam,764405.8503740855,100000,23,0,2.1553663412757214,0
TZ-LOAN-12517,44.0,Dar es Salaam,1059657.9387578797,50000,19,0,12.434670079461567,0
TZ-LOAN-12518,54.0,Dar es Salaam,460957.1509572959,1500000,20,0,3.0128562571690827,1
TZ-LOAN-12519,21.0,Mbeya,822212.579265209,100000,29,1,3.4420118047306767,0
TZ-LOAN-12520,67.0,Dar es Salaam,617040.7630694193,500000,21,0,2.1390517944927843,0
TZ-LOAN-12521,41.0,Mbeya,594773.9398952242,100000,20,0,0.37921266057132297,0
TZ-LOAN-12522,36.0,Dar es Salaam,418342.2836586862,250000,21,0,3.4024997462086546,0
TZ-LOAN-12523,53.0,Mwanza,1149680.9641059581,250000,22,0,7.444171011530973,0
TZ-LOAN-12524,56.0,Mbeya,537349.9879773287,500000,17,0,,0
TZ-LOAN-12525,27.0,Mwanza,859839.2740687106,1000000,22,0,,0
TZ-LOAN-12526,42.0,Dar es Salaam,87497.7837584191,250000,19,0,7.982547389858344,1
TZ-LOAN-12527,35.0,Mbeya,1003996.558906936,500000,20,1,1.5534670671831876,0
TZ-LOAN-12528,36.0,Dodoma,965663.3467871177,50000,23,0,8.65286611083824,0
TZ-LOAN-12529,53.0,Mwanza,679230.2330891909,1000000,22,0,2.0928548553580004,0
TZ-LOAN-12530,27.0,Arusha,581917.2601586226,250000,21,0,0.6076371599148435,0
TZ-LOAN-12531,50.0,Arusha,770000.0016840699,500000,24,0,4.733997393917969,0
TZ-LOAN-12532,67.0,Dodoma,1336637.1982640866,500000,17,0,11.217073053898638,0
TZ-LOAN-12533,22.0,Dodoma,121028.99032895442,50000,22,0,1.00195199633704,0
TZ-LOAN-12534,64.0,Arusha,884608.2162722383,50000,22,0,,0
TZ-LOAN-12535,66.0,Mbeya,376514.80935382925,1000000,24,1,10.764008157461793,1
TZ-LOAN-12536,52.0,Dar es Salaam,644024.4811100806,1500000,26,1,5.983821199107318,1
TZ-LOAN-12537,61.0,Mbeya,575635.9642764011,250000,23,0,8.269462023742228,0
TZ-LOAN-12538,51.0,Arusha,521504.5226606733,500000,17,0,0.30851430631794585,0
TZ-LOAN-12539,50.0,Mwanza,646860.4612841812,1000000,23,1,11.057111724173092,1
TZ-LOAN-12540,38.0,Mwanza,309748.65641666285,1000000,25,1,2.7163656034063086,1
TZ-LOAN-12541,34.0,Dar es Salaam,958754.1308383901,50000,24,1,11.395181131572203,0
TZ-LOAN-12542,39.0,Dar es Salaam,111756.94664041989,500000,22,0,0.335641185013028,1
TZ-LOAN-12543,65.0,Arusha,811929.3538485026,100000,23,1,,0
TZ-LOAN-12544,54.0,Arusha,552039.2442396287,1500000,28,1,5.594736338224019,1
TZ-LOAN-12545,32.0,Dar es Salaam,298722.5318577639,1500000,22,0,4.040192699597171,1
TZ-LOAN-12546,52.0,Mwanza,710715.0111796085,50000,33,1,0.3188584731111454,0
TZ-LOAN-12547,45.0,Dodoma,182914.6739880566,500000,29,1,5.830456112728197,1
TZ-LOAN-12548,24.0,Dodoma,661914.1465158904,1000000,27,0,,0
TZ-LOAN-12549,49.0,Dodoma,223136.92765653366,1500000,28,1,6.478410926318793,1
TZ-LOAN-12550,28.0,Mwanza,788381.6252953494,1000000,30,1,6.306541026794959,0
TZ-LOAN-12551,27.0,Mbeya,372692.7999108873,250000,27,2,2.9325463139641372,0
TZ-LOAN-12552,26.0,Mbeya,514701.7948912072,100000,36,2,1.1450613011931934,0
TZ-LOAN-12553,31.0,Mwanza,738184.8163829487,50000,17,0,12.564575418884454,0
TZ-LOAN-12554,30.0,Mbeya,-150000.0,1500000,27,0,12.990796915305868,1
TZ-LOAN-12555,42.0,Dodoma,632610.8000995092,250000,29,0,1.190850053646519,0
TZ-LOAN-12556,19.0,Mwanza,195850.84962654393,250000,27,2,4.980097762169522,1
TZ-LOAN-12557,52.0,Dar es Salaam,839262.6810788467,100000,27,0,1.133690870803777,0
TZ-LOAN-12558,24.0,Mwanza,1179474.1416652314,50000,28,0,9.874489222895447,0
TZ-LOAN-12559,38.0,Arusha,1487662.6603729883,50000,22,0,0.5168864053255771,0
TZ-LOAN-12560,35.0,Dodoma,677350.4439999318,1000000,20,0,23.12552813947052,0
TZ-LOAN-12561,20.0,Dodoma,886461.242239156,50000,32,0,4.719105106626532,0
TZ-LOAN-12562,59.0,Arusha,115812.2981277532,250000,25,1,0.11589575521466418,1
TZ-LOAN-12563,56.0,Dodoma,1100820.2978916764,1000000,24,0,10.681258798147352,0
TZ-LOAN-12564,58.0,Arusha,882868.5514172318,50000,25,0,5.767320539101501,0
TZ-LOAN-12565,66.0,Arusha,504819.9665146301,100000,24,0,5.975434421284692,0
TZ-LOAN-12566,28.0,Dodoma,1021154.2400867027,250000,22,0,1.6081409626287693,0
TZ-LOAN-12567,56.0,Mwanza,573657.1770063975,500000,22,0,2.053365908657944,0
TZ-LOAN-12568,41.0,Arusha,512592.44509563304,100000,17,1,12.291363242513544,0
TZ-LOAN-12569,63.0,Dar es Salaam,792600.4776282473,100000,30,0,5.038714066454988,0
TZ-LOAN-12570,36.0,Arusha,330993.6500509044,50000,25,0,0.08549752101257439,0
TZ-LOAN-12571,21.0,Dar es Salaam,956487.4293199845,1000000,22,0,1.983074512894349,0
TZ-LOAN-12572,43.0,Mwanza,333203.05642194697,1000000,23,2,4.563277111060438,1
TZ-LOAN-12573,55.0,Arusha,334983.56305304414,250000,29,0,0.8008820369471069,0
TZ-LOAN-12574,59.0,Arusha,377093.0634774997,50000,30,0,0.5173176899998527,0
TZ-LOAN-12575,49.0,Arusha,877850.0112548367,1000000,25,0,0.30610609804117733,0
TZ-LOAN-12576,56.0,Dar es Salaam,464967.3915440877,1500000,19,0,4.979101818229231,1
TZ-LOAN-12577,62.0,Mwanza,245601.26468984934,500000,27,0,1.9327071711236616,0
TZ-LOAN-12578,63.0,Dodoma,468296.00001926057,1500000,25,0,2.3394585507040357,1
TZ-LOAN-12579,53.0,Mbeya,640387.288795854,50000,25,0,0.3095917640269616,0
TZ-LOAN-12580,57.0,Arusha,295708.25490068435,50000,29,0,6.697413136806231,0
TZ-LOAN-12581,54.0,Arusha,304495.6672896969,1000000,23,0,7.27836769147056,1
TZ-LOAN-12582,50.0,Arusha,1283388.9002298752,100000,32,1,8.843210396690646,0
TZ-LOAN-12583,53.0,Dodoma,391830.3788558339,50000,25,3,5.272929359473501,0
TZ-LOAN-12584,20.0,Mwanza,553087.2893680979,100000,21,0,7.420386582324969,0
TZ-LOAN-12585,26.0,Dar es Salaam,539828.8997602143,250000,16,0,4.304592467563445,0
TZ-LOAN-12586,25.0,Dodoma,,250000,20,0,3.3827981947617225,0
TZ-LOAN-12587,50.0,Mwanza,836404.0219907307,1000000,34,0,1.5042590094314594,0
TZ-LOAN-12588,23.0,Mbeya,934442.8851416148,250000,24,0,0.2742746180636344,0
TZ-LOAN-12589,58.0,Mwanza,-150000.0,1500000,25,0,1.7252987866728162,1
TZ-LOAN-12590,56.0,Mwanza,279056.5140222953,1500000,24,0,5.754154473920422,1
TZ-LOAN-12591,21.0,Dar es Salaam,1032332.068354671,1500000,22,0,13.075185105783124,0
TZ-LOAN-12592,30.0,Mwanza,621397.6726409952,1000000,25,0,1.480007758633466,0
TZ-LOAN-12593,66.0,Mwanza,1169096.5444571506,1000000,17,0,5.541027993549587,0
TZ-LOAN-12594,19.0,Arusha,-23675.769269548822,1500000,25,2,3.252782363620748,0
TZ-LOAN-12595,22.0,Dar es Salaam,708620.9663849961,100000,30,1,4.9382411535665645,0
TZ-LOAN-12596,61.0,Mwanza,1225581.9001628624,1500000,29,0,0.00811579757363338,0
TZ-LOAN-12597,44.0,Mwanza,544020.7593685526,100000,28,1,0.6542641564372353,0
TZ-LOAN-12598,49.0,Arusha,582351.9729996092,250000,32,0,1.2232478070965827,0
TZ-LOAN-12599,38.0,Dar es Salaam,738653.5074771016,100000,15,1,11.195760623021293,0
TZ-LOAN-12600,25.0,Mbeya,482361.2543345128,50000,23,1,0.2068589222783655,0
TZ-LOAN-12601,55.0,Dar es Salaam,,500000,19,0,4.215594752313823,0
TZ-LOAN-12602,25.0,Dodoma,548655.4717425791,50000,24,0,13.20004108611101,0
TZ-LOAN-12603,67.0,Mwanza,461773.779672088,50000,35,0,5.2787686640834846,0
TZ-LOAN-12604,20.0,Dodoma,1018656.9650601678,1000000,27,0,3.3121600159208637,0
TZ-LOAN-12605,61.0,Dodoma,788323.4096889305,500000,28,0,2.438734812628534,0
TZ-LOAN-12606,20.0,Mbeya,725188.4696309906,1000000,23,0,4.8934268548308415,0
TZ-LOAN-12607,39.0,Mwanza,892571.302067035,100000,35,0,3.2733370800562915,0
TZ-LOAN-12608,23.0,Dar es Salaam,570693.2500389599,1500000,24,0,6.110886575124765,1
TZ-LOAN-12609,19.0,Arusha,417738.85449412983,100000,32,0,4.80872370286046,0
TZ-LOAN-12610,40.0,Mwanza,469212.7086156328,500000,23,0,4.189809134424192,0
TZ-LOAN-12611,61.0,Dodoma,,250000,24,0,15.710775223289561,0
TZ-LOAN-12612,19.0,Dodoma,332236.4874881294,100000,19,0,9.030060573129763,0
TZ-LOAN-12613,55.0,Mwanza,499921.69502399734,50000,19,0,4.693422311976166,0
TZ-LOAN-12614,34.0,Mbeya,495165.00743856956,500000,16,0,3.8679939998227084,0
TZ-LOAN-12615,52.0,Dar es Salaam,1287366.868948704,500000,28,0,6.435753076683085,0
TZ-LOAN-12616,51.0,Arusha,-182144.481980175,100000,17,0,8.14604899576557,0
TZ-LOAN-12617,40.0,Mbeya,596114.08357831,100000,20,1,1.749469128439634,0
TZ-LOAN-12618,47.0,Dar es Salaam,1167708.1378444312,1000000,27,0,5.497270958576543,0
TZ-LOAN-12619,69.0,Mwanza,,1000000,21,0,0.7260216609279082,0
TZ-LOAN-12620,25.0,Mbeya,876025.2420263279,50000,22,0,2.8145551412353202,0
TZ-LOAN-12621,39.0,Arusha,679947.8945299303,500000,26,0,13.93843209861293,0
TZ-LOAN-12622,61.0,Dar es Salaam,449799.9856350559,250000,26,1,1.9748470768091406,0
TZ-LOAN-12623,53.0,Mwanza,-22574.78035267396,250000,26,0,0.8375687310029805,0
TZ-LOAN-12624,22.0,Dar es Salaam,711636.7061108908,500000,24,0,0.7899744649095499,0
TZ-LOAN-12625,30.0,Arusha,417318.01861928264,50000,22,0,2.502137445499495,0
TZ-LOAN-12626,46.0,Mwanza,409899.37815040885,1000000,25,0,1.2755988966488054,0
TZ-LOAN-12627,48.0,Dodoma,500303.82320626645,1000000,27,0,2.7836567943915833,0
TZ-LOAN-12628,64.0,Dodoma,1173458.4219870481,1000000,31,0,6.344969723057688,0
TZ-LOAN-12629,33.0,Mbeya,,250000,29,0,10.953419511317964,0
TZ-LOAN-12630,59.0,Mwanza,715162.3812585203,250000,29,0,0.5836047387334143,0
TZ-LOAN-12631,47.0,Mwanza,510569.83282648167,50000,32,2,7.313895766109687,0
TZ-LOAN-12632,33.0,Mbeya,296832.07476463687,250000,31,0,0.5461749729640096,0
TZ-LOAN-12633,29.0,Dar es Salaam,790562.0484638207,100000,17,1,2.3856187647434886,0
TZ-LOAN-12634,150.0,Mbeya,1184871.680019543,250000,27,0,28.34411219002744,0
TZ-LOAN-12635,33.0,Mwanza,575797.8838924529,1000000,25,1,0.3557495752131189,0
TZ-LOAN-12636,29.0,Dodoma,-63698.8122259673,50000,26,0,0.11573433465130353,0
TZ-LOAN-12637,25.0,Dar es Salaam,851014.9015446571,500000,29,0,2.029691100821738,0
TZ-LOAN-12638,37.0,Mwanza,945619.9134350149,500000,30,0,15.092019635413589,0
TZ-LOAN-12639,20.0,Arusha,174246.30788424576,50000,25,0,0.10120943095416517,0
TZ-LOAN-12640,33.0,Dodoma,702945.2550988859,100000,28,0,1.259718573373351,0
TZ-LOAN-12641,47.0,Dodoma,785367.8048408297,500000,27,0,4.621140640656545,0
TZ-LOAN-12642,62.0,Mbeya,628067.8093973184,1000000,24,0,1.3312557818830675,0
TZ-LOAN-12643,40.0,Mwanza,412768.72427439387,500000,18,1,0.2765468127305862,0
TZ-LOAN-12644,45.0,Mwanza,954781.1670690668,500000,9,2,0.2693499200397998,0
TZ-LOAN-12645,68.0,Mbeya,528986.0762093952,1000000,21,0,4.095358959185443,0
TZ-LOAN-12646,57.0,Mwanza,204444.15119002038,250000,33,0,4.126470912803183,0
TZ-LOAN-12647,22.0,Mwanza,35157.65429909574,100000,26,0,6.128942172171595,1
TZ-LOAN-12648,37.0,Dodoma,1028254.8559997929,1000000,15,0,0.7063268664816083,0
TZ-LOAN-12649,57.0,Dar es Salaam,834999.1929413355,1000000,14,0,3.4642530521150987,0
TZ-LOAN-12650,61.0,Arusha,676392.0641387507,1500000,28,0,4.593332360484672,0
TZ-LOAN-12651,18.0,Arusha,517917.60894475895,50000,31,0,1.2575598999201085,0
TZ-LOAN-12652,47.0,Dar es Salaam,491300.4757390619,100000,18,1,3.9630994478037107,0
TZ-LOAN-12653,38.0,Arusha,327279.0054675166,250000,14,0,6.1590902478061675,0
TZ-LOAN-12654,37.0,Dar es Salaam,520563.30663203454,1500000,24,1,23.464888943399465,1
TZ-LOAN-12655,23.0,Mwanza,13973.835463947733,1000000,27,0,4.536936241159972,1
TZ-LOAN-12656,39.0,Mbeya,429180.9039594458,1500000,30,0,9.873274642660014,1
TZ-LOAN-12657,35.0,Mwanza,556718.7450946718,250000,21,0,8.9689902128945,0
TZ-LOAN-12658,25.0,Mbeya,832964.0141571257,1500000,23,0,14.089344669650576,0
TZ-LOAN-12659,56.0,Dar es Salaam,638022.0609879908,1500000,28,0,6.419692520450036,0
TZ-LOAN-12660,150.0,Mwanza,888476.9341626677,1500000,32,0,1.1982731439133851,0
TZ-LOAN-12661,50.0,Dar es Salaam,1054740.5315340287,1000000,31,0,1.7697584743213368,0
TZ-LOAN-12662,33.0,Dodoma,967451.0281472305,1000000,28,0,7.678265188656717,0
TZ-LOAN-12663,29.0,Dar es Salaam,791152.9542135671,50000,27,0,3.6784235116572503,0
TZ-LOAN-12664,55.0,Mwanza,653558.8037542353,500000,24,0,1.4471422955321631,0
TZ-LOAN-12665,150.0,Mbeya,355763.59747593227,100000,31,0,5.3453209239479715,0
TZ-LOAN-12666,51.0,Dodoma,871983.2154137949,50000,20,2,11.850889442209773,0
TZ-LOAN-12667,31.0,Mwanza,1153924.2146664588,250000,27,1,2.213420029513859,0
TZ-LOAN-12668,53.0,Mwanza,,1500000,15,0,4.534733418884064,0
TZ-LOAN-12669,50.0,Mwanza,1225177.7445278368,1000000,30,0,4.355398287937322,0
TZ-LOAN-12670,40.0,Dodoma,192328.48758167488,1500000,23,0,0.6789535441254614,1
TZ-LOAN-12671,67.0,Mwanza,303750.9845661376,1000000,18,0,0.47289967259103055,1
TZ-LOAN-12672,62.0,Mbeya,906560.4523244788,100000,25,0,11.010386294379192,0
TZ-LOAN-12673,19.0,Mwanza,729287.0630459753,50000,22,2,13.555541219738092,0
TZ-LOAN-12674,58.0,Arusha,1044134.6529715422,50000,23,0,11.729644455776482,0
TZ-LOAN-12675,38.0,Dar es Salaam,645358.5077819781,250000,16,1,2.526328829309659,0
TZ-LOAN-12676,19.0,Arusha,389607.37324150046,50000,28,0,1.6957196542342619,0
TZ-LOAN-12677,44.0,Mbeya,585922.0273384872,50000,24,0,14.251434943046863,0
TZ-LOAN-12678,26.0,Mbeya,190194.8087228798,500000,26,0,10.719468054331623,1
TZ-LOAN-12679,18.0,Dar es Salaam,311422.79807088966,100000,30,0,8.568920845383644,0
TZ-LOAN-12680,28.0,Mbeya,941733.1993754031,1500000,34,0,2.0337171329902364,0
TZ-LOAN-12681,20.0,Mbeya,911836.224340883,50000,27,0,5.090822932812094,0
TZ-LOAN-12682,69.0,Mwanza,758901.2854418231,250000,20,0,,0
TZ-LOAN-12683,40.0,Dar es Salaam,,1500000,25,0,,1
TZ-LOAN-12684,43.0,Arusha,542478.9273461334,1000000,26,0,4.60657080722049,0
TZ-LOAN-12685,21.0,Mwanza,282500.03340198484,50000,25,0,7.067049081156344,0
TZ-LOAN-12686,35.0,Mwanza,1002959.9761363296,50000,15,1,7.279894106923557,0
TZ-LOAN-12687,23.0,Arusha,,1500000,23,2,1.3718465122445067,1
TZ-LOAN-12688,52.0,Mbeya,324275.68676553515,1000000,27,1,2.4770151550855553,1
TZ-LOAN-12689,39.0,Dodoma,658938.8495364273,500000,21,0,7.597630059385846,0
TZ-LOAN-12690,60.0,Dodoma,457953.66294961644,100000,24,0,1.5153155003318621,0
TZ-LOAN-12691,32.0,Mbeya,1095123.173061112,500000,30,0,12.36058193410496,0
TZ-LOAN-12692,39.0,Mwanza,429556.73073974275,250000,24,0,9.128441225510173,0
TZ-LOAN-12693,54.0,Arusha,230231.52223261062,1500000,24,1,11.290746067168522,1
TZ-LOAN-12694,69.0,Dodoma,4125.945272745332,50000,20,1,1.7641255261399047,1
TZ-LOAN-12695,59.0,Mwanza,640764.0492759754,500000,27,1,0.5553115356875672,0
TZ-LOAN-12696,29.0,Dodoma,481420.9658426221,100000,16,0,0.5300849353039998,0
TZ-LOAN-12697,64.0,Arusha,221328.61804648198,250000,20,0,4.058612471994624,0
TZ-LOAN-12698,66.0,Mwanza,1006767.9383767355,500000,21,2,1.8234667473440525,0
TZ-LOAN-12699,59.0,Dar es Salaam,850173.5442287726,50000,26,1,1.5293774239645799,0
TZ-LOAN-12700,55.0,Mwanza,641534.6363188311,100000,39,0,1.2577498127466304,0
TZ-LOAN-12701,35.0,Dar es Salaam,1059297.87325126,50000,28,0,4.1287962421822835,0
TZ-LOAN-12702,62.0,Mbeya,848760.8100195839,50000,21,0,3.9714190552409527,0
TZ-LOAN-12703,52.0,Arusha,403143.2295444703,250000,31,0,2.743612623322833,0
TZ-LOAN-12704,47.0,Dodoma,338233.95080277015,100000,20,0,0.7450531018430672,0
TZ-LOAN-12705,41.0,Mbeya,895394.4633361584,1000000,20,0,13.210947627867665,0
TZ-LOAN-12706,59.0,Mbeya,768910.0869402053,50000,24,0,2.79252169887189,0
TZ-LOAN-12707,47.0,Mwanza,700924.3303911985,100000,25,0,0.6599046614484407,0
TZ-LOAN-12708,31.0,Mwanza,396050.6591393278,50000,24,3,0.18891921333763637,0
TZ-LOAN-12709,23.0,Dar es Salaam,832384.2701017262,500000,24,0,0.8278726619231503,0
TZ-LOAN-12710,20.0,Dar es Salaam,423350.3350598152,500000,36,0,1.762889824184377,0
TZ-LOAN-12711,33.0,Mbeya,619404.0036218966,100000,21,0,4.972525348386915,0
TZ-LOAN-12712,24.0,Mbeya,1084083.2439160938,250000,22,0,17.69121820635895,0
TZ-LOAN-12713,69.0,Mwanza,451749.72925695626,1000000,15,0,1.587735983266185,0
TZ-LOAN-12714,31.0,Mwanza,178103.22287814174,500000,17,0,7.7985807172270585,1
TZ-LOAN-12715,26.0,Dodoma,334235.8424389669,250000,27,0,12.117346171031047,0
TZ-LOAN-12716,32.0,Arusha,948289.6480062869,1000000,32,0,2.4843882122369823,0
TZ-LOAN-12717,38.0,Dodoma,726419.3412140629,500000,22,0,1.460282089325908,0
TZ-LOAN-12718,52.0,Arusha,611336.786393374,1000000,27,0,,0
TZ-LOAN-12719,19.0,Mbeya,497271.8584065292,1500000,27,2,11.35117513460309,1
TZ-LOAN-12720,44.0,Mwanza,795607.972265957,50000,28,0,0.05521306999063732,0
TZ-LOAN-12721,19.0,Dodoma,395268.54470293294,100000,24,0,3.333806615903141,0
TZ-LOAN-12722,52.0,Arusha,741699.6705927788,500000,23,2,7.0857323919101844,0
TZ-LOAN-12723,35.0,Dar es Salaam,430623.6293561129,500000,23,0,4.595604028278849,0
TZ-LOAN-12724,31.0,Arusha,380702.1844174838,50000,24,0,3.439200276521663,0
TZ-LOAN-12725,37.0,Arusha,458753.7695524965,500000,24,0,4.032847207129428,0
TZ-LOAN-12726,35.0,Mwanza,537377.7660548114,500000,30,0,4.827820574703054,0
TZ-LOAN-12727,27.0,Dodoma,635351.0492198891,1500000,22,0,5.729701294022712,1
TZ-LOAN-12728,42.0,Mbeya,,500000,34,0,2.2017238599554427,0
TZ-LOAN-12729,19.0,Dodoma,-456509.58742853324,500000,32,0,3.6425719282615043,0
TZ-LOAN-12730,42.0,Mbeya,407704.8326759705,500000,33,0,1.5980672343168425,0
TZ-LOAN-12731,50.0,Dar es Salaam,532529.0067931882,250000,15,0,20.672725148008112,0
TZ-LOAN-12732,53.0,Mwanza,1101518.611582499,500000,21,1,1.0368927919708082,0
TZ-LOAN-12733,48.0,Arusha,325999.21748536034,50000,25,0,,0
TZ-LOAN-12734,31.0,Dodoma,698838.9854299738,1500000,26,0,,0
TZ-LOAN-12735,18.0,Dodoma,1098509.0929207513,500000,17,0,12.632035028447584,0
TZ-LOAN-12736,63.0,Mbeya,256109.44101581816,1000000,34,0,5.377253868557519,1
TZ-LOAN-12737,33.0,Dodoma,768192.5677593207,1500000,31,0,3.043364080766186,0
TZ-LOAN-12738,63.0,Arusha,409318.44981964387,1500000,27,0,12.97776606470224,1
TZ-LOAN-12739,150.0,Mbeya,498609.8773132296,1000000,25,0,11.520290511833853,0
TZ-LOAN-12740,20.0,Arusha,409066.7498140057,50000,28,1,2.5674166444820905,0
TZ-LOAN-12741,52.0,Mbeya,430442.80747523427,250000,23,0,4.146449477153629,0
TZ-LOAN-12742,58.0,Arusha,1466573.6443719477,50000,28,0,11.789114042941787,0
TZ-LOAN-12743,23.0,Mbeya,903336.7616214997,250000,20,0,1.9238927579239282,0
TZ-LOAN-12744,42.0,Mwanza,980521.3585358628,100000,18,0,2.6173362287398625,0
TZ-LOAN-12745,30.0,Dodoma,797598.0460509488,1000000,27,0,7.875534973738347,0
TZ-LOAN-12746,51.0,Arusha,168122.9634794126,1500000,27,0,5.997229420818221,1
TZ-LOAN-12747,25.0,Dar es Salaam,768487.3910969922,1500000,19,0,0.24936831269182533,0
TZ-LOAN-12748,38.0,Mwanza,971878.8843522039,1500000,33,0,0.6242824236073732,0
TZ-LOAN-12749,51.0,Mwanza,393980.15778826654,1000000,20,0,9.362588203415692,1
TZ-LOAN-12750,21.0,Arusha,939598.000148338,1000000,27,0,0.15094950569222268,0
TZ-LOAN-12751,42.0,Arusha,861300.8629562237,250000,29,0,12.624220525450836,0
TZ-LOAN-12752,32.0,Dar es Salaam,1205612.013444101,1500000,23,0,1.5855733126616334,0
TZ-LOAN-12753,21.0,Arusha,524665.0962459143,50000,25,0,,0
TZ-LOAN-12754,62.0,Dar es Salaam,320716.705317282,250000,17,0,4.157231136804017,0
TZ-LOAN-12755,29.0,Arusha,541511.5671882363,1500000,19,0,2.5230064770701475,1
TZ-LOAN-12756,49.0,Dar es Salaam,1080671.2979490869,1000000,31,1,0.15970835167774194,0
TZ-LOAN-12757,49.0,Mbeya,101478.23574741115,1000000,26,0,1.0688831708621784,1
TZ-LOAN-12758,45.0,Dodoma,29487.285370690282,1000000,26,0,4.772215395504753,1
TZ-LOAN-12759,30.0,Dodoma,676818.583679484,1500000,39,0,2.956318468214646,0
TZ-LOAN-12760,48.0,Arusha,517223.21216775314,1000000,20,0,2.6707872479788675,0
TZ-LOAN-12761,31.0,Arusha,652318.3679527054,100000,27,0,0.5140571743532261,0
TZ-LOAN-12762,37.0,Dodoma,933593.5313707595,1000000,18,0,2.1318665347503027,0
TZ-LOAN-12763,35.0,Dodoma,484229.19616434426,1500000,20,0,3.7372835387674868,1
TZ-LOAN-12764,46.0,Dar es Salaam,88098.25072081387,250000,36,1,0.4043842583126686,1
TZ-LOAN-12765,23.0,Dar es Salaam,1263344.4671599832,1000000,29,3,0.3451201774804089,1
TZ-LOAN-12766,49.0,Mbeya,350831.5137683672,500000,30,2,3.381975253762621,1
TZ-LOAN-12767,46.0,Mbeya,332288.8633963707,100000,21,0,4.1191522941869065,0
TZ-LOAN-12768,60.0,Dar es Salaam,981116.004116779,1500000,26,1,1.48961502544019,0
TZ-LOAN-12769,19.0,Mbeya,534653.2636875446,1000000,20,0,1.9708928096079843,0
TZ-LOAN-12770,40.0,Mwanza,630983.0443895567,500000,22,0,7.969556004017914,0
TZ-LOAN-12771,36.0,Dar es Salaam,794837.0372180954,1500000,33,0,10.171806453647596,0
TZ-LOAN-12772,48.0,Mbeya,975074.9309329987,250000,28,3,1.9669072028297243,0
TZ-LOAN-12773,68.0,Mbeya,549961.7920454685,100000,23,0,2.1980671395460445,0
TZ-LOAN-12774,22.0,Arusha,,1000000,23,0,8.869398072284287,0
TZ-LOAN-12775,36.0,Arusha,9260.045379558345,250000,18,0,18.216567918866396,1
TZ-LOAN-12776,51.0,Arusha,877936.1710859232,1500000,25,0,1.9326760377613614,0
TZ-LOAN-12777,27.0,Dodoma,398141.7325947028,500000,28,0,7.773010567138014,0
TZ-LOAN-12778,42.0,Dodoma,1061681.3949823976,1500000,31,0,3.266675220071254,0
TZ-LOAN-12779,19.0,Dodoma,,1500000,23,0,1.5307786265138668,0
TZ-LOAN-12780,28.0,Dar es Salaam,448128.40039717953,100000,27,0,5.725143208552731,0
TZ-LOAN-12781,67.0,Arusha,848852.3279064897,1000000,31,0,3.104601238590125,0
TZ-LOAN-12782,48.0,Arusha,917956.5041621755,250000,26,0,1.560983507654001,0
TZ-LOAN-12783,32.0,Dar es Salaam,842568.2368575914,100000,24,0,0.5671294559638964,0
TZ-LOAN-12784,26.0,Dodoma,341091.1281100819,500000,33,0,,0
TZ-LOAN-12785,40.0,Mbeya,504794.86291337456,1000000,22,1,10.546115344873128,1
TZ-LOAN-12786,36.0,Mwanza,648778.1488635695,100000,28,2,0.38960098683164346,0
TZ-LOAN-12787,26.0,Arusha,637622.1042049818,500000,16,1,5.44423121963991,0
TZ-LOAN-12788,52.0,Dodoma,,500000,29,0,0.8871323701135205,0
TZ-LOAN-12789,38.0,Mbeya,45529.63024801749,250000,25,0,5.196814780684377,1
TZ-LOAN-12790,26.0,Arusha,750298.116366051,1500000,29,0,11.90907197571117,0
TZ-LOAN-12791,45.0,Arusha,563005.593669008,500000,17,0,1.5069762839963199,0
TZ-LOAN-12792,63.0,Mwanza,398449.8150848143,500000,29,0,2.1380109212974303,0
TZ-LOAN-12793,68.0,Dodoma,427253.9666691201,1500000,23,0,7.926897240421584,1
TZ-LOAN-12794,24.0,Dar es Salaam,,50000,35,2,6.647184936980438,0
TZ-LOAN-12795,33.0,Mbeya,-430325.5313378554,500000,16,1,2.626780782908322,0
TZ-LOAN-12796,33.0,Mbeya,439613.12876253505,1000000,21,0,9.437435296840993,1
TZ-LOAN-12797,50.0,Dodoma,387255.552606112,100000,25,0,12.665370143014247,0
TZ-LOAN-12798,21.0,Mbeya,809834.9627967873,1500000,27,0,3.0132760253879813,0
TZ-LOAN-12799,21.0,Dar es Salaam,408341.99524684384,1500000,34,0,0.20125455166133527,1
TZ-LOAN-12800,56.0,Mbeya,585465.859948853,1500000,21,1,3.5610381927402606,1
TZ-LOAN-12801,57.0,Dodoma,1112682.9882983905,1000000,25,0,6.729265418442481,0
TZ-LOAN-12802,34.0,Dar es Salaam,948305.455944627,1500000,28,0,1.2425359201891881,0
TZ-LOAN-12803,54.0,Mwanza,920681.4199830358,1000000,28,0,0.5236386939977036,0
TZ-LOAN-12804,56.0,Dodoma,,250000,28,0,1.6788649106822366,0
TZ-LOAN-12805,69.0,Mwanza,812909.6837868957,50000,28,0,0.05827269877853787,0
TZ-LOAN-12806,46.0,Mbeya,,1500000,30,0,6.284613309364341,1
TZ-LOAN-12807,69.0,Dar es Salaam,591172.0367969186,50000,30,0,0.789520709687097,0
TZ-LOAN-12808,53.0,Mbeya,772905.6031239649,1500000,30,0,6.430417810259012,0
TZ-LOAN-12809,55.0,Dodoma,470901.92347372026,1000000,25,0,1.3364438014040323,0
TZ-LOAN-12810,56.0,Mwanza,1097900.9313329612,100000,20,0,24.18053814378898,0
TZ-LOAN-12811,67.0,Mwanza,601960.9581206188,50000,26,3,3.794249304051298,0
TZ-LOAN-12812,54.0,Mbeya,835508.1698778995,50000,26,0,0.21108804803173747,0
TZ-LOAN-12813,69.0,Dodoma,1086680.1437771893,1000000,24,0,7.406958122888767,0
TZ-LOAN-12814,52.0,Mbeya,959496.1323725525,50000,40,0,2.6389285581495834,0
TZ-LOAN-12815,24.0,Arusha,227324.2691928426,250000,26,0,4.673817644523938,0
TZ-LOAN-12816,44.0,Dodoma,783468.7685029653,1000000,25,0,15.10147981316633,0
TZ-LOAN-12817,45.0,Dodoma,905215.818338194,50000,27,0,3.6414865760463204,0
TZ-LOAN-12818,39.0,Dar es Salaam,917558.9066482247,50000,27,1,8.157813478701888,0
TZ-LOAN-12819,31.0,Arusha,316011.54976561066,50000,30,1,1.8033633158371207,0
TZ-LOAN-12820,24.0,Mwanza,,1000000,31,0,6.267934799663294,0
TZ-LOAN-12821,54.0,Mbeya,-150000.0,100000,27,0,0.5230429052754347,0
TZ-LOAN-12822,39.0,Mwanza,421471.8887952063,500000,27,0,11.190969864958282,0
TZ-LOAN-12823,22.0,Dodoma,560091.1830007057,1500000,21,0,1.1141393017425618,1
TZ-LOAN-12824,19.0,Mbeya,1122762.7428505907,50000,37,0,1.7971761409980656,0
TZ-LOAN-12825,44.0,Mwanza,635660.224884563,500000,22,0,15.875716111770565,0
TZ-LOAN-12826,38.0,Mbeya,431967.7586498471,500000,23,0,0.8433572775426446,0
TZ-LOAN-12827,55.0,Mwanza,386714.7929411285,50000,33,0,1.4678955256518798,0
TZ-LOAN-12828,32.0,Mbeya,749815.7988755563,50000,21,2,4.339637796598229,0
TZ-LOAN-12829,38.0,Mwanza,250055.5974568373,1500000,23,0,19.736696540482594,1
TZ-LOAN-12830,27.0,Mwanza,575799.2108310745,500000,27,1,5.878862236101915,0
TZ-LOAN-12831,40.0,Mbeya,749969.1604970065,100000,26,0,0.6062644150317062,0
TZ-LOAN-12832,56.0,Dar es Salaam,1039744.9461643002,500000,21,0,6.893955948231585,0
TZ-LOAN-12833,22.0,Mbeya,850264.4241109987,100000,29,0,2.777506634448031,0
TZ-LOAN-12834,18.0,Mwanza,435780.4646053464,250000,29,0,24.351502922763032,0
TZ-LOAN-12835,30.0,Arusha,1003525.7952691161,100000,29,1,4.953954329406781,0
TZ-LOAN-12836,38.0,Dodoma,560145.4887357567,1500000,17,0,3.795963731249403,1
TZ-LOAN-12837,43.0,Dar es Salaam,279289.0933851773,1000000,25,0,4.073921176330834,1
TZ-LOAN-12838,67.0,Mbeya,598387.5922203582,50000,28,0,5.1299952442066274,0
TZ-LOAN-12839,62.0,Dodoma,1081450.7603437104,250000,21,0,6.58065738849548,0
TZ-LOAN-12840,38.0,Dar es Salaam,699572.0150194776,500000,18,0,0.4077958921459626,0
TZ-LOAN-12841,35.0,Arusha,653756.5592989359,100000,29,0,0.700159632993163,0
TZ-LOAN-12842,54.0,Dodoma,1141163.493410856,250000,31,0,1.7867882097661374,0
TZ-LOAN-12843,62.0,Mbeya,220593.5458836719,1000000,22,0,3.250000972453372,1
TZ-LOAN-12844,49.0,Arusha,264320.2657841683,100000,28,0,1.8630591598091326,0
TZ-LOAN-12845,53.0,Mbeya,,1500000,25,0,1.2029628254459028,1
TZ-LOAN-12846,34.0,Dodoma,761794.4559440166,500000,16,0,12.953316778480087,0
TZ-LOAN-12847,52.0,Mbeya,699947.9381345373,500000,25,0,0.1657188546188498,0
TZ-LOAN-12848,66.0,Arusha,1112820.9101839329,100000,15,0,13.959727970622023,0
TZ-LOAN-12849,28.0,Arusha,723042.523141031,1000000,21,1,11.888823590166187,1
TZ-LOAN-12850,38.0,Dodoma,528752.8521562092,50000,27,0,5.756613194713901,0
TZ-LOAN-12851,69.0,Dodoma,650538.4618634321,50000,28,0,0.165377991567959,0
TZ-LOAN-12852,43.0,Mwanza,685312.2255382874,500000,31,0,1.276755720219596,0
TZ-LOAN-12853,21.0,Arusha,148471.6180015499,1000000,17,0,19.34017980694754,1
TZ-LOAN-12854,51.0,Mwanza,1463099.493300468,500000,25,0,11.819663025416611,0
TZ-LOAN-12855,69.0,Mbeya,805961.3054305734,50000,24,0,16.701258549786186,0
TZ-LOAN-12856,65.0,Dodoma,713002.4924067768,500000,27,0,27.763674223747387,0
TZ-LOAN-12857,35.0,Dar es Salaam,834549.195283574,100000,28,0,0.3300979070700172,0
TZ-LOAN-12858,57.0,Mbeya,862823.2941759815,1500000,27,0,4.2298899179236855,0
TZ-LOAN-12859,52.0,Mwanza,607833.9543492706,100000,27,0,8.982984088383926,0
TZ-LOAN-12860,58.0,Arusha,460627.65912778984,1500000,23,0,1.9261729044033458,1
TZ-LOAN-12861,46.0,Dodoma,829835.2058965112,1000000,29,0,2.85959463026691,0
TZ-LOAN-12862,69.0,Dodoma,765713.2521594358,50000,21,1,1.6685508138963445,0
TZ-LOAN-12863,46.0,Mbeya,407032.9702731776,1000000,26,0,0.19407908183211176,0
TZ-LOAN-12864,55.0,Mbeya,1075710.6834101793,1000000,27,0,0.37746264844246524,0
TZ-LOAN-12865,59.0,Dodoma,738005.6108968949,50000,28,1,0.10837492040317728,0
TZ-LOAN-12866,38.0,Mwanza,868945.8086802892,250000,25,0,3.745884147209437,0
TZ-LOAN-12867,59.0,Arusha,1067576.2663039756,250000,28,1,4.817214159254669,0
TZ-LOAN-12868,30.0,Dodoma,656566.6463494505,500000,20,0,,0
TZ-LOAN-12869,66.0,Dodoma,745085.6020952346,250000,25,0,8.747770030398565,0
TZ-LOAN-12870,58.0,Mbeya,893008.1715518349,100000,28,0,10.946878114188998,0
TZ-LOAN-12871,34.0,Arusha,432541.6748599843,1500000,20,0,0.7526513211070375,1
TZ-LOAN-12872,26.0,Dodoma,,1000000,23,1,0.26660549624746194,0
TZ-LOAN-12873,58.0,Mbeya,687664.5759953444,500000,27,0,1.9237601610149222,0
TZ-LOAN-12874,18.0,Dar es Salaam,363182.43449498166,1000000,17,0,6.241148116062014,1
TZ-LOAN-12875,19.0,Dodoma,1345291.0366021637,50000,36,0,3.540531474500778,0
TZ-LOAN-12876,65.0,Dar es Salaam,227811.96695227927,250000,40,2,3.3480322273337118,0
TZ-LOAN-12877,46.0,Arusha,260568.82889385265,50000,22,0,0.8267936038656649,0
TZ-LOAN-12878,50.0,Arusha,1044267.9727110737,500000,29,0,2.165112637202757,0
TZ-LOAN-12879,27.0,Dodoma,863979.8752389627,1500000,20,0,,0
TZ-LOAN-12880,67.0,Mwanza,342210.55475576664,100000,24,0,2.0818247736091826,0
TZ-LOAN-12881,57.0,Mbeya,832186.7045305078,250000,29,0,4.475489628070618,0
TZ-LOAN-12882,38.0,Mbeya,,50000,19,2,0.30060227102417353,0
TZ-LOAN-12883,45.0,Mwanza,640921.0827209043,1500000,22,0,0.32992053604313404,0
TZ-LOAN-12884,28.0,Dar es Salaam,1429646.8700223747,250000,33,0,2.7604433735448057,0
TZ-LOAN-12885,51.0,Arusha,132781.45673958934,1000000,25,0,4.633124182035584,1
TZ-LOAN-12886,25.0,Dodoma,,100000,38,0,2.3287916131919446,0
TZ-LOAN-12887,39.0,Mbeya,999958.500866301,1500000,18,0,0.9862435272615844,0
TZ-LOAN-12888,25.0,Mbeya,917403.170481574,250000,30,0,6.6582225196367775,0
TZ-LOAN-12889,66.0,Dodoma,588693.2820063055,100000,18,0,0.7543692047648765,0
TZ-LOAN-12890,32.0,Dodoma,562867.5553966552,1500000,31,0,5.513353735685599,1
TZ-LOAN-12891,34.0,Mbeya,783243.5513261772,1000000,28,0,15.701997286730895,0
TZ-LOAN-12892,40.0,Mbeya,894726.3459956208,1000000,22,2,3.1794586304494366,1
TZ-LOAN-12893,41.0,Mbeya,,50000,19,0,1.1184289828392762,0
TZ-LOAN-12894,62.0,Dodoma,962017.3672380168,500000,27,0,9.22522526149494,0
TZ-LOAN-12895,36.0,Dar es Salaam,,50000,21,2,3.5207999659952756,0
TZ-LOAN-12896,22.0,Mbeya,,100000,22,0,12.83418667873979,0
TZ-LOAN-12897,49.0,Dar es Salaam,367995.22036287375,50000,22,0,6.375304978981441,0
TZ-LOAN-12898,61.0,Mbeya,534166.1671741575,1500000,33,0,2.8159448721192804,1
TZ-LOAN-12899,18.0,Dodoma,954566.2675442916,250000,29,0,4.803620691431581,0
TZ-LOAN-12900,40.0,Mwanza,682395.1762175687,1500000,20,0,0.9314335590283167,0
TZ-LOAN-12901,54.0,Dar es Salaam,1432057.748944931,50000,26,0,2.448831405776128,0
TZ-LOAN-12902,25.0,Mwanza,708021.9101569151,500000,26,0,4.505425548296864,0
TZ-LOAN-12903,30.0,Mbeya,667907.5641739209,1500000,25,0,4.458500991388654,0
TZ-LOAN-12904,25.0,Mbeya,681854.8758320649,1500000,27,1,4.424146456438815,1
TZ-LOAN-12905,40.0,Dodoma,458657.39214201923,1500000,24,0,6.803836368481493,1
TZ-LOAN-12906,60.0,Mwanza,632649.0162867219,500000,27,0,0.5583093314981801,0
TZ-LOAN-12907,18.0,Mwanza,988336.4081334937,1500000,25,0,0.38255398799276813,0
TZ-LOAN-12908,62.0,Mbeya,684191.2004383317,100000,22,2,0.800965358567211,0
TZ-LOAN-12909,68.0,Arusha,411962.0810349586,1000000,27,0,7.860573604953496,1
TZ-LOAN-12910,41.0,Arusha,372474.61385640944,500000,24,0,0.33526170688334417,0
TZ-LOAN-12911,52.0,Mwanza,514939.43250024697,100000,25,2,1.275980694736659,0
TZ-LOAN-12912,41.0,Mwanza,672159.0303232641,500000,28,0,1.4703522103400368,0
TZ-LOAN-12913,34.0,Dar es Salaam,1008075.9606428787,500000,20,3,5.210001437231801,1
TZ-LOAN-12914,22.0,Mbeya,,1000000,28,0,2.567725977105306,1
TZ-LOAN-12915,37.0,Arusha,554052.1166333731,250000,21,3,1.1094293590099253,1
TZ-LOAN-12916,38.0,Dodoma,693293.0058305237,100000,26,0,2.984990906711011,0
TZ-LOAN-12917,57.0,Dar es Salaam,99888.26971116965,500000,27,0,5.783082713514881,1
TZ-LOAN-12918,48.0,Arusha,399920.5151100781,500000,20,0,7.710108382703213,0
TZ-LOAN-12919,63.0,Mbeya,446033.4380791441,50000,17,0,0.6612792457078245,0
TZ-LOAN-12920,53.0,Mbeya,411208.88784485054,1500000,26,1,6.271343478981547,1
TZ-LOAN-12921,28.0,Mbeya,707566.8635064942,250000,23,0,0.02266458208833923,0
TZ-LOAN-12922,69.0,Arusha,601832.1171494608,1000000,19,0,6.442639056089783,0
TZ-LOAN-12923,32.0,Mbeya,483414.1692196891,100000,34,0,5.408832868916806,0
TZ-LOAN-12924,36.0,Dodoma,778388.7879657905,500000,28,0,3.1618277119756906,0
TZ-LOAN-12925,24.0,Mbeya,1166922.415293875,1500000,20,0,0.7359688082010717,0
TZ-LOAN-12926,68.0,Dar es Salaam,1141776.9550225255,100000,29,0,7.231262357807089,0
TZ-LOAN-12927,45.0,Dodoma,73168.46838129906,1000000,15,0,0.37228756715509737,1
TZ-LOAN-12928,68.0,Dar es Salaam,823121.6551505418,250000,23,0,11.29612507081381,0
TZ-LOAN-12929,60.0,Dar es Salaam,596593.0129808484,50000,24,0,7.424176845320786,0
TZ-LOAN-12930,22.0,Mwanza,696546.6028596068,250000,27,1,6.753931397575139,0
TZ-LOAN-12931,22.0,Mwanza,,50000,15,0,7.020138155213775,0
TZ-LOAN-12932,47.0,Mbeya,685276.5889661607,100000,23,2,0.34982335627257216,0
TZ-LOAN-12933,49.0,Dodoma,695422.2188216057,250000,28,2,23.000457735573626,1
TZ-LOAN-12934,25.0,Arusha,476314.47279532306,250000,29,0,9.78079918741546,0
TZ-LOAN-12935,27.0,Mwanza,,250000,19,0,3.5457063403846374,0
TZ-LOAN-12936,55.0,Dodoma,515391.29521415476,1000000,36,0,6.354131095947933,0
TZ-LOAN-12937,64.0,Mwanza,720277.7793370297,100000,20,0,6.721103255823908,0
TZ-LOAN-12938,49.0,Dodoma,829698.9025052793,50000,34,0,8.853473029211083,0
TZ-LOAN-12939,65.0,Mbeya,906004.693202044,250000,21,0,1.474366560563178,0
TZ-LOAN-12940,45.0,Dar es Salaam,501742.9930799262,100000,26,0,2.3264953629902076,0
TZ-LOAN-12941,34.0,Mwanza,735153.370190821,1500000,16,0,8.039328298747117,0
TZ-LOAN-12942,48.0,Dar es Salaam,938750.7775859896,1000000,17,0,7.326339050928786,0
TZ-LOAN-12943,25.0,Dar es Salaam,,1000000,25,0,3.6971633152118684,0
TZ-LOAN-12944,57.0,Arusha,632350.1437605433,1500000,24,0,2.522605567974974,0
TZ-LOAN-12945,42.0,Arusha,583720.4825181162,100000,26,1,17.279731236266244,0
TZ-LOAN-12946,26.0,Mbeya,707337.2701509177,50000,21,0,2.680899988186622,0
TZ-LOAN-12947,19.0,Dodoma,305087.75813077827,100000,26,0,7.219314827885338,0
TZ-LOAN-12948,32.0,Mbeya,591917.1466893476,100000,23,1,2.6606069274034128,0
TZ-LOAN-12949,67.0,Dodoma,873375.9195419389,500000,31,0,1.8541313282731853,0
TZ-LOAN-12950,20.0,Arusha,842584.1388331103,1000000,24,0,5.122119234940068,0
TZ-LOAN-12951,66.0,Mbeya,568919.7186908333,50000,33,3,8.241306273132714,0
TZ-LOAN-12952,53.0,Dodoma,715315.46032615,500000,20,0,19.916925827113793,0
TZ-LOAN-12953,21.0,Arusha,402604.89791279373,1500000,23,0,0.806152280974346,1
TZ-LOAN-12954,31.0,Dodoma,861047.6444675075,100000,23,0,10.441986450151004,0
TZ-LOAN-12955,58.0,Mbeya,626653.569159058,1500000,32,1,3.713178242433486,1
TZ-LOAN-12956,58.0,Mwanza,567214.5644911586,1000000,31,0,0.5700024296130287,0
TZ-LOAN-12957,42.0,Mwanza,541482.849171984,500000,34,0,7.908593792100463,0
TZ-LOAN-12958,67.0,Mbeya,631131.8399300425,500000,32,1,2.0139266826230044,0
TZ-LOAN-12959,27.0,Dar es Salaam,515636.70652041247,50000,20,0,10.134238138903289,0
TZ-LOAN-12960,38.0,Mwanza,847442.910800769,100000,17,3,0.8586999332813122,0
TZ-LOAN-12961,53.0,Mwanza,531414.9355951458,50000,24,0,6.208229439598643,0
TZ-LOAN-12962,29.0,Mwanza,1127889.2288082144,500000,32,0,1.789065530142214,0
TZ-LOAN-12963,44.0,Dar es Salaam,1089563.1510444144,500000,28,0,1.4876435276433742,0
TZ-LOAN-12964,57.0,Arusha,382536.95304364857,50000,18,0,0.2578359397195507,0
TZ-LOAN-12965,19.0,Arusha,670911.2808287841,500000,32,0,3.288018766300728,0
TZ-LOAN-12966,30.0,Dar es Salaam,454803.0135991415,250000,34,0,2.483811720376605,0
TZ-LOAN-12967,49.0,Dar es Salaam,552005.7310434165,1000000,24,0,0.31837637343573244,0
TZ-LOAN-12968,48.0,Mbeya,1250728.240293439,100000,23,0,1.2850676533457386,0
TZ-LOAN-12969,33.0,Mbeya,557728.5748652603,1000000,28,2,3.340047452503945,1
TZ-LOAN-12970,49.0,Mbeya,,100000,25,0,8.25837235170158,0
TZ-LOAN-12971,49.0,Arusha,812396.3882024835,500000,26,0,13.257018007726817,0
TZ-LOAN-12972,51.0,Dodoma,349811.1882550278,50000,30,0,3.621457576838516,0
TZ-LOAN-12973,28.0,Mwanza,393471.3576772385,50000,23,0,2.5817604829206826,0
TZ-LOAN-12974,27.0,Mbeya,288193.28857756435,500000,22,1,15.478252145593277,1
TZ-LOAN-12975,32.0,Mwanza,384208.7798306669,100000,16,1,16.465625998868244,0
TZ-LOAN-12976,34.0,Dar es Salaam,-205009.03279515472,500000,22,2,1.0561511091513418,0
TZ-LOAN-12977,57.0,Arusha,813374.7202380884,100000,20,1,3.79061890688493,0
TZ-LOAN-12978,35.0,Mbeya,1266258.1523768208,500000,15,1,8.599336290725795,0
TZ-LOAN-12979,26.0,Dodoma,694346.221710958,500000,27,0,8.637139135624652,0
TZ-LOAN-12980,42.0,Arusha,-150000.0,500000,30,0,5.7755737899976545,0
TZ-LOAN-12981,57.0,Dar es Salaam,,50000,19,0,3.18826830712007,0
TZ-LOAN-12982,31.0,Mwanza,512336.94649250095,100000,13,0,2.5846921272641037,0
TZ-LOAN-12983,42.0,Arusha,344724.56683598727,1500000,25,0,8.2101198254489,1
TZ-LOAN-12984,67.0,Mwanza,908054.791518547,500000,30,0,1.2791290766452201,0
TZ-LOAN-12985,39.0,Mbeya,893078.0133126001,1000000,27,0,2.796840619323347,0
TZ-LOAN-12986,69.0,Dar es Salaam,303364.4618547021,1000000,21,0,4.183525619750848,1
TZ-LOAN-12987,47.0,Dodoma,867524.3133342525,50000,28,0,8.912529681069229,0
TZ-LOAN-12988,37.0,Arusha,1108043.7990731795,250000,25,0,2.340827607307209,0
TZ-LOAN-12989,38.0,Mwanza,1220767.4615688678,1500000,19,2,3.9776247854483886,1
TZ-LOAN-12990,61.0,Dar es Salaam,,50000,23,0,1.6367170172227388,0
TZ-LOAN-12991,49.0,Dar es Salaam,,250000,17,0,9.067347440517196,0
TZ-LOAN-12992,68.0,Mbeya,1497266.127918561,50000,28,0,7.698189037322231,0
TZ-LOAN-12993,63.0,Arusha,543738.0834473635,1000000,32,1,8.57672221325536,1
TZ-LOAN-12994,66.0,Mbeya,472260.3633858457,500000,25,2,0.2959709880590576,0
TZ-LOAN-12995,38.0,Mbeya,748121.7124633535,100000,22,1,3.336404422878268,0
TZ-LOAN-12996,52.0,Mbeya,475381.59977209626,500000,21,0,0.7300030234641715,0
TZ-LOAN-12997,49.0,Dar es Salaam,769713.2421939578,1000000,21,0,5.600616631554472,0
TZ-LOAN-12998,47.0,Mwanza,253976.84367880953,100000,32,3,1.8654077753546459,0
TZ-LOAN-12999,56.0,Mwanza,578374.2193809696,250000,25,0,7.448866195838113,0
TZ-LOAN-13000,66.0,Dodoma,1035674.6703085038,250000,24,0,0.33693636716692293,0
TZ-LOAN-13001,29.0,Dodoma,632881.6125706532,1000000,23,0,3.6001315927492388,0
TZ-LOAN-13002,58.0,Mwanza,692478.7360219648,100000,26,2,0.6600351047482114,0
TZ-LOAN-13003,64.0,Mbeya,792577.5814151934,500000,20,0,4.081085727662077,0
TZ-LOAN-13004,35.0,Dar es Salaam,1001198.488795298,1000000,32,2,4.674202033920746,0
TZ-LOAN-13005,38.0,Mbeya,153432.5863431701,250000,18,0,3.1008176321618857,0
TZ-LOAN-13006,30.0,Mbeya,825357.2155512304,1000000,19,1,1.6400668846467976,0
TZ-LOAN-13007,38.0,Mbeya,569558.258227471,500000,28,0,0.16430973023953546,0
TZ-LOAN-13008,25.0,Arusha,,50000,27,0,5.4252354582132565,0
TZ-LOAN-13009,63.0,Arusha,967985.0509287128,1500000,27,0,10.218129103102005,0
TZ-LOAN-13010,57.0,Mbeya,291744.0045764467,1500000,26,0,6.614678368069531,1
TZ-LOAN-13011,63.0,Dodoma,346206.66756707313,1500000,23,0,11.175473946815027,1
TZ-LOAN-13012,24.0,Dodoma,69371.01208585815,50000,34,3,13.260776906348147,1
TZ-LOAN-13013,40.0,Mwanza,485252.31747086707,500000,18,0,2.985063659760367,0
TZ-LOAN-13014,61.0,Dar es Salaam,1049129.703313645,100000,23,0,5.986498367480745,0
TZ-LOAN-13015,49.0,Arusha,613823.8434579591,1000000,25,0,2.5323319384212732,0
TZ-LOAN-13016,28.0,Mbeya,247962.53130356426,500000,27,1,,1
TZ-LOAN-13017,39.0,Arusha,504296.3766274859,50000,27,1,4.13879988490634,0
TZ-LOAN-13018,39.0,Mwanza,203641.4889528131,250000,28,0,6.980713662602952,0
TZ-LOAN-13019,60.0,Dodoma,312444.1694806515,1500000,25,0,0.07312325278141216,1
TZ-LOAN-13020,42.0,Dodoma,766645.6730791139,1500000,24,0,4.28479621372072,0
TZ-LOAN-13021,39.0,Dar es Salaam,297838.0021081914,500000,20,0,6.77380599501568,0
TZ-LOAN-13022,45.0,Dar es Salaam,983790.2915609905,1500000,23,0,1.4853377309700662,0
TZ-LOAN-13023,46.0,Mwanza,628663.9127508992,1500000,30,1,0.07239137760751974,1
TZ-LOAN-13024,30.0,Dar es Salaam,675678.4111833576,500000,24,0,,0
TZ-LOAN-13025,35.0,Mwanza,566488.1097176318,500000,19,0,2.0630968457066494,0
TZ-LOAN-13026,19.0,Arusha,881854.351563117,50000,32,0,2.799988370561902,0
TZ-LOAN-13027,46.0,Mbeya,884947.9663331032,50000,27,0,4.1282802115867705,0
TZ-LOAN-13028,38.0,Dodoma,750516.3055736515,1500000,28,1,0.5840803246408565,1
TZ-LOAN-13029,32.0,Mbeya,819436.7317722944,500000,26,0,0.5465786688948301,0
TZ-LOAN-13030,69.0,Arusha,,500000,25,0,16.205664609350475,0
TZ-LOAN-13031,44.0,Dar es Salaam,812660.9020727145,1500000,36,1,2.0692244007708886,0
TZ-LOAN-13032,67.0,Dodoma,548636.6673578579,100000,27,0,1.4753790014338275,0
TZ-LOAN-13033,48.0,Dar es Salaam,650669.4866487206,250000,29,0,0.24457598882471482,0
TZ-LOAN-13034,32.0,Mbeya,567606.8751901108,1000000,30,2,0.955371053391197,1
TZ-LOAN-13035,68.0,Dar es Salaam,512834.4382042412,1000000,28,0,2.8184523911934285,0
TZ-LOAN-13036,40.0,Mwanza,443266.4606834629,1500000,24,0,2.0933089382803938,1
TZ-LOAN-13037,41.0,Mbeya,790307.0311576657,1000000,34,0,2.7632905327597745,0
TZ-LOAN-13038,61.0,Dar es Salaam,1043181.7738440391,50000,26,0,6.085454207787752,0
TZ-LOAN-13039,30.0,Mbeya,1001330.5915008679,50000,29,1,5.133172275081996,0
TZ-LOAN-13040,39.0,Dar es Salaam,273030.3992163694,100000,29,0,3.3977311479356667,0
TZ-LOAN-13041,60.0,Dar es Salaam,1036760.9154220619,1500000,29,0,8.432175142272776,0
TZ-LOAN-13042,54.0,Mbeya,554552.4495146214,50000,26,1,9.735914076695023,0
TZ-LOAN-13043,50.0,Arusha,830219.9045436775,1500000,33,0,4.467911091419895,0
TZ-LOAN-13044,20.0,Mbeya,378135.40038583666,1500000,26,0,0.625384866033763,1
TZ-LOAN-13045,36.0,Dodoma,692593.9741622016,500000,22,1,2.6058885391822373,0
TZ-LOAN-13046,40.0,Dodoma,744116.9548690722,250000,25,1,5.031945436970441,0
TZ-LOAN-13047,46.0,Arusha,204618.5624241042,250000,26,0,0.32456501498966667,0
TZ-LOAN-13048,47.0,Dar es Salaam,832480.1499032568,1500000,24,0,0.10053668284984618,0
TZ-LOAN-13049,56.0,Mbeya,1053780.5023514945,250000,32,0,14.81481646200647,0
TZ-LOAN-13050,61.0,Dar es Salaam,597605.6162955116,250000,27,1,,0
TZ-LOAN-13051,64.0,Dar es Salaam,1058050.439248404,1000000,26,0,0.8309095030287117,0
TZ-LOAN-13052,42.0,Dodoma,593091.9519642778,1000000,20,0,2.945075328738172,0
TZ-LOAN-13053,54.0,Mbeya,904875.3593139851,500000,25,0,1.0756119635541412,0
TZ-LOAN-13054,64.0,Mwanza,-15570.989785329904,100000,24,0,0.05169330846595963,0
TZ-LOAN-13055,25.0,Dodoma,1375633.3337940392,50000,17,0,2.485379018940663,0
TZ-LOAN-13056,59.0,Dar es Salaam,1098637.473572887,50000,24,2,5.226088510959003,0
TZ-LOAN-13057,33.0,Dar es Salaam,564612.3487238963,1000000,28,1,15.409591447589435,1
TZ-LOAN-13058,25.0,Mwanza,58373.29200685455,1500000,25,0,7.34478807472989,1
TZ-LOAN-13059,18.0,Dar es Salaam,736408.5104916467,250000,34,0,1.3077212861671543,0
TZ-LOAN-13060,61.0,Arusha,216822.33587787295,500000,24,0,2.048961440255859,0
TZ-LOAN-13061,22.0,Mwanza,783456.0612672464,100000,22,1,3.675896535943415,0
TZ-LOAN-13062,20.0,Dar es Salaam,773469.7157492846,1000000,22,1,1.0614688376202879,0
TZ-LOAN-13063,18.0,Dodoma,367579.04929939256,1500000,24,3,8.947185554465062,1
TZ-LOAN-13064,21.0,Dodoma,986290.1070843133,500000,27,0,,0
TZ-LOAN-13065,57.0,Arusha,891672.4108418521,1500000,27,0,1.7122617240379978,0
TZ-LOAN-13066,52.0,Mwanza,942747.001186569,500000,23,0,4.309020615635645,0
TZ-LOAN-13067,49.0,Mwanza,652657.3111006686,1000000,31,1,,0
TZ-LOAN-13068,59.0,Dar es Salaam,225342.77992588806,500000,27,0,4.89901478480361,0
TZ-LOAN-13069,51.0,Dar es Salaam,943361.6816633414,250000,21,0,14.432165818394836,0
TZ-LOAN-13070,60.0,Mbeya,568888.5802592626,500000,29,1,5.880748579673545,0
TZ-LOAN-13071,42.0,Arusha,233065.95704219927,100000,22,1,8.377477044619265,0
TZ-LOAN-13072,27.0,Mwanza,1055611.809792298,500000,18,0,2.885667582135507,0
TZ-LOAN-13073,38.0,Dar es Salaam,1279822.2561507528,50000,28,1,2.2731500544659315,0
TZ-LOAN-13074,63.0,Mwanza,637625.5613062391,500000,35,0,1.9919710100133503,0
TZ-LOAN-13075,56.0,Arusha,1297736.3463809877,1500000,22,0,,0
TZ-LOAN-13076,44.0,Dodoma,677394.4185834049,1000000,23,0,3.6546157539493347,0
TZ-LOAN-13077,44.0,Arusha,535863.2287500947,50000,33,1,3.1963206872187087,0
TZ-LOAN-13078,19.0,Mwanza,460862.46374435676,1000000,28,0,0.5309492545811321,0
TZ-LOAN-13079,58.0,Dar es Salaam,1141124.7223978227,1500000,31,0,5.594684517979584,0
TZ-LOAN-13080,65.0,Mwanza,415956.83558366843,100000,28,0,6.46188791557523,0
TZ-LOAN-13081,30.0,Mbeya,870580.7929924962,250000,29,0,1.0920133516704906,0
TZ-LOAN-13082,26.0,Arusha,482250.8494822375,100000,33,0,7.129447476951048,0
TZ-LOAN-13083,69.0,Mbeya,,50000,22,3,10.57613289741764,1
TZ-LOAN-13084,53.0,Mwanza,959074.9081908701,1500000,29,1,0.9595797892860685,0
TZ-LOAN-13085,39.0,Mwanza,535988.9461131939,1500000,20,0,3.0077802772115736,1
TZ-LOAN-13086,59.0,Mbeya,,250000,22,0,10.444841188628168,0
TZ-LOAN-13087,43.0,Dar es Salaam,989841.4091524421,500000,26,0,3.340302903657334,0
TZ-LOAN-13088,29.0,Dar es Salaam,1129219.187966487,50000,27,2,8.443858885247543,0
TZ-LOAN-13089,34.0,Arusha,843406.94098527,250000,36,0,1.2151556468291376,0
TZ-LOAN-13090,31.0,Mbeya,453569.0673128152,1000000,27,0,0.3303317252260416,0
TZ-LOAN-13091,31.0,Arusha,-150000.0,250000,22,0,0.3065419109402076,0
TZ-LOAN-13092,51.0,Arusha,673974.5791220112,1000000,23,0,17.94180099982385,0
TZ-LOAN-13093,37.0,Dodoma,746279.0185776972,1000000,25,0,0.8999283129958623,0
TZ-LOAN-13094,28.0,Arusha,353640.22695806844,1500000,20,0,10.008374190922723,1
TZ-LOAN-13095,33.0,Arusha,866911.3818739592,250000,24,0,1.8970032563655383,0
TZ-LOAN-13096,68.0,Dodoma,675653.9988918797,1500000,18,0,0.20457119696410217,0
TZ-LOAN-13097,48.0,Arusha,135287.50440856116,1500000,17,1,1.37861785940786,1
TZ-LOAN-13098,23.0,Arusha,371322.05526178086,100000,14,0,3.5209648404537894,0
TZ-LOAN-13099,36.0,Arusha,498761.3979045009,100000,27,2,0.5645660913344908,0
TZ-LOAN-13100,54.0,Mbeya,628142.6933476835,1500000,30,0,12.765714562685812,1
TZ-LOAN-13101,21.0,Dodoma,1216783.6386511987,1500000,15,0,11.507180853760099,0
TZ-LOAN-13102,64.0,Dar es Salaam,721451.3918418884,1000000,22,0,0.8075823032673662,0
TZ-LOAN-13103,21.0,Arusha,397768.4330304125,1500000,22,0,6.680066967871601,1
TZ-LOAN-13104,37.0,Mbeya,716189.241292149,50000,19,0,3.08749348333183,0
TZ-LOAN-13105,27.0,Mbeya,544373.6757638357,250000,26,2,20.12235121927599,1
TZ-LOAN-13106,41.0,Mbeya,747427.4718600626,50000,26,0,0.2849913212317281,0
TZ-LOAN-13107,52.0,Dodoma,824170.3061106844,100000,22,0,3.184161224237043,0
TZ-LOAN-13108,43.0,Dodoma,1012769.1941671814,50000,18,1,1.6806729087529133,0
TZ-LOAN-13109,54.0,Mwanza,642714.0512989922,500000,17,0,6.48004539410957,0
TZ-LOAN-13110,55.0,Arusha,1141688.1582799498,500000,18,0,0.5890453758024717,0
TZ-LOAN-13111,38.0,Dar es Salaam,922406.7987608574,100000,17,0,4.94576817796628,0
TZ-LOAN-13112,150.0,Dar es Salaam,437768.13655634364,50000,30,0,14.788267672826034,0
TZ-LOAN-13113,56.0,Mwanza,1312956.6997245392,250000,21,0,3.024586637296343,0
TZ-LOAN-13114,38.0,Dar es Salaam,748098.3539810292,100000,24,2,3.027794204715293,0
TZ-LOAN-13115,27.0,Arusha,399462.6488083295,500000,29,0,3.422942661299651,0
TZ-LOAN-13116,55.0,Dar es Salaam,1145873.9153691265,100000,28,0,2.6867739733253178,0
TZ-LOAN-13117,63.0,Arusha,1273333.2755595334,50000,26,0,2.966291462111891,0
TZ-LOAN-13118,21.0,Dodoma,640092.4208841318,50000,22,0,3.111008752507733,0
TZ-LOAN-13119,62.0,Dodoma,498904.9218873211,50000,20,0,31.24062462905206,0
TZ-LOAN-13120,37.0,Arusha,598287.5127639014,1000000,20,0,0.6189578562971797,0
TZ-LOAN-13121,34.0,Arusha,864419.5182553099,50000,34,0,1.6796118280274033,0
TZ-LOAN-13122,24.0,Dodoma,1033356.9965091541,1500000,22,2,1.183597259411255,1
TZ-LOAN-13123,21.0,Arusha,821146.1992590721,500000,23,0,3.9283741807836976,0
TZ-LOAN-13124,46.0,Mwanza,680516.962541531,500000,23,0,0.01406443923196469,0
TZ-LOAN-13125,31.0,Dodoma,1099403.5310913282,1000000,25,1,12.697783931791399,0
TZ-LOAN-13126,20.0,Dar es Salaam,556149.0580845433,500000,26,3,3.7870516377909,1
TZ-LOAN-13127,41.0,Dodoma,959275.8015100721,500000,30,0,11.32053499553679,0
TZ-LOAN-13128,54.0,Dar es Salaam,563581.1604946164,100000,30,0,2.1153346867352036,0
TZ-LOAN-13129,33.0,Dar es Salaam,779306.8874032679,50000,25,0,,0
TZ-LOAN-13130,69.0,Mwanza,615931.2305628646,1500000,29,0,1.0677767791421169,0
TZ-LOAN-13131,21.0,Dodoma,633244.3452041567,1500000,28,0,3.181305443122034,0
TZ-LOAN-13132,41.0,Dodoma,536784.044761337,100000,30,3,0.20551071045332672,0
TZ-LOAN-13133,51.0,Mwanza,1053456.2093542083,1500000,21,0,7.611810151319789,0
TZ-LOAN-13134,47.0,Dodoma,,100000,19,0,7.8184185472108965,0
TZ-LOAN-13135,35.0,Dar es Salaam,427930.3242353875,1500000,26,0,6.052554463830999,1
TZ-LOAN-13136,36.0,Arusha,1286298.0697535328,500000,20,0,11.333185936368505,0
TZ-LOAN-13137,48.0,Mwanza,943354.2693962995,250000,18,0,3.98673362877978,0
TZ-LOAN-13138,36.0,Mwanza,-65534.109607910854,50000,22,3,3.263093143456937,0
TZ-LOAN-13139,66.0,Arusha,480422.3782368789,250000,19,0,3.766352118689328,0
TZ-LOAN-13140,63.0,Dar es Salaam,106403.19873138377,500000,27,2,1.0041815353689971,1
TZ-LOAN-13141,36.0,Arusha,364792.79197542346,1000000,26,0,3.5901844925089748,1
TZ-LOAN-13142,39.0,Dodoma,-291554.39987021196,100000,17,0,3.9017785539344367,0
TZ-LOAN-13143,41.0,Arusha,608903.1266918173,1500000,28,2,7.232129910130702,1
TZ-LOAN-13144,62.0,Mwanza,307417.45425160654,1500000,23,0,2.1379359570776852,1
TZ-LOAN-13145,29.0,Mbeya,667971.5770389315,500000,23,0,0.4838051324273434,0
TZ-LOAN-13146,47.0,Dodoma,162463.62233524257,1500000,20,0,4.549835159739487,1
TZ-LOAN-13147,55.0,Arusha,674873.555951612,500000,20,0,7.754861329857176,0
TZ-LOAN-13148,48.0,Arusha,525525.1165639018,250000,25,0,17.45994184098352,0
TZ-LOAN-13149,53.0,Dar es Salaam,1100585.8895565788,1000000,23,0,0.4729523083556232,0
TZ-LOAN-13150,36.0,Dodoma,1073407.0585236875,100000,24,2,6.859022148199375,0
TZ-LOAN-13151,65.0,Dar es Salaam,885603.6809030849,1500000,17,0,4.5297229817897495,0
TZ-LOAN-13152,62.0,Mwanza,552015.8658016362,1000000,23,0,0.0772800650259031,0
TZ-LOAN-13153,53.0,Mwanza,1245614.118578088,1000000,26,0,6.3335266495078155,0
TZ-LOAN-13154,47.0,Dar es Salaam,184089.4166480538,1000000,23,0,0.13275311420648533,1
TZ-LOAN-13155,66.0,Dodoma,,50000,26,0,7.691547008790661,0
TZ-LOAN-13156,50.0,Dar es Salaam,624865.0700332806,1000000,30,0,6.3884948771616425,0
TZ-LOAN-13157,35.0,Dar es Salaam,1326211.4326763358,500000,22,0,5.822480007833031,0
TZ-LOAN-13158,69.0,Dodoma,589298.3279389738,50000,22,0,0.6391450914883277,0
TZ-LOAN-13159,66.0,Mwanza,595026.4270372154,50000,29,0,12.568565432079472,0
TZ-LOAN-13160,45.0,Mbeya,217426.89316645724,1000000,19,0,11.458873076011994,1
TZ-LOAN-13161,64.0,Dar es Salaam,933778.8755811135,1500000,21,0,11.525992027067298,0
TZ-LOAN-13162,28.0,Dar es Salaam,935952.8762988062,1500000,23,0,2.2342674807229996,0
TZ-LOAN-13163,62.0,Arusha,,1500000,28,0,3.38807187200945,0
TZ-LOAN-13164,50.0,Dodoma,461233.7981457913,1500000,20,0,0.6102468849412115,1
TZ-LOAN-13165,34.0,Arusha,437987.9694880983,500000,23,1,0.2622348383422863,0
TZ-LOAN-13166,23.0,Mwanza,262063.32487850887,1500000,24,3,0.30287842150114075,1
TZ-LOAN-13167,21.0,Arusha,675161.75052828,100000,19,0,4.205563917780769,0
TZ-LOAN-13168,37.0,Dodoma,325877.8012164495,1000000,23,0,1.938640371998667,1
TZ-LOAN-13169,65.0,Dar es Salaam,296775.04842521343,50000,28,0,4.332215364136354,0
TZ-LOAN-13170,64.0,Dar es Salaam,522892.7849267972,100000,31,1,4.4905887325799,0
TZ-LOAN-13171,44.0,Mbeya,503253.14744473516,1500000,33,0,11.879133335889126,1
TZ-LOAN-13172,32.0,Mwanza,488606.4413534135,100000,35,0,10.697369736632904,0
TZ-LOAN-13173,23.0,Dar es Salaam,789933.3790520784,50000,28,0,6.339597126764682,0
TZ-LOAN-13174,64.0,Arusha,673714.3406450838,1500000,33,1,,1
TZ-LOAN-13175,31.0,Mbeya,563553.1908466647,100000,34,0,0.015823209481123392,0
TZ-LOAN-13176,28.0,Mbeya,704903.8784934446,500000,35,1,0.07828535624956925,0
TZ-LOAN-13177,56.0,Mwanza,352541.8876686103,500000,20,0,3.0678673345759893,0
TZ-LOAN-13178,26.0,Mbeya,681583.5871729034,1000000,19,0,5.302158343229668,0
TZ-LOAN-13179,43.0,Dodoma,695180.7478533902,1000000,22,0,7.901439827090337,0
TZ-LOAN-13180,33.0,Arusha,199085.9421927558,100000,25,0,2.9644008959067314,0
TZ-LOAN-13181,22.0,Mbeya,948708.1263111086,50000,34,0,14.081016316904876,0
TZ-LOAN-13182,69.0,Dar es Salaam,385569.88843190135,500000,31,0,8.436598945365578,0
TZ-LOAN-13183,27.0,Arusha,677092.9397619305,250000,43,0,0.5421351139826235,0
TZ-LOAN-13184,67.0,Mwanza,999323.5221605811,1000000,28,0,2.9006849668181838,0
TZ-LOAN-13185,20.0,Mbeya,927703.0273141608,500000,20,3,26.37127116828138,1
TZ-LOAN-13186,30.0,Arusha,660300.0165706506,1500000,22,2,2.6376708902360906,1
TZ-LOAN-13187,60.0,Dar es Salaam,541250.2991353795,100000,26,0,2.4409992580659186,0
TZ-LOAN-13188,66.0,Mbeya,934253.5725726702,500000,12,0,1.7412693432269652,0
TZ-LOAN-13189,47.0,Mwanza,852408.493342586,500000,32,0,3.3324191650497514,0
TZ-LOAN-13190,62.0,Mwanza,464490.493986761,100000,26,1,6.544021272314884,0
TZ-LOAN-13191,23.0,Mwanza,411531.9058994929,1000000,28,2,0.24317843385552276,1
TZ-LOAN-13192,34.0,Mbeya,28293.445491200546,1000000,30,0,9.030842506483353,1
TZ-LOAN-13193,62.0,Mbeya,696209.5525050762,250000,35,0,12.479612087338076,0
TZ-LOAN-13194,68.0,Mbeya,,250000,25,0,7.595531359952771,0
TZ-LOAN-13195,36.0,Dar es Salaam,990857.4123927627,1000000,25,0,12.363006084445257,0
TZ-LOAN-13196,59.0,Mwanza,757716.52804411,1000000,21,0,0.4985739573069352,0
TZ-LOAN-13197,52.0,Arusha,1050268.7582518072,1000000,17,0,2.990163429066681,0
TZ-LOAN-13198,63.0,Arusha,440790.7316251488,1000000,22,0,0.36846121248492597,0
TZ-LOAN-13199,43.0,Mbeya,991445.0992902855,500000,18,0,9.064995997670447,0
TZ-LOAN-13200,68.0,Mwanza,,250000,24,0,15.240052483351443,0
TZ-LOAN-13201,22.0,Mwanza,883278.8185376816,100000,20,2,1.767337684706364,0
TZ-LOAN-13202,46.0,Mbeya,,50000,28,0,3.8328346714535626,0
TZ-LOAN-13203,54.0,Dar es Salaam,720540.5898098566,100000,15,0,1.7667985781756335,0
TZ-LOAN-13204,37.0,Arusha,54593.61756622698,1500000,26,0,2.3810946453077,1
TZ-LOAN-13205,66.0,Arusha,569858.7542174736,50000,23,3,3.2366416478002185,0
TZ-LOAN-13206,38.0,Dodoma,782106.1981633741,500000,28,0,7.822382299638278,0
TZ-LOAN-13207,27.0,Mbeya,-150000.0,1500000,16,0,0.7949639113747671,1
TZ-LOAN-13208,22.0,Arusha,334868.7113732098,250000,26,0,0.8542636979112535,0
TZ-LOAN-13209,53.0,Arusha,903835.5407887801,50000,27,2,1.1273692342603296,0
TZ-LOAN-13210,23.0,Dar es Salaam,618961.163045923,1000000,29,0,0.273084386200947,0
TZ-LOAN-13211,43.0,Mbeya,503128.8058907985,1500000,32,1,5.1566132432751255,1
TZ-LOAN-13212,21.0,Mbeya,662568.7763462829,500000,30,0,1.0527674912853977,0
TZ-LOAN-13213,150.0,Arusha,1441000.7425836767,50000,20,0,2.8771584228207776,0
TZ-LOAN-13214,56.0,Arusha,,1000000,17,0,5.785292353840558,0
TZ-LOAN-13215,67.0,Mwanza,,1500000,26,0,2.979618285509617,0
TZ-LOAN-13216,52.0,Dodoma,780663.8956977092,500000,17,0,11.823211868597078,0
TZ-LOAN-13217,18.0,Arusha,699945.5817731441,1500000,28,0,7.330328797483911,0
TZ-LOAN-13218,41.0,Mbeya,-68824.68649912486,50000,28,1,1.5942965905263664,0
TZ-LOAN-13219,53.0,Mwanza,446305.89606106037,1000000,22,2,0.6986663869340775,1
TZ-LOAN-13220,23.0,Dar es Salaam,505827.67603925767,250000,33,0,11.242274536519137,0
TZ-LOAN-13221,58.0,Mbeya,87532.3807857401,500000,23,0,2.5284248529481497,1
TZ-LOAN-13222,63.0,Mwanza,302775.2629353699,50000,23,1,2.4104768183915612,0
TZ-LOAN-13223,61.0,Mbeya,,1000000,23,0,8.303763291940449,1
TZ-LOAN-13224,48.0,Mbeya,638502.8492907883,250000,32,0,0.04699410029753577,0
TZ-LOAN-13225,37.0,Mbeya,895629.7912546449,1500000,20,0,2.999306927341563,0
TZ-LOAN-13226,41.0,Arusha,982032.3555872986,1000000,17,0,6.264416035110986,0
TZ-LOAN-13227,42.0,Arusha,774435.3386237724,250000,24,0,9.442005977292048,0
TZ-LOAN-13228,53.0,Dodoma,360981.09764042933,50000,28,0,10.823204614445363,0
TZ-LOAN-13229,38.0,Dar es Salaam,70380.45244401216,1000000,34,0,3.133803422805126,1
TZ-LOAN-13230,47.0,Dar es Salaam,122939.39017954946,1000000,27,0,9.409763197036034,1
TZ-LOAN-13231,41.0,Arusha,,100000,26,0,0.18208439341247548,0
TZ-LOAN-13232,61.0,Mbeya,383342.0905892976,500000,37,0,1.8222796545685462,0
TZ-LOAN-13233,59.0,Mbeya,602075.450602524,1000000,28,0,0.05276899226300172,0
TZ-LOAN-13234,47.0,Mwanza,345750.7345619095,250000,28,0,0.9047647090655208,0
TZ-LOAN-13235,39.0,Mwanza,751692.7681004785,500000,18,0,6.450037320110552,0
TZ-LOAN-13236,45.0,Mwanza,580317.9491601582,50000,26,3,0.02216987551522283,0
TZ-LOAN-13237,24.0,Dar es Salaam,653163.7135223077,500000,19,0,3.701775683363229,0
TZ-LOAN-13238,52.0,Dar es Salaam,992075.1658013614,100000,21,0,2.67205928313696,0
TZ-LOAN-13239,45.0,Mwanza,295930.479739889,50000,19,0,0.6555048319393973,0
TZ-LOAN-13240,31.0,Mwanza,-150000.0,1000000,18,0,5.785991349029884,0
TZ-LOAN-13241,27.0,Mwanza,645808.0314571781,1500000,18,0,5.906555406844656,1
TZ-LOAN-13242,33.0,Dar es Salaam,549954.1157090914,50000,21,2,6.479500158072112,0
TZ-LOAN-13243,33.0,Arusha,915576.8962597881,50000,32,0,7.247396732013753,0
TZ-LOAN-13244,48.0,Mbeya,,100000,26,0,1.8916232034513814,0
TZ-LOAN-13245,59.0,Arusha,366052.7612034716,250000,21,0,25.688897610608592,0
TZ-LOAN-13246,42.0,Dar es Salaam,595351.8248426227,50000,24,0,0.37875905649553926,0
TZ-LOAN-13247,30.0,Dar es Salaam,734363.5047752196,250000,22,0,5.216295224004682,0
TZ-LOAN-13248,23.0,Mwanza,568097.9755932246,500000,20,1,17.66367051056843,0
TZ-LOAN-13249,61.0,Arusha,825506.3996863395,1500000,23,0,1.2700145908011564,0
TZ-LOAN-13250,26.0,Dar es Salaam,734357.6053730827,100000,27,0,1.6295159305499816,0
TZ-LOAN-13251,62.0,Dodoma,1199768.3721068038,1000000,22,0,4.289843068272633,0
TZ-LOAN-13252,53.0,Arusha,190916.2592210637,50000,31,0,7.599302415000031,0
TZ-LOAN-13253,60.0,Arusha,613269.2030757808,1500000,23,1,1.9945356653355564,1
TZ-LOAN-13254,37.0,Dar es Salaam,377449.2465463427,1500000,19,0,,1
TZ-LOAN-13255,35.0,Mbeya,831232.2366317132,250000,18,1,1.3790559638398219,0
TZ-LOAN-13256,60.0,Dar es Salaam,164848.43298633664,50000,34,0,10.371939080126308,0
TZ-LOAN-13257,38.0,Arusha,753893.813067466,1500000,24,0,1.4581367182827374,0
TZ-LOAN-13258,21.0,Dodoma,460985.47059549764,100000,29,2,4.80428556213478,0
TZ-LOAN-13259,67.0,Arusha,429751.4401636958,1000000,28,0,2.2142090749230303,0
TZ-LOAN-13260,50.0,Dar es Salaam,216050.5389377938,500000,33,0,1.9417577623397997,0
TZ-LOAN-13261,44.0,Mwanza,510477.21613969817,500000,25,1,2.184744583599662,0
TZ-LOAN-13262,24.0,Mbeya,975350.1590872777,250000,25,0,3.457756417967557,0
TZ-LOAN-13263,23.0,Arusha,-150000.0,1500000,22,0,9.323218366133863,1
TZ-LOAN-13264,32.0,Dodoma,838304.1253623423,500000,24,1,7.121398497755153,0
TZ-LOAN-13265,35.0,Dodoma,1149392.5465898826,250000,18,0,2.9831966481683785,0
TZ-LOAN-13266,49.0,Dodoma,729126.6754467727,1000000,32,0,1.6575448954003615,0
TZ-LOAN-13267,28.0,Mbeya,482360.1283812978,50000,28,0,9.63106149313504,0
TZ-LOAN-13268,37.0,Arusha,790175.6645548369,100000,24,1,10.20822505186752,0
TZ-LOAN-13269,41.0,Mwanza,486711.1561057124,1000000,26,0,3.0227181145680504,0
TZ-LOAN-13270,32.0,Dar es Salaam,498673.19501084916,1000000,26,0,5.951103304932359,0
TZ-LOAN-13271,65.0,Arusha,194032.16011430457,500000,22,3,2.3043359805094816,1
TZ-LOAN-13272,24.0,Arusha,927877.2473253177,500000,30,2,0.8072897011028084,0
TZ-LOAN-13273,38.0,Mwanza,534199.2273051682,100000,22,0,1.9392280078371278,0
TZ-LOAN-13274,59.0,Mbeya,704629.4737447586,50000,25,0,5.729845420572335,0
TZ-LOAN-13275,43.0,Dar es Salaam,339211.42141800816,1000000,27,0,7.335562890452176,1
TZ-LOAN-13276,61.0,Dar es Salaam,780784.2889146417,1500000,16,0,9.541086432970333,0
TZ-LOAN-13277,31.0,Dar es Salaam,421417.6285594749,500000,25,0,0.08935723651860024,0
TZ-LOAN-13278,150.0,Arusha,607487.3834894528,1000000,26,0,3.3316123026290727,0
TZ-LOAN-13279,38.0,Mwanza,913347.8093717378,50000,21,0,1.6004899192494684,0
TZ-LOAN-13280,35.0,Mwanza,887227.7936697588,250000,17,0,5.759424766237831,0
TZ-LOAN-13281,22.0,Mbeya,643390.9782449178,50000,29,2,1.407382404788098,0
TZ-LOAN-13282,20.0,Mwanza,119560.6901879845,1000000,25,0,4.176782954375661,1
TZ-LOAN-13283,40.0,Mwanza,1547843.1710181925,1000000,25,0,6.22332564149472,0
TZ-LOAN-13284,43.0,Dar es Salaam,1173757.6910819407,100000,27,1,7.349791346067862,0
TZ-LOAN-13285,54.0,Mbeya,866802.4474664895,1000000,27,0,1.569913202276587,0
TZ-LOAN-13286,41.0,Mwanza,424038.86552270874,500000,26,0,0.4596562794631902,0
TZ-LOAN-13287,66.0,Mwanza,615922.3514894106,1500000,30,2,1.2340659470462438,1
TZ-LOAN-13288,36.0,Mwanza,,100000,32,0,4.570608102216102,0
TZ-LOAN-13289,68.0,Mwanza,1029156.7817289166,1000000,31,0,0.20645002859268047,0
TZ-LOAN-13290,42.0,Dar es Salaam,728750.8672555501,50000,32,0,0.8649973227692338,0
TZ-LOAN-13291,38.0,Arusha,414750.84249205014,1000000,28,0,26.99038757620921,1
TZ-LOAN-13292,29.0,Mbeya,508773.4702625654,50000,28,0,2.4090163529538837,0
TZ-LOAN-13293,58.0,Arusha,986356.4427709715,50000,19,0,3.4311187581126563,0
TZ-LOAN-13294,50.0,Dar es Salaam,1130029.3540461436,1000000,21,1,0.055340948227056194,0
TZ-LOAN-13295,67.0,Arusha,1108499.4690458737,50000,29,0,4.48131064683147,0
TZ-LOAN-13296,21.0,Mwanza,877109.6195161932,1500000,25,3,1.9674259074736473,1
TZ-LOAN-13297,59.0,Mbeya,574212.539359209,250000,22,1,3.7771689767744365,0
TZ-LOAN-13298,24.0,Mwanza,-322454.1475987361,100000,25,0,3.7339882905984068,0
TZ-LOAN-13299,39.0,Mbeya,739148.0071424665,1000000,18,0,17.12603395836084,0
TZ-LOAN-13300,50.0,Arusha,649451.3723467699,250000,23,0,1.5616295877380462,0
TZ-LOAN-13301,34.0,Mwanza,691994.6288964062,50000,26,0,4.22488684657533,0
TZ-LOAN-13302,41.0,Dar es Salaam,666169.2041099619,50000,30,0,,0
TZ-LOAN-13303,51.0,Mwanza,252121.3514152529,100000,19,0,2.740905407725238,0
TZ-LOAN-13304,45.0,Dodoma,817222.5670553558,250000,27,2,0.2858106358180425,0
TZ-LOAN-13305,60.0,Dar es Salaam,839664.8942095551,250000,21,0,5.83102555046172,0
TZ-LOAN-13306,58.0,Mbeya,854701.6346178977,1000000,27,0,1.0863380422260769,0
TZ-LOAN-13307,56.0,Dodoma,933973.1010720159,50000,24,0,3.1601560826272297,0
TZ-LOAN-13308,39.0,Mwanza,831215.493476487,500000,25,0,2.84818850207337,0
TZ-LOAN-13309,66.0,Mwanza,526991.1765383268,1000000,25,0,3.156885406498671,0
TZ-LOAN-13310,34.0,Mwanza,628748.9456251729,1000000,20,0,2.354388022952585,0
TZ-LOAN-13311,51.0,Mwanza,677337.4601760131,1000000,23,1,1.3879024266211513,0
TZ-LOAN-13312,23.0,Dodoma,682309.8347319856,100000,12,2,2.9775082212668447,0
TZ-LOAN-13313,63.0,Dar es Salaam,949465.2967915189,100000,32,0,0.23660872020009174,0
TZ-LOAN-13314,23.0,Dodoma,,1000000,30,1,1.3874875746219937,0
TZ-LOAN-13315,51.0,Dar es Salaam,1273203.0318709859,1500000,22,0,7.682061254230311,0
TZ-LOAN-13316,18.0,Arusha,1311940.6939654015,500000,25,0,9.251830515927832,0
TZ-LOAN-13317,27.0,Arusha,673894.8747841775,250000,19,0,6.281760426174348,0
TZ-LOAN-13318,38.0,Dar es Salaam,-500996.6645378107,250000,20,1,,0
TZ-LOAN-13319,22.0,Dar es Salaam,1021049.7398381799,50000,28,0,8.337076937021031,0
TZ-LOAN-13320,19.0,Dar es Salaam,487887.0983038837,250000,28,0,0.6838599002946256,0
TZ-LOAN-13321,39.0,Arusha,409554.82345069794,250000,29,0,3.7248782278636163,0
TZ-LOAN-13322,65.0,Dar es Salaam,530466.41750319,500000,24,3,0.6182767501863007,1
TZ-LOAN-13323,19.0,Dar es Salaam,516007.08595561807,250000,24,1,7.522374068631846,0
TZ-LOAN-13324,27.0,Dodoma,833680.9430316178,500000,28,0,3.675644918291794,0
TZ-LOAN-13325,51.0,Mbeya,182169.26626213238,100000,22,3,8.304310950383195,1
TZ-LOAN-13326,33.0,Mwanza,326683.77626251953,500000,23,0,8.023829841749231,0
TZ-LOAN-13327,65.0,Mwanza,752947.566259225,100000,23,0,3.1387861428624593,0
TZ-LOAN-13328,68.0,Dodoma,836883.2091239925,500000,24,0,3.4345761456823,0
TZ-LOAN-13329,56.0,Dar es Salaam,842462.4934808036,1000000,24,0,0.14337356607964963,0
TZ-LOAN-13330,39.0,Mbeya,413889.1163200103,1500000,18,0,3.706577239696804,1
TZ-LOAN-13331,29.0,Dodoma,356520.305220128,100000,32,0,5.657714636117598,0
TZ-LOAN-13332,41.0,Mbeya,498009.5498636242,100000,25,2,,0
TZ-LOAN-13333,64.0,Arusha,721961.8256854175,250000,33,0,21.53540125643792,0
TZ-LOAN-13334,57.0,Mbeya,1095643.210781765,100000,26,0,18.410288651638204,0
TZ-LOAN-13335,55.0,Dodoma,35768.84426877496,500000,19,0,1.662215984193486,1
TZ-LOAN-13336,27.0,Mwanza,583781.37291249,1000000,18,0,6.2408994225507355,0
TZ-LOAN-13337,52.0,Arusha,250196.46769243886,1000000,31,3,,1
TZ-LOAN-13338,68.0,Mbeya,154327.19679395307,250000,22,0,5.479370865130671,0
TZ-LOAN-13339,66.0,Mwanza,940086.993603445,500000,27,1,4.891049932257417,0
TZ-LOAN-13340,49.0,Mbeya,813387.3723498016,500000,29,0,,0
TZ-LOAN-13341,24.0,Mbeya,784830.0547841787,50000,29,0,1.8146514887936531,0
TZ-LOAN-13342,38.0,Dar es Salaam,926307.751919298,100000,25,0,10.519087287540563,0
TZ-LOAN-13343,37.0,Mwanza,506084.33097015915,250000,17,0,9.758761857617321,0
TZ-LOAN-13344,43.0,Arusha,520208.7450999415,1000000,20,0,5.537300985100133,0
TZ-LOAN-13345,21.0,Arusha,1305719.1850167722,1500000,25,0,3.196467089927974,0
TZ-LOAN-13346,63.0,Arusha,576028.6837221277,50000,29,0,4.816927963807207,0
TZ-LOAN-13347,69.0,Mbeya,870539.6339162274,500000,18,2,6.54590312043175,0
TZ-LOAN-13348,39.0,Mwanza,651914.4622889945,100000,19,3,18.494929714626217,1
TZ-LOAN-13349,32.0,Arusha,95522.44097647548,1000000,26,0,0.6489957803863615,1
TZ-LOAN-13350,57.0,Arusha,36611.298859619536,50000,28,0,1.8776346628050533,0
TZ-LOAN-13351,38.0,Mbeya,476304.7340180286,500000,16,0,7.586945069081335,0
TZ-LOAN-13352,32.0,Dodoma,966830.3755009967,1000000,26,0,2.6312195720675033,0
TZ-LOAN-13353,39.0,Arusha,886487.4969908011,1000000,26,3,5.58103034970309,1
TZ-LOAN-13354,69.0,Mwanza,924223.1492672102,500000,23,0,0.7142619168587712,0
TZ-LOAN-13355,45.0,Arusha,353886.1463191054,500000,19,0,6.174937526022602,0
TZ-LOAN-13356,31.0,Mbeya,1134761.747036694,250000,36,0,5.605268398358026,0
TZ-LOAN-13357,44.0,Dodoma,360532.0099440847,1000000,29,0,,1
TZ-LOAN-13358,58.0,Dodoma,,500000,22,0,7.245914479126095,0
TZ-LOAN-13359,57.0,Mwanza,646894.313027679,1500000,30,1,10.605996223275051,1
TZ-LOAN-13360,45.0,Dodoma,597837.8539056241,1500000,22,0,8.839314604193202,1
TZ-LOAN-13361,43.0,Arusha,1051577.641488682,50000,23,2,0.6823877583818884,0
TZ-LOAN-13362,66.0,Dar es Salaam,438466.8439502118,100000,22,3,6.820578101319112,1
TZ-LOAN-13363,19.0,Mbeya,245118.42328642157,1500000,24,1,2.987044017910561,1
TZ-LOAN-13364,42.0,Arusha,655998.6458619258,250000,13,0,2.0314408724279245,0
TZ-LOAN-13365,20.0,Arusha,530051.979714042,500000,23,0,10.586738365792902,0
TZ-LOAN-13366,25.0,Mbeya,1663214.8757247939,100000,27,2,4.1005096302515796,0
TZ-LOAN-13367,61.0,Mbeya,852952.2429319925,250000,27,1,3.478098493903905,0
TZ-LOAN-13368,50.0,Arusha,527197.8274344127,1000000,20,0,7.676277543066524,0
TZ-LOAN-13369,59.0,Dodoma,333166.529243874,100000,19,0,4.029435910526077,0
TZ-LOAN-13370,69.0,Mwanza,85913.47682936455,1500000,27,0,9.759908202973332,1
TZ-LOAN-13371,52.0,Arusha,342434.2742787701,250000,19,0,0.5429450167579516,0
TZ-LOAN-13372,23.0,Dar es Salaam,684482.5315277395,500000,25,0,7.483517206309874,0
TZ-LOAN-13373,56.0,Arusha,1078198.5954784309,500000,44,0,0.894644132873787,0
TZ-LOAN-13374,69.0,Dar es Salaam,986506.7427163757,250000,30,0,1.2759540217865761,0
TZ-LOAN-13375,40.0,Arusha,718728.4494939138,1000000,19,0,0.9889114264917176,0
TZ-LOAN-13376,42.0,Arusha,,1500000,16,2,1.36180915821526,1
TZ-LOAN-13377,67.0,Dar es Salaam,730643.7069236463,250000,25,1,6.58068384574675,0
TZ-LOAN-13378,60.0,Mwanza,494408.6007546272,50000,20,0,5.325864047087812,0
TZ-LOAN-13379,36.0,Dar es Salaam,1165509.1987291626,250000,20,2,1.305403856784129,0
TZ-LOAN-13380,22.0,Mwanza,593242.945617476,250000,20,1,1.5747520648968174,0
TZ-LOAN-13381,68.0,Mwanza,624098.6425259819,1500000,21,0,0.5228825187640864,0
TZ-LOAN-13382,28.0,Dar es Salaam,-14746.727506200434,500000,26,0,2.6758948883975946,0
TZ-LOAN-13383,29.0,Mbeya,591369.5460431708,1000000,28,0,2.3787820287534505,0
TZ-LOAN-13384,27.0,Dar es Salaam,900945.2413894823,250000,30,1,,0
TZ-LOAN-13385,25.0,Mbeya,-150000.0,100000,26,0,8.997699518377598,0
TZ-LOAN-13386,41.0,Arusha,424783.89965215616,500000,30,0,9.572858543162502,0
TZ-LOAN-13387,45.0,Mbeya,887813.3053200995,500000,16,2,0.577316898983657,0
TZ-LOAN-13388,58.0,Dodoma,207002.83294458402,250000,23,0,1.548724743083755,0
TZ-LOAN-13389,53.0,Arusha,967340.3022625756,1500000,27,0,6.66071678695652,0
TZ-LOAN-13390,54.0,Arusha,490356.8329480694,100000,28,1,10.199823201846229,0
TZ-LOAN-13391,38.0,Mbeya,533429.5338526391,250000,18,0,0.37185612630681764,0
TZ-LOAN-13392,25.0,Mbeya,312836.47846232174,100000,27,0,11.63286876468476,0
TZ-LOAN-13393,26.0,Dodoma,763413.8781283649,500000,29,2,0.3180928807213632,0
TZ-LOAN-13394,64.0,Arusha,1387961.5955088139,100000,20,0,5.022659224087614,0
TZ-LOAN-13395,150.0,Mbeya,884449.1718381896,250000,25,0,0.11161218693960456,0
TZ-LOAN-13396,65.0,Dar es Salaam,390714.42141783924,50000,24,0,13.173884042770304,0
TZ-LOAN-13397,63.0,Mwanza,990686.1756474428,50000,12,0,2.182385094424702,0
TZ-LOAN-13398,57.0,Mwanza,554996.1362197251,100000,26,0,5.232040870409021,0
TZ-LOAN-13399,35.0,Mbeya,1062345.4944282677,1500000,21,0,1.0205185687076708,0
TZ-LOAN-13400,59.0,Dodoma,892002.9206493088,250000,28,0,1.9375519357289415,0
TZ-LOAN-13401,37.0,Mbeya,-232942.46964151994,1000000,19,1,6.877731291681296,0
TZ-LOAN-13402,23.0,Dodoma,348776.11011349177,50000,19,0,18.058830407859606,0
TZ-LOAN-13403,29.0,Arusha,933315.566850617,500000,24,0,24.17498674568041,0
TZ-LOAN-13404,19.0,Dar es Salaam,695497.1816435052,250000,20,0,8.295229353420098,0
TZ-LOAN-13405,24.0,Arusha,342873.21568764484,250000,28,0,9.39289925806391,0
TZ-LOAN-13406,33.0,Dar es Salaam,459923.1453518562,50000,22,2,17.43440712970458,0
TZ-LOAN-13407,20.0,Dodoma,78129.01397318579,1000000,22,0,0.2057596706015041,1
TZ-LOAN-13408,62.0,Mbeya,623488.0137420812,500000,22,0,0.9325542802469402,0
TZ-LOAN-13409,20.0,Mbeya,1313206.9178047292,1000000,22,0,0.27057994337327895,0
TZ-LOAN-13410,44.0,Mbeya,,500000,27,0,3.4773609393709206,0
TZ-LOAN-13411,67.0,Mbeya,,50000,20,0,15.909013644020993,0
TZ-LOAN-13412,60.0,Arusha,914719.126936994,250000,26,0,4.366589503111436,0
TZ-LOAN-13413,57.0,Arusha,958243.8030058076,500000,21,0,4.0529476745959485,0
TZ-LOAN-13414,55.0,Dodoma,1242223.6063235071,250000,32,1,8.763261649021786,0
TZ-LOAN-13415,50.0,Dar es Salaam,763178.9778026679,100000,24,1,13.221778433140749,0
TZ-LOAN-13416,45.0,Dar es Salaam,-150000.0,100000,26,1,5.995842343674871,0
TZ-LOAN-13417,18.0,Dar es Salaam,959797.2549866037,50000,20,0,11.286977039497215,0
TZ-LOAN-13418,25.0,Mbeya,1086152.0711365654,50000,26,0,0.9631704168706194,0
TZ-LOAN-13419,54.0,Arusha,506010.60718633735,1500000,19,0,3.499922830220141,1
TZ-LOAN-13420,49.0,Mwanza,433529.27529799123,50000,22,0,2.2675424270104467,0
TZ-LOAN-13421,65.0,Mwanza,691656.809729264,100000,20,0,2.0212390205140287,0
TZ-LOAN-13422,60.0,Mbeya,899449.6600794987,500000,29,0,1.205584922617413,0
TZ-LOAN-13423,54.0,Mwanza,889427.3145984685,1000000,27,0,11.221419742254273,0
TZ-LOAN-13424,21.0,Dar es Salaam,222749.71994372027,50000,30,0,2.992542668649037,0
TZ-LOAN-13425,47.0,Dar es Salaam,1223481.8201189965,1000000,28,2,3.777816037642356,0
TZ-LOAN-13426,23.0,Dodoma,457650.52118094487,1000000,35,1,1.6169655889097865,1
TZ-LOAN-13427,63.0,Mbeya,570480.5009334262,100000,31,0,16.464077752418408,0
TZ-LOAN-13428,36.0,Dodoma,379203.6920036541,1500000,22,0,4.723579676781891,1
TZ-LOAN-13429,49.0,Dar es Salaam,1459498.6507811262,500000,28,0,,0
TZ-LOAN-13430,26.0,Arusha,722621.2010863902,100000,36,0,1.5591393490105352,0
TZ-LOAN-13431,29.0,Mbeya,394707.47579553054,50000,19,0,36.674198858703114,0
TZ-LOAN-13432,28.0,Dodoma,909177.0649887337,100000,32,1,,0
TZ-LOAN-13433,63.0,Dodoma,880740.7337930099,100000,31,0,3.9330765324961607,0
TZ-LOAN-13434,33.0,Dar es Salaam,593681.8929260349,100000,30,0,4.15191019947224,0
TZ-LOAN-13435,18.0,Dodoma,902182.013835015,50000,27,3,11.592987890958517,1
TZ-LOAN-13436,62.0,Dar es Salaam,402412.41175074066,50000,25,0,6.164707548057585,0
TZ-LOAN-13437,38.0,Arusha,502124.5175152243,100000,34,0,13.457173993456937,0
TZ-LOAN-13438,47.0,Dodoma,46935.003630181076,100000,38,0,3.261302494678567,0
TZ-LOAN-13439,30.0,Dar es Salaam,252814.6747341312,1000000,25,0,18.627865958665943,1
TZ-LOAN-13440,51.0,Dar es Salaam,1192289.2417012057,500000,23,1,3.8777526981880572,0
TZ-LOAN-13441,21.0,Arusha,1142428.5883166944,1000000,23,0,5.175919923013544,0
TZ-LOAN-13442,45.0,Dodoma,669736.5945946887,1500000,23,0,,0
TZ-LOAN-13443,55.0,Arusha,1148879.4341569513,500000,24,0,4.728985151771659,0
TZ-LOAN-13444,48.0,Arusha,601977.6540175086,1500000,25,1,7.3002631274974785,1
TZ-LOAN-13445,44.0,Arusha,576976.9092296276,500000,24,0,2.892885137562531,0
TZ-LOAN-13446,22.0,Dodoma,666953.1945396669,100000,21,0,3.490177644729013,0
TZ-LOAN-13447,42.0,Mwanza,612523.5214029304,1000000,20,2,2.498830211244777,1
TZ-LOAN-13448,20.0,Dar es Salaam,585441.1029319458,500000,27,1,17.375539579865727,0
TZ-LOAN-13449,50.0,Dar es Salaam,993019.4321448659,1500000,23,1,3.237277977500562,0
TZ-LOAN-13450,21.0,Arusha,695040.6961868609,500000,19,0,0.674583725784249,0
TZ-LOAN-13451,42.0,Arusha,863744.5293301414,50000,28,0,0.14648592395091997,0
TZ-LOAN-13452,37.0,Mwanza,959414.1575831992,500000,20,2,7.402348261304967,0
TZ-LOAN-13453,51.0,Mbeya,766455.73869642,100000,30,0,3.9667478715629256,0
TZ-LOAN-13454,43.0,Dar es Salaam,358918.60222752835,250000,19,0,0.013871751595573873,0
TZ-LOAN-13455,22.0,Mbeya,244140.23331078835,50000,23,0,2.4105643542597117,0
TZ-LOAN-13456,52.0,Arusha,694634.1904421916,250000,25,0,12.269905278695717,0
TZ-LOAN-13457,45.0,Dar es Salaam,598623.1085525197,100000,18,0,14.759048355463726,0
TZ-LOAN-13458,46.0,Dar es Salaam,676217.4286760365,250000,18,0,0.27523453796666164,0
TZ-LOAN-13459,26.0,Arusha,645183.7882254241,500000,17,0,0.6586503011264224,0
TZ-LOAN-13460,69.0,Mbeya,1425072.09804997,250000,37,0,0.024411219069968994,0
TZ-LOAN-13461,55.0,Mbeya,250932.12330759858,1000000,22,0,10.150351532241753,1
TZ-LOAN-13462,67.0,Dodoma,53016.11905366252,100000,25,0,0.3676203907870469,0
TZ-LOAN-13463,23.0,Dodoma,749713.0500558829,1000000,22,0,0.5708860784669622,0
TZ-LOAN-13464,36.0,Mwanza,537073.2336235414,250000,28,0,1.2914102624575254,0
TZ-LOAN-13465,61.0,Mwanza,744820.3609189853,1000000,29,0,12.459629232781884,0
TZ-LOAN-13466,28.0,Mbeya,825164.9066852003,50000,29,0,5.827511979674984,0
TZ-LOAN-13467,19.0,Arusha,1035231.4085536692,250000,25,0,,0
TZ-LOAN-13468,64.0,Mbeya,197832.25388481846,1500000,22,0,7.677613676018655,1
TZ-LOAN-13469,61.0,Dar es Salaam,482984.6306428511,1000000,30,0,5.909173317338643,0
TZ-LOAN-13470,150.0,Dodoma,778628.3776642291,500000,28,2,6.850664729521094,0
TZ-LOAN-13471,26.0,Dodoma,881139.078706168,250000,17,0,0.3825504831034614,0
TZ-LOAN-13472,38.0,Mbeya,1308034.8650865157,1500000,33,0,4.455129176822911,0
TZ-LOAN-13473,41.0,Dar es Salaam,936711.1913341602,50000,30,0,6.996032571777744,0
TZ-LOAN-13474,51.0,Mbeya,632963.4212341169,500000,31,0,4.169622324935069,0
TZ-LOAN-13475,39.0,Mbeya,382869.2741172015,250000,22,0,0.059324923659066206,0
TZ-LOAN-13476,20.0,Mbeya,480713.04418429424,500000,29,0,1.1857046043218493,0
TZ-LOAN-13477,29.0,Dar es Salaam,472189.1531128681,250000,20,0,16.47069115155948,0
TZ-LOAN-13478,45.0,Dodoma,846570.0885541282,250000,19,0,6.0987267124171645,0
TZ-LOAN-13479,47.0,Arusha,727099.2336757492,100000,22,1,5.8318583702062625,0
TZ-LOAN-13480,43.0,Mwanza,252905.12874734635,1000000,22,0,5.397762065399506,1
TZ-LOAN-13481,65.0,Dar es Salaam,519229.5592728701,250000,17,0,0.6837284801691014,0
TZ-LOAN-13482,38.0,Dodoma,913264.2660354262,50000,23,0,0.020455691486896237,0
TZ-LOAN-13483,45.0,Mbeya,755498.7064922177,1500000,28,0,2.9049201396095303,0
TZ-LOAN-13484,43.0,Arusha,820593.3848038311,1000000,31,0,2.937853084818572,0
TZ-LOAN-13485,50.0,Mwanza,764876.513017179,100000,26,0,8.35139508505756,0
TZ-LOAN-13486,38.0,Mwanza,1137929.2203826578,1000000,22,0,1.0018218674349075,0
TZ-LOAN-13487,52.0,Dar es Salaam,,1000000,20,2,1.6086848214805929,1
TZ-LOAN-13488,69.0,Mbeya,534193.1606387906,250000,26,0,0.40736461303491756,0
TZ-LOAN-13489,51.0,Mbeya,375273.4876599318,50000,25,0,2.553086854660288,0
TZ-LOAN-13490,58.0,Arusha,724882.8374629135,250000,25,0,1.4785023266813002,0
TZ-LOAN-13491,68.0,Mwanza,-82211.2044325252,50000,36,0,1.525130363484405,0
TZ-LOAN-13492,64.0,Dar es Salaam,594713.2994501864,50000,22,1,1.4655042183396658,0
TZ-LOAN-13493,35.0,Mbeya,588248.0420235968,500000,33,0,1.3166940053378053,0
TZ-LOAN-13494,28.0,Mwanza,240658.7439148157,250000,23,0,1.9267907995180558,0
TZ-LOAN-13495,40.0,Mwanza,371520.2484032012,100000,25,1,3.846796290840952,0
TZ-LOAN-13496,65.0,Dodoma,892897.2590444724,1500000,35,0,2.8786902041481586,0
TZ-LOAN-13497,39.0,Arusha,719213.5247224888,1000000,26,0,0.3277456179912842,0
TZ-LOAN-13498,34.0,Mbeya,680536.5001121983,500000,22,3,2.7744088633425057,1
TZ-LOAN-13499,22.0,Dodoma,741904.2601796067,100000,29,0,9.363055791853421,0
TZ-LOAN-13500,61.0,Arusha,677788.276384677,1500000,19,0,0.5307158729839753,0
TZ-LOAN-13501,28.0,Dodoma,1022858.7688574943,1500000,23,2,14.44440828309255,1
TZ-LOAN-13502,47.0,Mbeya,687028.7545110947,250000,31,0,1.8451141221826446,0
TZ-LOAN-13503,32.0,Dar es Salaam,212536.0658543749,50000,35,1,0.07321153336022666,0
TZ-LOAN-13504,44.0,Dodoma,,250000,30,0,1.4594919369034665,0
TZ-LOAN-13505,52.0,Dodoma,761102.0801986537,1500000,25,1,0.36102380196367184,1
TZ-LOAN-13506,50.0,Mwanza,473223.8807614797,250000,35,0,4.1779490434753495,0
TZ-LOAN-13507,37.0,Mbeya,273979.4845114944,500000,20,3,1.9013640352110859,1
TZ-LOAN-13508,33.0,Dodoma,768774.2662874137,100000,26,0,8.222129941282722,0
TZ-LOAN-13509,51.0,Dar es Salaam,614848.3985076874,1500000,30,0,6.5955172058411105,1
TZ-LOAN-13510,19.0,Dodoma,1122244.0358097227,500000,27,1,3.1611679153217356,0
TZ-LOAN-13511,52.0,Arusha,546227.8157999517,100000,36,0,4.111743925202028,0
TZ-LOAN-13512,57.0,Dar es Salaam,398785.7630952599,500000,19,0,4.692293183683919,0
TZ-LOAN-13513,45.0,Dar es Salaam,918738.8654707785,1000000,22,0,1.5783826813272148,0
TZ-LOAN-13514,64.0,Dodoma,927584.5678150494,50000,27,0,0.7504900253917055,0
TZ-LOAN-13515,56.0,Dodoma,700595.4102830586,50000,42,0,2.3621834621592983,0
TZ-LOAN-13516,23.0,Mwanza,852907.1143024724,50000,23,1,,0
TZ-LOAN-13517,26.0,Mbeya,638693.8637773286,1000000,27,0,1.8906850432243685,0
TZ-LOAN-13518,37.0,Mwanza,720159.530302774,1500000,24,0,4.021535297852868,0
TZ-LOAN-13519,18.0,Arusha,999497.264769177,1500000,24,1,3.8838671854994153,0
TZ-LOAN-13520,25.0,Mbeya,837595.5002064509,1000000,17,0,0.6426531547350166,0
TZ-LOAN-13521,40.0,Mwanza,599217.6685002126,50000,19,0,0.0418703240875824,0
TZ-LOAN-13522,20.0,Mwanza,1055708.763777845,50000,24,0,0.46575215937266456,0
TZ-LOAN-13523,21.0,Dodoma,-59456.611837453675,100000,27,0,0.1840982083140384,0
TZ-LOAN-13524,42.0,Mwanza,1265621.9934265804,100000,38,0,,0
TZ-LOAN-13525,64.0,Dodoma,138212.27153277944,250000,27,0,2.469434373924471,0
TZ-LOAN-13526,55.0,Dar es Salaam,461872.1525683112,500000,30,0,1.3828229420278115,0
TZ-LOAN-13527,32.0,Mbeya,637724.7394414793,100000,22,0,1.213189561010287,0
TZ-LOAN-13528,38.0,Dodoma,606055.7987815515,100000,26,0,2.5243827437672377,0
TZ-LOAN-13529,52.0,Mwanza,-150000.0,100000,17,0,0.4527622590393149,0
TZ-LOAN-13530,63.0,Dodoma,332649.0144169297,100000,26,3,1.2059592635461915,0
TZ-LOAN-13531,69.0,Dar es Salaam,728230.0452449189,1000000,18,0,2.601787076953814,0
TZ-LOAN-13532,31.0,Arusha,476536.3705340738,250000,21,0,0.4981620643919399,0
TZ-LOAN-13533,53.0,Arusha,738542.293801225,100000,29,0,9.18839946855603,0
TZ-LOAN-13534,29.0,Dar es Salaam,630568.3220606371,1500000,18,0,5.6353442863940995,1
TZ-LOAN-13535,34.0,Mwanza,677880.6958048934,500000,19,0,2.415397728963134,0
TZ-LOAN-13536,56.0,Mbeya,485022.5502606963,100000,19,0,0.8149381920871728,0
TZ-LOAN-13537,26.0,Mbeya,-150000.0,1000000,28,0,1.0795198017165761,0
TZ-LOAN-13538,52.0,Dodoma,736181.7542082281,1500000,16,0,0.6396758877082609,0
TZ-LOAN-13539,30.0,Arusha,933114.6517268133,50000,29,0,0.8722659324891068,0
TZ-LOAN-13540,32.0,Dar es Salaam,470516.1997406457,50000,25,0,2.745356599755538,0
TZ-LOAN-13541,35.0,Mwanza,389369.73662812705,250000,19,0,1.4095913441796455,0
TZ-LOAN-13542,68.0,Dar es Salaam,834038.0497015511,50000,27,0,10.795822166486278,0
TZ-LOAN-13543,50.0,Arusha,640248.8320826932,100000,17,0,,0
TZ-LOAN-13544,23.0,Dar es Salaam,899149.4401957856,1000000,24,1,5.8779803548705924,0
TZ-LOAN-13545,44.0,Dar es Salaam,378260.83598865574,250000,22,0,8.271159482869257,0
TZ-LOAN-13546,40.0,Dar es Salaam,116168.32237297075,1500000,22,0,1.4726576195895027,1
TZ-LOAN-13547,44.0,Dodoma,490098.77545209974,100000,31,0,5.468481571845284,0
TZ-LOAN-13548,51.0,Mwanza,420094.2172204952,50000,33,0,0.2987428720134293,0
TZ-LOAN-13549,63.0,Mbeya,626363.47997591,500000,28,0,16.121463009380683,0
TZ-LOAN-13550,55.0,Mwanza,458946.4357188832,100000,21,0,5.546449944351349,0
TZ-LOAN-13551,31.0,Arusha,,500000,23,0,1.9052126950494435,0
TZ-LOAN-13552,53.0,Mbeya,563554.9212732451,1500000,29,2,7.414941783024104,1
TZ-LOAN-13553,25.0,Dodoma,695142.3496321703,500000,21,0,0.07962795456059932,0
TZ-LOAN-13554,52.0,Mbeya,697290.3675322832,1500000,30,1,2.3599178232476485,1
TZ-LOAN-13555,36.0,Mbeya,708486.5277236562,250000,28,0,11.30039520876046,0
TZ-LOAN-13556,47.0,Mbeya,642761.266863508,1000000,24,1,1.5271910052103685,0
TZ-LOAN-13557,31.0,Dar es Salaam,803180.207123094,50000,30,0,5.511811236096648,0
TZ-LOAN-13558,37.0,Arusha,411303.45985225774,50000,30,0,2.2322455975098205,0
TZ-LOAN-13559,66.0,Dodoma,1069825.3779961648,100000,20,0,2.490899064783074,0
TZ-LOAN-13560,42.0,Arusha,579038.7849894394,50000,29,1,6.8508660431595905,0
TZ-LOAN-13561,57.0,Dar es Salaam,256535.25863039552,250000,24,0,12.051185504853606,0
TZ-LOAN-13562,41.0,Dodoma,706422.0070975319,50000,26,0,0.9119189314433047,0
TZ-LOAN-13563,31.0,Dar es Salaam,394645.8552657545,100000,23,3,1.6209842039294386,0
TZ-LOAN-13564,43.0,Dodoma,849600.3603526625,50000,23,0,3.3450558837266153,0
TZ-LOAN-13565,55.0,Dodoma,1312881.6728127133,1000000,19,0,4.757207549104734,0
TZ-LOAN-13566,40.0,Mwanza,414028.37253264495,1500000,23,0,,1
TZ-LOAN-13567,39.0,Dar es Salaam,749711.6999671954,500000,27,0,8.187353292961586,0
TZ-LOAN-13568,65.0,Arusha,123348.32338861178,500000,23,1,7.307134881907848,1
TZ-LOAN-13569,36.0,Dar es Salaam,786171.5688324042,1500000,21,0,2.59801114565538,0
TZ-LOAN-13570,150.0,Dar es Salaam,384285.86006009305,500000,22,0,0.20729782539951858,0
TZ-LOAN-13571,68.0,Dar es Salaam,462549.61446965527,1000000,23,0,1.0814379040199469,0
TZ-LOAN-13572,20.0,Mwanza,319614.0530480516,250000,24,0,3.336935681672734,0
TZ-LOAN-13573,59.0,Mwanza,869645.3678164206,100000,21,0,13.12179241094375,0
TZ-LOAN-13574,36.0,Mwanza,952191.3072419788,1000000,25,0,4.19166814379534,0
TZ-LOAN-13575,26.0,Mwanza,657015.5643975523,100000,15,2,3.779315819707028,0
TZ-LOAN-13576,45.0,Dar es Salaam,390671.9883992841,250000,25,0,6.436229401988374,0
TZ-LOAN-13577,37.0,Arusha,1126856.9108311587,1000000,32,0,0.8261125995726365,0
TZ-LOAN-13578,62.0,Mbeya,,50000,23,2,0.7945007678567326,0
TZ-LOAN-13579,24.0,Dar es Salaam,1390.310021768324,250000,25,0,2.1186177260900996,1
TZ-LOAN-13580,31.0,Arusha,787516.7029871205,500000,27,0,26.346348373956513,0
TZ-LOAN-13581,26.0,Mbeya,318567.597907545,1000000,21,0,10.435023653099663,1
TZ-LOAN-13582,36.0,Mbeya,946582.6380497525,250000,29,0,5.698951427042028,0
TZ-LOAN-13583,64.0,Mwanza,535658.6909979744,250000,31,1,2.480957162860748,0
TZ-LOAN-13584,69.0,Mbeya,831113.9721632588,1000000,27,0,4.044742900512132,0
TZ-LOAN-13585,31.0,Arusha,1070450.1039656475,500000,22,3,1.8088259428935005,1
TZ-LOAN-13586,55.0,Mwanza,287342.34061378345,1500000,30,1,5.60900048258692,1
TZ-LOAN-13587,53.0,Dar es Salaam,480218.8607322783,500000,30,1,2.7136945732440365,0
TZ-LOAN-13588,57.0,Dar es Salaam,627298.678202881,250000,23,0,0.6403936798771956,0
TZ-LOAN-13589,34.0,Mwanza,1111265.395710303,100000,25,0,1.21091805457041,0
TZ-LOAN-13590,47.0,Mwanza,452485.18461786635,1500000,25,0,4.69131163795715,1
TZ-LOAN-13591,26.0,Mbeya,471648.89121529786,1500000,31,0,5.930086577855025,1
TZ-LOAN-13592,50.0,Mbeya,793442.1726667425,250000,30,0,0.5047494209020433,0
TZ-LOAN-13593,69.0,Arusha,476831.3822868287,1000000,20,1,8.260187040122771,1
TZ-LOAN-13594,42.0,Mwanza,695757.7648692849,1000000,16,0,8.696235090146693,0
TZ-LOAN-13595,31.0,Dar es Salaam,184538.77370956197,1000000,17,0,6.420167679700246,1
TZ-LOAN-13596,28.0,Arusha,1314298.982766979,500000,28,0,5.753559031085218,0
TZ-LOAN-13597,52.0,Dar es Salaam,245687.230907179,50000,19,0,1.3189722426222181,0
TZ-LOAN-13598,58.0,Dar es Salaam,553474.1888029375,1000000,22,0,12.605071522306776,0
TZ-LOAN-13599,31.0,Arusha,640255.6892473716,1000000,27,0,1.5637930873288277,0
TZ-LOAN-13600,47.0,Dar es Salaam,1223806.4403070388,1500000,28,0,1.007550256164483,0
TZ-LOAN-13601,58.0,Mwanza,252546.26572017797,100000,24,0,5.087936979536188,0
TZ-LOAN-13602,21.0,Mwanza,1245111.2406436254,100000,33,0,2.2636035742624028,0
TZ-LOAN-13603,21.0,Arusha,877153.0463306068,250000,24,1,13.517409607640335,0
TZ-LOAN-13604,45.0,Dar es Salaam,775128.5973269738,250000,24,1,3.0832424208725766,0
TZ-LOAN-13605,25.0,Dar es Salaam,354609.8938946134,250000,26,0,0.8939502578347693,0
TZ-LOAN-13606,19.0,Mbeya,821342.3726114221,1000000,24,0,15.794627433396588,0
TZ-LOAN-13607,58.0,Dodoma,432954.01327406,100000,29,0,3.6225072795298114,0
TZ-LOAN-13608,63.0,Arusha,1029998.3759595237,250000,20,0,3.6548571642001857,0
TZ-LOAN-13609,39.0,Dar es Salaam,,100000,25,1,2.4371952439217455,0
TZ-LOAN-13610,58.0,Arusha,616052.4516631748,1000000,25,3,9.039254473666013,1
TZ-LOAN-13611,33.0,Mbeya,,1500000,28,0,1.6958848002526095,1
TZ-LOAN-13612,46.0,Arusha,353743.1112719016,1000000,26,2,0.06902276903197582,1
TZ-LOAN-13613,66.0,Mwanza,872395.9450723743,250000,24,0,3.4385890008836824,0
TZ-LOAN-13614,65.0,Dar es Salaam,810637.62422289,1000000,17,0,13.010815656345219,0
TZ-LOAN-13615,47.0,Mbeya,1012703.0596702991,1000000,16,0,,0
TZ-LOAN-13616,29.0,Mwanza,116037.46753754979,100000,30,0,1.5483123162877317,0
TZ-LOAN-13617,52.0,Dodoma,969251.2107023131,50000,21,0,6.698960335778398,0
TZ-LOAN-13618,28.0,Dodoma,1401634.6716070683,500000,21,0,7.470140320896044,0
TZ-LOAN-13619,63.0,Arusha,514507.6732469159,250000,21,0,2.8595752787035704,0
TZ-LOAN-13620,67.0,Dar es Salaam,1218544.5836326908,50000,19,0,8.968104136093643,0
TZ-LOAN-13621,38.0,Dodoma,571051.618382052,1500000,17,0,0.9433065572083803,1
TZ-LOAN-13622,38.0,Mbeya,238277.07873160794,250000,28,0,2.2866247096992605,0
TZ-LOAN-13623,22.0,Dar es Salaam,558310.2672779614,50000,32,0,2.589905107679564,0
TZ-LOAN-13624,65.0,Mbeya,964461.1903025827,1000000,22,0,1.8756196610203286,0
TZ-LOAN-13625,37.0,Mbeya,398547.0553005406,250000,21,0,1.2278248983896545,0
TZ-LOAN-13626,54.0,Mbeya,469898.40229805384,50000,22,2,2.063578115469044,0
TZ-LOAN-13627,20.0,Dodoma,828061.8296879572,500000,17,0,0.0908360626134986,0
TZ-LOAN-13628,61.0,Arusha,650918.0350215719,1000000,21,0,6.076012017264224,0
TZ-LOAN-13629,50.0,Dodoma,825386.8857460222,250000,9,0,5.75942034532349,0
TZ-LOAN-13630,26.0,Dodoma,721348.8622275008,1500000,16,0,2.991168235322597,0
TZ-LOAN-13631,26.0,Arusha,793887.5958654719,1500000,22,0,1.9497966117985908,0
TZ-LOAN-13632,21.0,Mwanza,-150000.0,250000,24,3,2.846632361068519,1
TZ-LOAN-13633,52.0,Mbeya,719519.2826091178,50000,19,0,,0
TZ-LOAN-13634,34.0,Mwanza,371788.0982912199,250000,27,1,4.626214023116747,0
TZ-LOAN-13635,51.0,Mbeya,1036530.0867510166,1000000,22,2,,1
TZ-LOAN-13636,41.0,Mwanza,459717.5849548059,100000,24,0,1.303686787516471,0
TZ-LOAN-13637,49.0,Mbeya,988654.2462648168,1500000,26,0,0.49776468570752475,0
TZ-LOAN-13638,18.0,Arusha,579917.9117051404,50000,22,0,0.4342475034203485,0
TZ-LOAN-13639,25.0,Arusha,710599.7032271964,500000,23,1,3.193473517243013,0
TZ-LOAN-13640,62.0,Arusha,501510.6347327898,250000,21,1,6.306003242487029,0
TZ-LOAN-13641,40.0,Dar es Salaam,345201.37064959126,1000000,29,1,7.438765439861709,1
TZ-LOAN-13642,64.0,Mbeya,126571.88371840958,250000,32,0,6.3721517215459595,0
TZ-LOAN-13643,57.0,Arusha,333402.75242226216,500000,25,0,12.195604265251713,0
TZ-LOAN-13644,29.0,Mwanza,552827.3440352235,1000000,19,0,0.2670167839274615,0
TZ-LOAN-13645,29.0,Dar es Salaam,713563.7536486653,500000,25,0,9.6668279106909,0
TZ-LOAN-13646,63.0,Dar es Salaam,953113.793984979,1000000,26,0,5.404008155487244,0
TZ-LOAN-13647,64.0,Arusha,516272.76206094533,100000,32,0,0.9650126512431045,0
TZ-LOAN-13648,32.0,Dodoma,385411.77071984776,1500000,19,0,5.734509464385557,1
TZ-LOAN-13649,58.0,Arusha,217185.56419918622,1000000,32,0,3.5847364491597005,1
TZ-LOAN-13650,36.0,Dodoma,794019.0853712312,500000,26,0,2.2239508564953794,0
TZ-LOAN-13651,43.0,Arusha,1064958.354598803,50000,28,0,1.4248165858650819,0
TZ-LOAN-13652,69.0,Mbeya,1029899.0803868866,1500000,31,0,3.1195459765299764,0
TZ-LOAN-13653,46.0,Mwanza,862979.8244441713,100000,25,2,1.366481200548597,0
TZ-LOAN-13654,150.0,Dodoma,841562.9951802797,250000,28,2,0.43240531886617334,0
TZ-LOAN-13655,57.0,Dodoma,1159287.1339128022,100000,22,0,9.357912903722557,0
TZ-LOAN-13656,38.0,Dar es Salaam,749624.4384250431,100000,31,1,4.492708188763974,0
TZ-LOAN-13657,68.0,Dodoma,843838.9028072516,250000,21,0,2.260187227181663,0
TZ-LOAN-13658,55.0,Mbeya,,1000000,28,1,2.959093739868171,0
TZ-LOAN-13659,37.0,Mwanza,241386.9887435728,100000,27,0,10.006012795060936,0
TZ-LOAN-13660,46.0,Dodoma,444845.3298501271,1500000,22,1,1.9271618416395984,1
TZ-LOAN-13661,68.0,Dar es Salaam,647252.2884396034,100000,19,0,2.3915747434975243,0
TZ-LOAN-13662,21.0,Mwanza,668235.6117503908,50000,32,1,7.263889292500499,0
TZ-LOAN-13663,24.0,Dodoma,1227885.756456618,1500000,25,0,1.1189851421270725,0
TZ-LOAN-13664,45.0,Mbeya,674383.1502773206,50000,23,0,5.383215232310905,0
TZ-LOAN-13665,45.0,Mbeya,1003653.0332076931,1500000,19,0,2.8486672946923326,0
TZ-LOAN-13666,21.0,Mwanza,519476.82752710517,500000,24,0,3.467321810251469,0
TZ-LOAN-13667,39.0,Dar es Salaam,556497.2342704297,250000,17,0,7.729503109165414,0
TZ-LOAN-13668,29.0,Mbeya,251297.70883296552,1500000,24,0,,1
TZ-LOAN-13669,62.0,Arusha,427301.5961370284,1500000,27,0,8.904451486939584,1
TZ-LOAN-13670,20.0,Arusha,808094.417409126,1000000,22,1,0.8750058795886357,0
TZ-LOAN-13671,39.0,Dodoma,652268.05411824,1000000,26,3,1.2715706982869492,1
TZ-LOAN-13672,61.0,Mbeya,932881.5859691701,500000,30,0,2.637574568334631,0
TZ-LOAN-13673,19.0,Arusha,704376.184503515,1000000,20,0,6.351035276912897,0
TZ-LOAN-13674,41.0,Dodoma,544263.8805086775,1000000,28,0,3.5603368728409994,0
TZ-LOAN-13675,51.0,Dodoma,1294489.0591360878,50000,26,0,11.60377969987076,0
TZ-LOAN-13676,44.0,Dodoma,621828.9293860858,1000000,31,1,0.24950017119422435,0
TZ-LOAN-13677,58.0,Dar es Salaam,998900.2909115911,1000000,29,0,1.495515077967415,0
TZ-LOAN-13678,18.0,Dodoma,529637.2380365967,500000,32,0,1.2376396960633849,0
TZ-LOAN-13679,25.0,Dar es Salaam,862879.8438150699,500000,27,0,,0
TZ-LOAN-13680,40.0,Arusha,928404.6977455061,100000,20,0,3.1253080524990957,0
TZ-LOAN-13681,55.0,Dodoma,712547.5911726742,1000000,33,3,0.07563438594867403,1
TZ-LOAN-13682,23.0,Arusha,-56344.87680898071,1000000,19,0,7.423655671570636,0
TZ-LOAN-13683,39.0,Mbeya,655475.7382568339,1500000,17,2,2.245542552346783,1
TZ-LOAN-13684,42.0,Dar es Salaam,1019138.0143279927,1000000,22,0,1.5086369620114006,0
TZ-LOAN-13685,35.0,Arusha,808244.2499083191,50000,26,0,1.0088534472117385,0
TZ-LOAN-13686,34.0,Dodoma,783751.662568774,1500000,28,2,14.594984689952902,1
TZ-LOAN-13687,29.0,Arusha,133322.91981274425,1000000,10,0,14.239840662119134,1
TZ-LOAN-13688,23.0,Dodoma,433863.4787974823,50000,22,0,0.39820875132281297,0
TZ-LOAN-13689,43.0,Mwanza,773407.2893454317,100000,22,0,1.3248260577425826,0
TZ-LOAN-13690,44.0,Dar es Salaam,773114.9830360676,1500000,29,0,5.193977453495997,0
TZ-LOAN-13691,25.0,Mbeya,1014400.0340398708,250000,29,0,5.549751483932287,0
TZ-LOAN-13692,36.0,Arusha,606539.9734561717,1000000,25,1,,0
TZ-LOAN-13693,59.0,Arusha,771747.2260021443,1500000,22,0,4.202553070854328,0
TZ-LOAN-13694,18.0,Mwanza,654912.2725793881,500000,37,0,6.06390042757606,0
TZ-LOAN-13695,46.0,Dodoma,353917.179049533,1500000,33,0,15.029842837358466,1
TZ-LOAN-13696,62.0,Mbeya,-26737.399328424246,500000,26,0,6.456910416281692,0
TZ-LOAN-13697,66.0,Dodoma,779302.907639023,1000000,20,0,0.5841897111163923,0
TZ-LOAN-13698,52.0,Dodoma,702184.1625238433,50000,33,0,6.326522172713078,0
TZ-LOAN-13699,57.0,Arusha,464547.48736994935,500000,26,0,0.35064434246755316,0
TZ-LOAN-13700,31.0,Arusha,164248.08304524055,1500000,18,0,3.490871346192594,1
TZ-LOAN-13701,52.0,Arusha,838921.8543226214,1500000,23,0,3.7421921852427014,0
TZ-LOAN-13702,65.0,Dar es Salaam,570223.9777413344,500000,20,0,7.5313548829579595,0
TZ-LOAN-13703,62.0,Dar es Salaam,817062.4167104437,100000,18,0,,0
TZ-LOAN-13704,37.0,Arusha,1209214.5591235275,100000,28,0,10.38730021473957,0
TZ-LOAN-13705,66.0,Dodoma,7570.735904088593,100000,25,0,5.451505557537936,1
TZ-LOAN-13706,30.0,Mbeya,440119.75738929084,500000,23,0,0.15843821047823126,0
TZ-LOAN-13707,55.0,Mbeya,587187.316006426,500000,29,0,0.8719471529167901,0
TZ-LOAN-13708,66.0,Dodoma,1086447.8522439953,1500000,18,3,,1
TZ-LOAN-13709,63.0,Mwanza,159079.09423805453,1000000,19,0,7.260880396010255,1
TZ-LOAN-13710,66.0,Dodoma,1230758.3077041814,1000000,25,0,0.9371032298552585,0
TZ-LOAN-13711,25.0,Mbeya,690756.7704698872,50000,34,0,0.23336195542280325,0
TZ-LOAN-13712,60.0,Mwanza,621199.8014798425,500000,28,0,0.7424288809904868,0
TZ-LOAN-13713,37.0,Mwanza,590582.0710343281,1000000,28,0,4.099871246458877,0
TZ-LOAN-13714,50.0,Mbeya,519121.09034599137,1000000,31,0,3.420803652294524,0
TZ-LOAN-13715,43.0,Mwanza,964435.0277807463,100000,24,0,1.4135214310007944,0
TZ-LOAN-13716,56.0,Dar es Salaam,329443.77377526835,100000,22,1,,0
TZ-LOAN-13717,38.0,Arusha,753624.2544931561,100000,25,0,9.64852118447187,0
TZ-LOAN-13718,66.0,Mwanza,534745.5002879073,250000,23,0,1.887749003725989,0
TZ-LOAN-13719,59.0,Mwanza,421359.96544577065,1000000,24,0,3.217709904744649,0
TZ-LOAN-13720,60.0,Dar es Salaam,1425792.5527051687,100000,21,0,3.6368631538585445,0
TZ-LOAN-13721,58.0,Dar es Salaam,775715.220426038,100000,15,0,7.0565385114367025,0
TZ-LOAN-13722,26.0,Dodoma,833979.6633983431,500000,25,0,2.792614281870775,0
TZ-LOAN-13723,41.0,Mbeya,991333.0342005987,1500000,35,0,3.953477734752236,0
TZ-LOAN-13724,54.0,Dodoma,223595.01640443585,100000,30,0,,0
TZ-LOAN-13725,66.0,Mbeya,1175687.5727366095,500000,32,0,7.194696763848517,0
TZ-LOAN-13726,58.0,Dar es Salaam,-102687.15354852274,50000,20,0,4.0589102380985596,0
TZ-LOAN-13727,34.0,Arusha,-150000.0,100000,19,1,8.794930462683904,0
TZ-LOAN-13728,41.0,Mbeya,512290.4980463299,1500000,26,3,0.2761672791388296,1
TZ-LOAN-13729,38.0,Mbeya,824517.0094911518,500000,21,0,11.733017241667854,0
TZ-LOAN-13730,68.0,Dar es Salaam,715615.4798424463,1500000,30,2,8.557088661474063,1
TZ-LOAN-13731,56.0,Mwanza,599955.577790482,100000,27,0,8.53262749843457,0
TZ-LOAN-13732,58.0,Dodoma,646400.7966116829,50000,23,1,0.7559103486313055,0
TZ-LOAN-13733,56.0,Arusha,356593.09294322954,100000,19,0,1.5290460697562587,0
TZ-LOAN-13734,30.0,Mbeya,200830.28165474802,500000,23,1,19.625953016219395,1
TZ-LOAN-13735,28.0,Mwanza,,50000,26,0,15.006243277463563,0
TZ-LOAN-13736,63.0,Dar es Salaam,858111.8337608556,50000,19,0,1.284436826225289,0
TZ-LOAN-13737,36.0,Mbeya,1125348.3125471175,50000,25,0,2.836121662067004,0
TZ-LOAN-13738,28.0,Mwanza,412994.8709554376,250000,30,1,0.847676892539232,0
TZ-LOAN-13739,30.0,Dodoma,857844.5630902768,500000,25,3,1.523382800187009,1
TZ-LOAN-13740,63.0,Dar es Salaam,564887.9814905805,250000,23,0,1.0211704204864294,0
TZ-LOAN-13741,62.0,Mwanza,1007142.4955580446,1500000,25,0,0.4220032025683972,0
TZ-LOAN-13742,18.0,Mwanza,956588.8330034425,50000,29,0,4.331302706872351,0
TZ-LOAN-13743,57.0,Mbeya,713362.8197673371,250000,17,0,1.377355933468314,0
TZ-LOAN-13744,61.0,Dodoma,,100000,23,2,24.294156591980393,1
TZ-LOAN-13745,36.0,Dar es Salaam,938279.6535824784,250000,19,0,3.6225675114872002,0
TZ-LOAN-13746,29.0,Dar es Salaam,844071.3569769697,1000000,22,0,2.2243648932922575,0
TZ-LOAN-13747,25.0,Dodoma,444667.8793741452,1500000,31,0,12.218564694615829,1
TZ-LOAN-13748,25.0,Arusha,251660.39795617072,50000,18,0,4.847747902538554,0
TZ-LOAN-13749,62.0,Mbeya,563440.1297954612,50000,15,0,0.6795500631668355,0
TZ-LOAN-13750,29.0,Mwanza,1104624.1446044627,1500000,22,0,3.443987834421576,0
TZ-LOAN-13751,65.0,Mbeya,993946.1476199115,1500000,25,0,2.908737046725566,0
TZ-LOAN-13752,50.0,Dodoma,316301.7590988258,500000,29,0,7.243659580209593,0
TZ-LOAN-13753,62.0,Mwanza,299672.77523002366,100000,31,0,5.917219388920515,0
TZ-LOAN-13754,43.0,Arusha,1032405.1549038459,1500000,24,0,2.3164615584663726,0
TZ-LOAN-13755,56.0,Dodoma,309309.2285726513,1500000,23,1,3.1694817071901844,1
TZ-LOAN-13756,45.0,Mbeya,802788.5970926024,500000,25,0,3.6572374472023195,0
TZ-LOAN-13757,22.0,Mwanza,465178.63539910293,1500000,27,1,2.7448959376205,1
TZ-LOAN-13758,25.0,Dar es Salaam,1135113.4773565046,250000,30,0,0.5698841711294226,0
TZ-LOAN-13759,42.0,Mwanza,418872.56025863637,1000000,18,0,11.792914537084995,1
TZ-LOAN-13760,44.0,Mwanza,993008.4590617485,1000000,28,0,5.5822521010566915,0
TZ-LOAN-13761,63.0,Dodoma,705457.5962181094,1000000,30,0,3.1717528952915846,0
TZ-LOAN-13762,40.0,Arusha,725658.456270286,1500000,25,1,4.215049701259906,1
TZ-LOAN-13763,47.0,Mwanza,58907.42559457966,1000000,26,2,1.1986747606734098,1
TZ-LOAN-13764,62.0,Mwanza,-10874.005961715593,100000,26,0,3.7810348607573214,0
TZ-LOAN-13765,64.0,Arusha,583830.2179198058,250000,23,1,6.8526518947751915,0
TZ-LOAN-13766,40.0,Arusha,724071.8190249836,1000000,22,0,3.8143555014897386,0
TZ-LOAN-13767,66.0,Mwanza,312440.651678683,50000,26,0,3.276034247736719,0
TZ-LOAN-13768,64.0,Dar es Salaam,323391.97685709735,1500000,25,0,3.1030691776916743,1
TZ-LOAN-13769,37.0,Dar es Salaam,818441.7889478399,250000,33,0,7.169504787461168,0
TZ-LOAN-13770,35.0,Dar es Salaam,818856.3441371392,100000,25,0,6.998715346490725,0
TZ-LOAN-13771,35.0,Dodoma,,1000000,16,0,6.932876561776232,0
TZ-LOAN-13772,19.0,Dodoma,884060.5163558226,100000,25,1,1.412941989082338,0
TZ-LOAN-13773,21.0,Dar es Salaam,297739.31128395605,1500000,23,1,4.810298774679539,1
TZ-LOAN-13774,47.0,Dar es Salaam,543219.5248739088,1000000,21,1,7.545866336207436,1
TZ-LOAN-13775,50.0,Dar es Salaam,1144363.281735102,50000,17,0,4.126475017948704,0
TZ-LOAN-13776,53.0,Arusha,670496.6389819452,250000,17,0,7.54745043473619,0
TZ-LOAN-13777,35.0,Mbeya,687893.7543760998,50000,22,2,9.634577417958525,0
TZ-LOAN-13778,54.0,Dodoma,1341783.9757903218,1000000,13,0,0.9551370725627077,0
TZ-LOAN-13779,36.0,Dodoma,230197.35024536878,500000,24,1,1.828872711040424,1
TZ-LOAN-13780,64.0,Dodoma,888929.1099926331,250000,22,0,4.5978510669320105,0
TZ-LOAN-13781,45.0,Mbeya,1149195.88394243,100000,23,0,1.7101871726670026,0
TZ-LOAN-13782,57.0,Mwanza,552542.6220504362,1000000,23,0,14.183855437155998,0
TZ-LOAN-13783,37.0,Dodoma,907889.2360564538,50000,25,2,1.0791905056532582,0
TZ-LOAN-13784,66.0,Mwanza,355394.1508367286,1500000,18,0,2.2076482635678825,1
TZ-LOAN-13785,50.0,Arusha,443980.28132979455,500000,30,1,25.841977148034665,1
TZ-LOAN-13786,29.0,Dar es Salaam,765489.9248142903,1500000,25,0,1.048556755903883,0
TZ-LOAN-13787,68.0,Dar es Salaam,889570.001933177,1000000,28,0,2.9784484308669787,0
TZ-LOAN-13788,32.0,Arusha,986280.9537218737,100000,26,0,1.8828017641523251,0
TZ-LOAN-13789,58.0,Dar es Salaam,1120888.5760818478,50000,21,0,8.298374365462935,0
TZ-LOAN-13790,56.0,Arusha,629766.0324334453,250000,33,0,1.8130859605024865,0
TZ-LOAN-13791,19.0,Dar es Salaam,1008083.5265517763,500000,19,2,0.8802798603985268,0
TZ-LOAN-13792,46.0,Arusha,547308.5469652553,1000000,23,0,13.525407836536893,0
TZ-LOAN-13793,58.0,Arusha,920627.3934764804,1000000,23,0,1.90924861795134,0
TZ-LOAN-13794,27.0,Dar es Salaam,712246.6393556545,1000000,33,2,6.7690880442129275,1
TZ-LOAN-13795,19.0,Mwanza,783703.3721245772,1000000,24,0,1.716451209182274,0
TZ-LOAN-13796,68.0,Dodoma,777052.3622066112,50000,29,0,0.9836135762852095,0
TZ-LOAN-13797,28.0,Dodoma,168588.49706065637,250000,30,0,8.107860741141872,0
TZ-LOAN-13798,30.0,Mbeya,312763.442341768,100000,32,0,0.28593200393968526,0
TZ-LOAN-13799,27.0,Mbeya,680762.4319452568,500000,20,0,2.0171323654533104,0
TZ-LOAN-13800,31.0,Dar es Salaam,143816.27610764944,1000000,25,0,7.572495089141778,1
TZ-LOAN-13801,35.0,Dodoma,899363.3309599267,1500000,33,0,3.588608596940432,0
TZ-LOAN-13802,68.0,Mbeya,,1000000,28,1,5.849045717687154,0
TZ-LOAN-13803,26.0,Dodoma,748151.1658633371,250000,32,1,0.345769282340537,0
TZ-LOAN-13804,56.0,Arusha,313659.79617262335,250000,18,0,6.927673068317953,0
TZ-LOAN-13805,45.0,Mwanza,1064041.6816605544,50000,24,0,0.9433507663648184,0
TZ-LOAN-13806,20.0,Arusha,1261163.1919155074,50000,27,0,8.269667506418125,0
TZ-LOAN-13807,37.0,Mbeya,694123.0482337922,1500000,29,0,4.15256925174143,0
TZ-LOAN-13808,23.0,Mbeya,803160.6135353709,1500000,28,1,6.719275282185965,1
TZ-LOAN-13809,44.0,Dar es Salaam,710521.5964388131,50000,24,0,1.1965723148109306,0
TZ-LOAN-13810,19.0,Mwanza,809110.7566996398,500000,27,2,2.516151924110316,0
TZ-LOAN-13811,46.0,Mwanza,614132.3730120811,1500000,21,0,8.099192367618725,1
TZ-LOAN-13812,55.0,Dodoma,639630.728046859,50000,20,0,12.084623126198874,0
TZ-LOAN-13813,20.0,Dar es Salaam,921715.2801492095,1000000,24,0,1.2846147459847088,0
TZ-LOAN-13814,33.0,Mwanza,1353687.248568932,50000,18,0,7.884700176514246,0
TZ-LOAN-13815,47.0,Mbeya,229978.62967947836,500000,27,0,0.5745586872003902,0
TZ-LOAN-13816,57.0,Arusha,618856.2546791099,50000,26,2,2.7734405329292313,0
TZ-LOAN-13817,19.0,Arusha,295861.8544303754,50000,35,0,13.96148155775495,0
TZ-LOAN-13818,34.0,Mwanza,1127607.469572825,1000000,23,0,14.514533679363225,0
TZ-LOAN-13819,58.0,Arusha,473678.6092040305,1500000,26,0,1.759732148158995,1
TZ-LOAN-13820,29.0,Mbeya,217039.76186426182,1000000,22,0,1.071621567981334,1
TZ-LOAN-13821,52.0,Dodoma,841456.0996545721,1000000,20,0,0.8095742097625067,0
TZ-LOAN-13822,60.0,Mbeya,1173293.3344229334,50000,23,0,3.278055327448633,0
TZ-LOAN-13823,18.0,Mwanza,849079.3605682289,1000000,31,0,0.4829775716534673,0
TZ-LOAN-13824,62.0,Mbeya,711439.3631845752,250000,15,0,2.206910232850342,0
TZ-LOAN-13825,32.0,Mbeya,772742.2768327981,100000,21,0,0.08578733872216654,0
TZ-LOAN-13826,43.0,Arusha,1074452.1988476664,100000,30,1,1.5014602992500772,0
TZ-LOAN-13827,54.0,Dodoma,387740.218995755,1000000,26,0,11.526789763881089,1
TZ-LOAN-13828,38.0,Dar es Salaam,616445.8687741061,1500000,36,0,2.961791032461667,0
TZ-LOAN-13829,66.0,Mwanza,514192.95544714,500000,19,0,0.38303092748174233,0
TZ-LOAN-13830,48.0,Mwanza,299640.4078124869,1000000,26,0,5.204124857842469,1
TZ-LOAN-13831,42.0,Mbeya,551487.4221749593,1500000,33,0,15.576359833907137,1
TZ-LOAN-13832,40.0,Arusha,982316.3287947346,1000000,28,0,3.112582752845735,0
TZ-LOAN-13833,41.0,Arusha,819980.6445178177,50000,25,0,4.894660076299487,0
TZ-LOAN-13834,55.0,Mwanza,843293.1500324601,1500000,28,1,12.592400321002428,1
TZ-LOAN-13835,45.0,Dar es Salaam,693942.6834959955,500000,30,0,2.715878311201145,0
TZ-LOAN-13836,38.0,Dar es Salaam,806997.1348185765,1000000,24,0,5.461960458002434,0
TZ-LOAN-13837,60.0,Dodoma,409822.8972955684,250000,27,1,2.9053845968798644,0
TZ-LOAN-13838,35.0,Mbeya,557147.0342218312,1500000,27,0,16.368109118308286,1
TZ-LOAN-13839,53.0,Mwanza,707601.271090603,100000,27,0,3.5038968888302118,0
TZ-LOAN-13840,52.0,Dar es Salaam,733254.7576645671,1500000,31,3,10.842583368695793,1
TZ-LOAN-13841,62.0,Dar es Salaam,746056.3564765619,250000,22,0,3.538244098904351,0
TZ-LOAN-13842,26.0,Arusha,608499.4153950866,250000,28,1,5.518919433716203,0
TZ-LOAN-13843,55.0,Dodoma,536772.9796609011,250000,23,2,2.439954062772952,0
TZ-LOAN-13844,47.0,Mwanza,1597331.3849132895,500000,21,0,12.478123419859081,0
TZ-LOAN-13845,61.0,Dodoma,922036.1818797196,500000,27,0,5.205616729629866,0
TZ-LOAN-13846,51.0,Dar es Salaam,773944.2427857867,1500000,28,2,0.10056626008146193,1
TZ-LOAN-13847,49.0,Dodoma,580037.4505380818,500000,23,0,0.07882393670918426,0
TZ-LOAN-13848,20.0,Dar es Salaam,514634.35191683704,100000,29,0,5.637799048083886,0
TZ-LOAN-13849,20.0,Arusha,610759.8218819133,50000,22,0,,0
TZ-LOAN-13850,45.0,Mbeya,737848.653076005,1500000,28,1,6.296800632079551,1
TZ-LOAN-13851,61.0,Mwanza,,1000000,31,0,1.943163701462124,1
TZ-LOAN-13852,32.0,Mbeya,179183.1213875949,1000000,27,3,3.870915085438674,1
TZ-LOAN-13853,58.0,Dodoma,458935.2833183127,1500000,24,0,0.9582219232952082,1
TZ-LOAN-13854,40.0,Dar es Salaam,712141.8310335706,50000,29,1,1.4132855829439304,0
TZ-LOAN-13855,57.0,Mbeya,578218.0558544446,1000000,17,2,2.8716478576921074,1
TZ-LOAN-13856,28.0,Arusha,1093436.3678298453,1500000,25,0,5.475256839723147,0
TZ-LOAN-13857,65.0,Dodoma,205280.96390126937,1500000,29,2,0.8464243442873194,1
TZ-LOAN-13858,49.0,Dodoma,424596.35911898885,250000,18,0,1.6514389494866704,0
TZ-LOAN-13859,53.0,Mbeya,1106027.5222973304,100000,21,2,1.1594232298775713,0
TZ-LOAN-13860,50.0,Dodoma,689335.7974025441,1000000,20,2,9.926999331543241,1
TZ-LOAN-13861,41.0,Mwanza,-150000.0,100000,28,0,5.220712754454103,0
TZ-LOAN-13862,56.0,Mbeya,1265374.082980839,1500000,36,0,3.160220301345596,0
TZ-LOAN-13863,51.0,Mbeya,441858.6746294532,50000,24,0,14.68194746743784,0
TZ-LOAN-13864,45.0,Arusha,620205.6986623904,1500000,27,0,6.655742101043299,1
TZ-LOAN-13865,54.0,Dodoma,568271.9297207386,1000000,32,0,13.457891578746162,0
TZ-LOAN-13866,24.0,Arusha,63622.098655017326,100000,21,0,4.5514558294041425,0
TZ-LOAN-13867,21.0,Dodoma,556880.9588732093,250000,28,0,0.7428301643880514,0
TZ-LOAN-13868,54.0,Mbeya,-150000.0,250000,23,0,5.626225673067663,0
TZ-LOAN-13869,18.0,Dodoma,812176.8625436723,1500000,19,2,1.1250462072663878,1
TZ-LOAN-13870,18.0,Arusha,835724.950816403,50000,23,0,2.1229995185260977,0
TZ-LOAN-13871,64.0,Mbeya,-150000.0,500000,20,0,3.5628523239706174,0
TZ-LOAN-13872,37.0,Dodoma,453170.8291983076,1000000,22,0,0.8561127883466685,0
TZ-LOAN-13873,36.0,Arusha,1030776.7015695862,1500000,21,0,0.10500177395956417,0
TZ-LOAN-13874,46.0,Dodoma,500804.8560926991,250000,24,2,1.9806882708942066,0
TZ-LOAN-13875,27.0,Arusha,738224.6116379643,250000,27,0,8.695335189467134,0
TZ-LOAN-13876,35.0,Mwanza,699000.4042032615,50000,27,0,0.07749729824644186,0
TZ-LOAN-13877,45.0,Arusha,1088515.1048771355,250000,28,0,0.5794899415948551,0
TZ-LOAN-13878,52.0,Dar es Salaam,941423.7073017079,1000000,24,0,8.221566675411369,0
TZ-LOAN-13879,60.0,Dodoma,261422.41379986377,50000,26,0,1.8253482839628201,0
TZ-LOAN-13880,64.0,Dar es Salaam,293734.049967488,100000,34,0,13.920353096773495,0
TZ-LOAN-13881,48.0,Mwanza,823672.9454207403,50000,19,0,2.392148287570767,0
TZ-LOAN-13882,44.0,Arusha,630698.7057862501,1000000,20,0,7.965459425345123,0
TZ-LOAN-13883,28.0,Mbeya,513448.46481387084,1000000,26,2,1.4973553943317988,1
TZ-LOAN-13884,66.0,Mbeya,954688.3651983412,100000,26,0,0.31912714878774295,0
TZ-LOAN-13885,66.0,Arusha,706237.8146266732,1500000,18,0,10.666511096010414,1
TZ-LOAN-13886,55.0,Mwanza,665737.2160668332,50000,23,0,13.106827088100497,0
TZ-LOAN-13887,22.0,Arusha,,1000000,14,2,6.156714147258483,1
TZ-LOAN-13888,25.0,Mbeya,537467.3015169307,1000000,30,2,7.349854493733819,1
TZ-LOAN-13889,51.0,Mbeya,1120555.6956417663,100000,26,0,0.03576571463171708,0
TZ-LOAN-13890,65.0,Mbeya,413585.7130300976,500000,30,2,7.008532961884166,1
TZ-LOAN-13891,69.0,Arusha,847078.7199026265,50000,20,2,3.1951550466486314,0
TZ-LOAN-13892,29.0,Mwanza,1080149.8515979534,1000000,19,0,3.0146173438652535,0
TZ-LOAN-13893,55.0,Mwanza,236811.35321837006,250000,30,0,3.8834040103748864,0
TZ-LOAN-13894,18.0,Mwanza,546999.4472442652,100000,24,0,1.581849754926417,0
TZ-LOAN-13895,48.0,Mbeya,992662.2178656673,500000,19,0,5.958386109011036,0
TZ-LOAN-13896,21.0,Dodoma,997173.3643193075,500000,25,0,1.751965523405382,0
TZ-LOAN-13897,66.0,Arusha,598551.3198835282,100000,17,0,4.089094118562492,0
TZ-LOAN-13898,62.0,Mbeya,429598.6718969422,500000,35,2,0.7362813397225344,0
TZ-LOAN-13899,67.0,Mwanza,936780.7466992286,1000000,24,1,5.620814235865056,0
TZ-LOAN-13900,22.0,Arusha,1005064.7307744814,500000,20,0,1.0512153855165336,0
TZ-LOAN-13901,47.0,Mwanza,300600.99544628157,50000,20,0,0.9341424031618217,0
TZ-LOAN-13902,41.0,Dar es Salaam,288825.9053100859,250000,28,0,,0
TZ-LOAN-13903,20.0,Mbeya,717577.0045950799,1000000,22,0,0.6493236197873375,0
TZ-LOAN-13904,28.0,Mwanza,838808.1900286677,100000,29,1,1.3235416412111092,0
TZ-LOAN-13905,62.0,Dar es Salaam,560279.2744309836,250000,28,0,1.25713234864717,0
TZ-LOAN-13906,21.0,Mwanza,853788.1459947048,1500000,27,0,1.9850405671356115,0
TZ-LOAN-13907,43.0,Mbeya,436959.01794878533,1000000,27,0,0.27976497541871065,0
TZ-LOAN-13908,44.0,Dodoma,15591.92027787934,250000,25,0,13.682095488476635,1
TZ-LOAN-13909,63.0,Mwanza,522829.6783002212,500000,27,0,,0
TZ-LOAN-13910,60.0,Mwanza,668969.6439539304,1500000,15,0,6.052702941426807,1
TZ-LOAN-13911,44.0,Dar es Salaam,567248.012031063,100000,24,0,3.8293762014571437,0
TZ-LOAN-13912,59.0,Mbeya,302419.02090215444,100000,27,1,4.023621618602815,0
TZ-LOAN-13913,68.0,Mwanza,105305.3072363548,50000,28,0,0.5575459309159063,0
TZ-LOAN-13914,67.0,Arusha,495773.35868963064,500000,18,3,1.3933800265511598,1
TZ-LOAN-13915,23.0,Mbeya,919296.7314949231,50000,38,0,7.567941537740945,0
TZ-LOAN-13916,32.0,Dar es Salaam,1026859.2318241047,50000,33,2,3.1151816151268226,0
TZ-LOAN-13917,47.0,Dar es Salaam,1006314.0152415365,500000,26,0,3.0538543028136274,0
TZ-LOAN-13918,59.0,Dar es Salaam,405227.13945543405,1000000,29,0,3.947319088880766,0
TZ-LOAN-13919,54.0,Mbeya,303888.1029108908,1500000,28,0,2.8440915320502373,1
TZ-LOAN-13920,54.0,Mbeya,798990.3844939686,50000,25,0,8.202990205405388,0
TZ-LOAN-13921,59.0,Mwanza,840530.0034793776,250000,19,2,6.905642593222833,0
TZ-LOAN-13922,54.0,Dar es Salaam,770050.8815601493,1500000,31,0,1.9063329672924367,0
TZ-LOAN-13923,52.0,Dar es Salaam,45781.017728670966,1000000,23,0,8.358724310148657,1
TZ-LOAN-13924,40.0,Mbeya,389934.62453496,500000,31,1,3.6553505543193667,0
TZ-LOAN-13925,23.0,Mbeya,641093.3629142065,100000,31,0,4.940771186445108,0
TZ-LOAN-13926,21.0,Arusha,796165.4583891281,1000000,21,3,10.056142594978109,1
TZ-LOAN-13927,35.0,Dar es Salaam,880192.208780746,50000,24,0,3.231253558123133,0
TZ-LOAN-13928,26.0,Mbeya,693276.0566846121,250000,19,2,7.058273415226253,0
TZ-LOAN-13929,66.0,Mbeya,749235.1419614708,1500000,27,0,4.9454814429561775,0
TZ-LOAN-13930,46.0,Mwanza,675459.6375083312,500000,25,0,2.7821226634109326,0
TZ-LOAN-13931,30.0,Dar es Salaam,855685.8122655449,100000,28,0,7.780631981610451,0
TZ-LOAN-13932,64.0,Arusha,743859.6954472733,1500000,27,1,0.5555468092141036,1
TZ-LOAN-13933,69.0,Mbeya,669721.2980141862,250000,21,0,4.3520503776287836,0
TZ-LOAN-13934,34.0,Mwanza,569489.3602587858,100000,28,0,0.237611317681663,0
TZ-LOAN-13935,62.0,Mwanza,674387.4275127443,500000,27,0,0.8490159640076296,0
TZ-LOAN-13936,49.0,Dodoma,795377.4136517824,1500000,31,0,4.56739391319775,0
TZ-LOAN-13937,65.0,Dar es Salaam,730242.6166694184,1000000,26,0,1.8380056365159074,0
TZ-LOAN-13938,39.0,Mwanza,,50000,19,2,1.5222763888946844,0
TZ-LOAN-13939,21.0,Arusha,1052816.5584053556,500000,38,0,15.599531297297254,0
TZ-LOAN-13940,22.0,Dar es Salaam,729549.1768239762,250000,15,0,2.277787379132716,0
TZ-LOAN-13941,54.0,Arusha,455300.4438580527,1000000,23,1,4.159075515562197,1
TZ-LOAN-13942,58.0,Mwanza,915082.0357982507,1500000,23,0,3.820518156729137,0
TZ-LOAN-13943,66.0,Dar es Salaam,240140.49869932473,100000,28,0,0.3201248552042365,0
TZ-LOAN-13944,30.0,Mwanza,325575.9857782138,1000000,21,0,5.608520393587131,1
TZ-LOAN-13945,51.0,Mwanza,750754.1794160208,1000000,29,3,3.5964427370672487,1
TZ-LOAN-13946,62.0,Mwanza,804919.0003359737,250000,25,0,2.4016204466713464,0
TZ-LOAN-13947,39.0,Mbeya,276484.6329488015,50000,30,0,0.34148422634486314,0
TZ-LOAN-13948,40.0,Mbeya,535154.755703975,1000000,31,0,1.7337219701310256,0
TZ-LOAN-13949,68.0,Arusha,468174.8503341024,1000000,27,0,10.774938156480049,0
TZ-LOAN-13950,20.0,Mbeya,503997.10313552094,50000,21,2,0.9540556975400755,0
TZ-LOAN-13951,59.0,Arusha,933079.3328818837,50000,21,0,1.2380370800057112,0
TZ-LOAN-13952,51.0,Mbeya,861951.6390641758,100000,22,0,1.1489154157078094,0
TZ-LOAN-13953,49.0,Mwanza,644263.3460438878,1500000,32,2,11.073091745168902,1
TZ-LOAN-13954,62.0,Mbeya,486211.42186552164,100000,21,0,6.019788734168616,0
TZ-LOAN-13955,68.0,Dodoma,245105.0989339578,50000,27,0,10.678707820184048,0
TZ-LOAN-13956,66.0,Mwanza,1076055.4816345847,500000,23,0,12.252323213779466,0
TZ-LOAN-13957,38.0,Dodoma,,50000,29,2,13.153191805170517,0
TZ-LOAN-13958,63.0,Mwanza,437999.2687780579,100000,19,0,3.324894420536104,0
TZ-LOAN-13959,61.0,Mbeya,865879.8492874674,250000,22,0,3.233454413061188,0
TZ-LOAN-13960,38.0,Dar es Salaam,628932.9138276123,250000,27,0,8.828202988414782,0
TZ-LOAN-13961,61.0,Arusha,563867.1485412972,1500000,20,3,2.0167867111806492,1
TZ-LOAN-13962,28.0,Mwanza,780563.4584868806,1000000,21,1,0.11230755553620733,0
TZ-LOAN-13963,56.0,Dar es Salaam,427550.5250261825,250000,27,0,2.0139513210892783,0
TZ-LOAN-13964,21.0,Dar es Salaam,546873.044146967,100000,26,0,6.3000768002243674,0
TZ-LOAN-13965,68.0,Mbeya,686438.3192598638,250000,21,2,0.6597435236062593,0
TZ-LOAN-13966,18.0,Mwanza,500164.64213443594,500000,16,2,7.680492521832356,1
TZ-LOAN-13967,45.0,Dar es Salaam,850725.5630802572,50000,27,1,8.449833121778767,0
TZ-LOAN-13968,41.0,Arusha,1210719.9511034782,50000,29,1,0.5318738493897226,0
TZ-LOAN-13969,52.0,Dodoma,423710.5602178572,100000,16,0,0.5148130006134936,0
TZ-LOAN-13970,30.0,Mbeya,150462.4111087867,1000000,24,0,1.10829917865472,1
TZ-LOAN-13971,64.0,Mbeya,,50000,29,1,2.2033069183064864,0
TZ-LOAN-13972,51.0,Mbeya,604859.5575515053,250000,31,1,3.8042783353621257,0
TZ-LOAN-13973,28.0,Arusha,451050.62296214513,500000,23,2,3.3232067795540363,1
TZ-LOAN-13974,53.0,Mbeya,712358.1503201242,1000000,34,0,9.592347604673328,0
TZ-LOAN-13975,68.0,Arusha,689779.3016078303,1000000,27,0,0.7671079863106024,0
TZ-LOAN-13976,34.0,Dar es Salaam,169034.9460157712,1000000,26,0,5.979572171875591,1
TZ-LOAN-13977,52.0,Mwanza,105534.85115557816,50000,22,1,3.980182485384453,0
TZ-LOAN-13978,35.0,Dar es Salaam,738779.9721038286,1500000,29,0,6.674676984525469,0
TZ-LOAN-13979,57.0,Mwanza,690628.6504159871,1000000,27,1,2.0923446638912484,0
TZ-LOAN-13980,39.0,Mbeya,522254.6004900346,100000,30,0,3.187423696965563,0
TZ-LOAN-13981,41.0,Dar es Salaam,152856.92446030863,250000,22,0,0.1450486593496148,0
TZ-LOAN-13982,36.0,Arusha,791417.3788294973,1500000,19,0,0.6170901508502515,0
TZ-LOAN-13983,54.0,Mbeya,1031569.863627183,500000,25,0,2.349983042046562,0
TZ-LOAN-13984,56.0,Dar es Salaam,733394.7320656767,250000,32,0,3.2817117348901172,0
TZ-LOAN-13985,38.0,Dar es Salaam,395757.83283048065,100000,15,2,0.44823911807382705,0
TZ-LOAN-13986,25.0,Arusha,663365.6496713454,100000,27,0,8.714510797344857,0
TZ-LOAN-13987,45.0,Arusha,240165.7757198945,1500000,19,0,14.598706878494113,1
TZ-LOAN-13988,22.0,Dar es Salaam,967388.2141516377,250000,36,0,4.536623706904924,0
TZ-LOAN-13989,34.0,Arusha,674553.3003588617,50000,26,1,0.2744034555462676,0
TZ-LOAN-13990,54.0,Dodoma,119552.92647403048,100000,24,0,6.712846428464847,0
TZ-LOAN-13991,53.0,Dodoma,559797.6918668952,1000000,27,0,1.2241584411560333,0
TZ-LOAN-13992,36.0,Arusha,788990.4530702692,500000,25,1,6.614751992843868,0
TZ-LOAN-13993,44.0,Dar es Salaam,550085.7137073432,500000,21,0,2.8488636093955693,0
TZ-LOAN-13994,51.0,Arusha,567231.2835679478,100000,16,0,0.27453410947328016,0
TZ-LOAN-13995,28.0,Arusha,282679.33788581844,1000000,26,3,1.6338399516011568,1
TZ-LOAN-13996,62.0,Mwanza,819962.2961244968,250000,33,0,2.7846092503209103,0
TZ-LOAN-13997,64.0,Dodoma,455459.23999425874,500000,18,0,6.663774447616624,0
TZ-LOAN-13998,29.0,Mbeya,3066.3868984901346,1000000,31,0,0.7139810761655753,1
TZ-LOAN-13999,38.0,Mbeya,538622.7887988818,1000000,20,1,1.691381055321488,1
TZ-LOAN-14000,28.0,Mbeya,944344.9146711059,50000,28,0,0.43616945001284124,0
TZ-LOAN-14001,56.0,Arusha,533921.1660200158,100000,33,0,4.783051085885793,0
TZ-LOAN-14002,45.0,Mbeya,1171395.4955370561,1000000,20,0,3.2148517857852847,0
TZ-LOAN-14003,22.0,Mwanza,,250000,25,0,13.225725287540513,0
TZ-LOAN-14004,34.0,Arusha,-150000.0,500000,20,0,6.7460142419413245,0
TZ-LOAN-14005,37.0,Dar es Salaam,611480.5202247173,50000,16,0,7.522853249649678,0
TZ-LOAN-14006,58.0,Dar es Salaam,629514.1376707128,250000,20,0,0.8979818196780001,0
TZ-LOAN-14007,63.0,Arusha,570972.9094641488,500000,22,1,1.5504736540743371,0
TZ-LOAN-14008,29.0,Dodoma,559319.182375242,100000,30,0,3.598888668429102,0
TZ-LOAN-14009,23.0,Dodoma,809260.1486201447,250000,29,0,0.067881212127369,0
TZ-LOAN-14010,34.0,Dar es Salaam,369250.63106283033,500000,20,0,10.206035173437654,0
TZ-LOAN-14011,68.0,Mbeya,327231.8513827221,50000,23,1,7.519545649531334,0
TZ-LOAN-14012,36.0,Mwanza,313041.4847373867,500000,28,1,0.2984298900016159,0
TZ-LOAN-14013,43.0,Arusha,1263696.3643031463,1000000,18,1,9.453500249965245,0
TZ-LOAN-14014,65.0,Mwanza,809102.870501174,50000,18,0,0.022491083211156195,0
TZ-LOAN-14015,61.0,Mwanza,741347.6605040435,250000,20,2,0.6064294843654627,0
TZ-LOAN-14016,61.0,Mwanza,332745.59891197056,1500000,25,0,0.2847809812125328,1
TZ-LOAN-14017,69.0,Arusha,,100000,20,0,3.2615612762872574,0
TZ-LOAN-14018,49.0,Mbeya,615028.5960640014,50000,22,0,7.663536802230144,0
TZ-LOAN-14019,23.0,Arusha,714250.682339525,50000,21,0,,0
TZ-LOAN-14020,53.0,Dar es Salaam,357013.9052409332,50000,27,0,7.3807990967821855,0
TZ-LOAN-14021,55.0,Mbeya,698080.657225273,500000,28,2,1.0223743908622016,0
TZ-LOAN-14022,28.0,Dar es Salaam,522849.93853805505,1000000,31,1,23.30148014855194,1
TZ-LOAN-14023,50.0,Mwanza,420316.6528909437,1500000,24,0,9.602780191639482,1
TZ-LOAN-14024,41.0,Mbeya,870231.9007421746,100000,29,2,6.681558328599254,0
TZ-LOAN-14025,40.0,Mwanza,188687.6574409993,100000,25,0,4.478623635657073,0
TZ-LOAN-14026,32.0,Dar es Salaam,819432.8792942452,1000000,24,0,1.3889768497201225,0
TZ-LOAN-14027,44.0,Arusha,855345.8400658988,500000,25,1,0.6350073494430207,0
TZ-LOAN-14028,28.0,Mbeya,386106.8973346278,500000,19,0,,0
TZ-LOAN-14029,68.0,Mwanza,403901.46166025975,1000000,27,0,2.5763461954072877,0
TZ-LOAN-14030,67.0,Dodoma,,1000000,27,0,5.611671054189297,0
TZ-LOAN-14031,34.0,Mwanza,734610.8631386661,250000,25,0,0.9321885909156371,0
TZ-LOAN-14032,68.0,Dar es Salaam,,500000,21,0,4.129148576792557,0
TZ-LOAN-14033,31.0,Dar es Salaam,780068.7380575638,50000,27,0,5.910244726323074,0
TZ-LOAN-14034,44.0,Arusha,1178893.8957612198,100000,35,0,1.7759963000987957,0
TZ-LOAN-14035,35.0,Mbeya,497684.9692550858,500000,28,0,7.570963016441047,0
TZ-LOAN-14036,45.0,Dodoma,135446.00878897385,1000000,20,0,2.8267863369592634,1
TZ-LOAN-14037,68.0,Dar es Salaam,897777.074909196,50000,24,0,0.8874527996333631,0
TZ-LOAN-14038,64.0,Mbeya,1154994.3727782588,250000,19,0,1.0831369320760744,0
TZ-LOAN-14039,64.0,Dodoma,767830.5089153373,1500000,25,0,1.6348762636838263,0
TZ-LOAN-14040,21.0,Arusha,323675.39739389956,250000,25,0,0.8606261979894494,0
TZ-LOAN-14041,24.0,Mbeya,612832.2910294398,50000,27,0,4.138190215060918,0
TZ-LOAN-14042,62.0,Mwanza,314442.9547365103,50000,19,0,14.89350803032462,0
TZ-LOAN-14043,52.0,Dodoma,842856.6481888843,1000000,24,0,11.32033655890012,0
TZ-LOAN-14044,65.0,Mwanza,244612.87919046968,1500000,21,0,1.9559917006334833,1
TZ-LOAN-14045,26.0,Mwanza,559961.36395154,1000000,17,0,10.000170134699491,0
TZ-LOAN-14046,25.0,Dodoma,348698.6521118281,100000,27,0,15.398065845367588,0
TZ-LOAN-14047,69.0,Mwanza,688047.4055404885,1500000,30,0,1.741884060991682,0
TZ-LOAN-14048,62.0,Dodoma,540097.4968586727,1500000,27,0,11.78440814553573,1
TZ-LOAN-14049,34.0,Mwanza,703028.6309750791,100000,33,0,29.817426883169013,0
TZ-LOAN-14050,34.0,Arusha,656705.1664899098,250000,23,0,7.989320972653941,0
TZ-LOAN-14051,66.0,Arusha,354002.29168276687,50000,16,1,2.4733124358580802,0
TZ-LOAN-14052,50.0,Mbeya,838063.1190587066,250000,33,0,4.68938019457679,0
TZ-LOAN-14053,49.0,Mwanza,635370.3044470655,1000000,24,0,2.2642511609873854,0
TZ-LOAN-14054,25.0,Arusha,353441.29764022987,500000,17,0,27.559141496463827,1
TZ-LOAN-14055,36.0,Arusha,1322277.966861738,1000000,27,0,0.3513250320982968,0
TZ-LOAN-14056,55.0,Arusha,792929.0500151374,500000,25,0,11.178387140116538,0
TZ-LOAN-14057,20.0,Dar es Salaam,,50000,26,0,0.3873657807325409,0
TZ-LOAN-14058,22.0,Mwanza,1074561.358010547,50000,20,0,0.21557008987695436,0
TZ-LOAN-14059,30.0,Mbeya,1202544.682815982,1500000,26,0,14.062015833674245,0
TZ-LOAN-14060,64.0,Arusha,606395.1733058344,50000,22,0,10.097641156361448,0
TZ-LOAN-14061,63.0,Dodoma,754219.2459304286,100000,27,1,2.243651559196022,0
TZ-LOAN-14062,48.0,Dar es Salaam,353599.15459911776,100000,22,0,15.795044310954102,0
TZ-LOAN-14063,33.0,Mwanza,605842.1747695965,500000,23,0,9.8973250644048,0
TZ-LOAN-14064,67.0,Mbeya,590281.233872039,250000,31,1,11.613065391936306,0
TZ-LOAN-14065,49.0,Arusha,705448.1100864962,1500000,25,0,4.520767018974049,0
TZ-LOAN-14066,39.0,Dodoma,-150000.0,250000,28,0,15.889693530987799,0
TZ-LOAN-14067,46.0,Dar es Salaam,817948.534648418,500000,29,0,8.29267357119692,0
TZ-LOAN-14068,39.0,Dodoma,721292.7968899878,100000,18,0,14.0631268292325,0
TZ-LOAN-14069,60.0,Dodoma,286777.2120112506,1000000,30,0,1.6530239668090496,1
TZ-LOAN-14070,20.0,Dar es Salaam,368459.86827767454,1500000,27,2,3.797477410030977,1
TZ-LOAN-14071,27.0,Dodoma,486077.7141608981,500000,19,1,10.112011442535024,0
TZ-LOAN-14072,59.0,Arusha,565327.8224230313,250000,26,0,4.334278174625085,0
TZ-LOAN-14073,38.0,Dar es Salaam,965232.2871416339,500000,18,0,8.074724240307432,0
TZ-LOAN-14074,33.0,Mwanza,301118.3039441261,500000,40,0,18.07758135487378,0
TZ-LOAN-14075,29.0,Dar es Salaam,542775.4855487901,50000,32,0,8.162581766662344,0
TZ-LOAN-14076,19.0,Mbeya,935902.8494642149,100000,16,1,1.8943078608549457,0
TZ-LOAN-14077,58.0,Arusha,560036.7576510163,1500000,25,0,0.6317824813984902,1
TZ-LOAN-14078,41.0,Mwanza,788124.6949528472,50000,24,0,,0
TZ-LOAN-14079,52.0,Arusha,608137.387121629,100000,18,0,5.435263617124683,0
TZ-LOAN-14080,47.0,Arusha,727034.9771974168,500000,20,2,0.055023457119729086,0
TZ-LOAN-14081,47.0,Dar es Salaam,581458.2368571379,100000,19,0,1.0518692054709113,0
TZ-LOAN-14082,64.0,Mwanza,850119.6418185062,250000,30,1,1.9793265088375798,0
TZ-LOAN-14083,52.0,Dar es Salaam,186483.07777806942,1500000,17,0,10.406213559193706,1
TZ-LOAN-14084,36.0,Mbeya,541006.3974834365,50000,26,0,0.26175425853394574,0
TZ-LOAN-14085,67.0,Mbeya,738971.8030082925,1500000,25,0,0.2561304822999449,0
TZ-LOAN-14086,25.0,Mbeya,810108.5744018579,500000,26,0,4.012383906116041,0
TZ-LOAN-14087,43.0,Dar es Salaam,,250000,25,0,0.9786527981833638,0
TZ-LOAN-14088,66.0,Dar es Salaam,532692.5999403271,100000,24,0,1.3867790623929719,0
TZ-LOAN-14089,57.0,Mbeya,1093844.528558262,100000,31,0,1.0181515266011782,0
TZ-LOAN-14090,24.0,Dar es Salaam,-150000.0,250000,26,0,4.356672128215096,0
TZ-LOAN-14091,47.0,Dodoma,1048593.923463393,100000,29,0,0.2857507437587732,0
TZ-LOAN-14092,24.0,Dodoma,895240.1380095117,50000,24,1,14.067055969597224,0
TZ-LOAN-14093,20.0,Dodoma,375962.4261103332,1000000,33,2,0.6570304657303676,1
TZ-LOAN-14094,18.0,Arusha,742111.7711755466,100000,30,2,15.140812695212439,0
TZ-LOAN-14095,53.0,Mwanza,634629.2493403426,500000,21,0,7.528296421950937,0
TZ-LOAN-14096,42.0,Mwanza,837675.3781025002,100000,28,0,8.801765841070088,0
TZ-LOAN-14097,54.0,Mwanza,583018.5234700071,1500000,13,0,0.9485936496322913,1
TZ-LOAN-14098,18.0,Mbeya,557826.1323014805,500000,21,0,5.53796881243639,0
TZ-LOAN-14099,32.0,Dodoma,1060728.3748288555,100000,20,0,8.493317366324334,0
TZ-LOAN-14100,54.0,Dodoma,620383.7316632981,100000,24,0,4.082629037455437,0
TZ-LOAN-14101,30.0,Dar es Salaam,897926.69725753,500000,39,0,4.0044939619934725,0
TZ-LOAN-14102,57.0,Arusha,582394.55448674,50000,34,1,0.8682761099562132,0
TZ-LOAN-14103,25.0,Arusha,1149998.977768257,1000000,23,0,2.6741616256834084,0
TZ-LOAN-14104,22.0,Dodoma,,1000000,26,2,0.8157718928028814,1
TZ-LOAN-14105,26.0,Dar es Salaam,465756.9406258446,50000,21,0,18.03332022730032,0
TZ-LOAN-14106,18.0,Dodoma,1107355.154334771,100000,25,0,5.773532952041315,0
TZ-LOAN-14107,53.0,Mbeya,516516.08273142413,1000000,26,1,0.2481677086486731,1
TZ-LOAN-14108,52.0,Mbeya,,50000,21,2,3.2386507657289707,0
TZ-LOAN-14109,19.0,Mwanza,917552.1738784439,50000,23,1,5.08006019502197,0
TZ-LOAN-14110,57.0,Mwanza,603605.0880317499,1000000,27,1,0.5026409444004158,0
TZ-LOAN-14111,40.0,Dodoma,106011.95839485247,500000,30,1,5.467953221228397,1
TZ-LOAN-14112,26.0,Mwanza,644204.5087184493,250000,15,0,0.9758502058755242,0
TZ-LOAN-14113,51.0,Dodoma,680489.0160600274,500000,18,0,2.620224784186964,0
TZ-LOAN-14114,63.0,Arusha,1000165.3199913119,100000,37,0,4.911539131435976,0
TZ-LOAN-14115,31.0,Mbeya,1126534.1528720334,500000,25,0,,0
TZ-LOAN-14116,21.0,Dar es Salaam,444503.8462568757,1500000,27,0,2.3973147187652253,1
TZ-LOAN-14117,47.0,Dar es Salaam,890354.5291964548,250000,21,0,9.277181401191806,0
TZ-LOAN-14118,48.0,Arusha,,250000,29,0,1.8499940086082147,0
TZ-LOAN-14119,55.0,Dodoma,972023.8107231336,50000,29,0,5.323871391951109,0
TZ-LOAN-14120,28.0,Mbeya,799606.9736406633,1500000,17,2,9.457434742902507,1
TZ-LOAN-14121,52.0,Dodoma,67250.69271146902,100000,19,0,0.8282024106315224,0
TZ-LOAN-14122,25.0,Dodoma,,50000,22,3,0.23508058337647797,0
TZ-LOAN-14123,20.0,Arusha,303287.72752492543,500000,23,1,8.730128248358485,1
TZ-LOAN-14124,31.0,Arusha,589218.2681245778,500000,25,0,4.005118645312809,0
TZ-LOAN-14125,30.0,Mwanza,944001.2708401682,1000000,17,0,8.79262837047428,0
TZ-LOAN-14126,62.0,Arusha,741545.2507624918,50000,23,0,1.1978615492457936,0
TZ-LOAN-14127,49.0,Mwanza,994427.2599192299,1500000,19,0,8.937808150036657,0
TZ-LOAN-14128,51.0,Dar es Salaam,752526.1762140618,50000,25,0,0.5008169646031864,0
TZ-LOAN-14129,62.0,Mwanza,260502.2180993292,50000,22,0,10.736590931107159,0
TZ-LOAN-14130,36.0,Mwanza,-106254.10197182035,50000,21,1,8.644871690566413,0
TZ-LOAN-14131,55.0,Dar es Salaam,694642.6285038771,250000,22,0,4.18895452622431,0
TZ-LOAN-14132,33.0,Mbeya,585822.0600946504,1000000,33,0,4.686804446475233,0
TZ-LOAN-14133,19.0,Dodoma,356916.27818543534,100000,26,1,2.122048623203982,0
TZ-LOAN-14134,57.0,Dodoma,139811.8251045866,100000,25,0,1.1258289380328788,0
TZ-LOAN-14135,34.0,Arusha,429577.03595818725,100000,25,0,3.0388682324855694,0
TZ-LOAN-14136,51.0,Arusha,591652.5545405672,250000,26,0,5.3567191011167745,0
TZ-LOAN-14137,59.0,Mbeya,849763.3471119171,1000000,21,0,32.3956681413648,0
TZ-LOAN-14138,33.0,Arusha,706589.324470394,1500000,19,1,8.4982647848709,1
TZ-LOAN-14139,55.0,Dodoma,1132420.1741518187,1000000,22,0,2.84852614880648,0
TZ-LOAN-14140,19.0,Mwanza,-150000.0,250000,28,0,6.798220337254374,0
TZ-LOAN-14141,19.0,Mwanza,914317.66761723,1500000,27,0,0.5717120097783003,0
TZ-LOAN-14142,43.0,Arusha,664189.6229386184,50000,27,0,2.681025261872914,0
TZ-LOAN-14143,30.0,Dodoma,858400.7372355754,500000,23,0,2.7662704256047665,0
TZ-LOAN-14144,64.0,Dar es Salaam,519045.5410203369,50000,15,1,33.727379547155316,0
TZ-LOAN-14145,48.0,Dar es Salaam,971504.112167177,100000,24,0,2.4798079145429437,0
TZ-LOAN-14146,51.0,Mwanza,738567.4275035728,50000,25,1,0.4347747269083305,0
TZ-LOAN-14147,56.0,Dodoma,446166.5045246752,250000,25,1,0.347972144517003,0
TZ-LOAN-14148,20.0,Mwanza,646392.7913260435,100000,23,0,5.9930093504436455,0
TZ-LOAN-14149,25.0,Dodoma,578133.2423188702,500000,31,0,1.706068927265403,0
TZ-LOAN-14150,40.0,Dar es Salaam,796753.5051913381,1500000,21,1,10.15948734521649,1
TZ-LOAN-14151,31.0,Arusha,296066.97518764745,1500000,16,1,3.2980561838717564,1
TZ-LOAN-14152,44.0,Mbeya,641194.4893652917,100000,22,0,2.005167595132837,0
TZ-LOAN-14153,46.0,Arusha,,50000,30,0,7.117167805508473,0
TZ-LOAN-14154,56.0,Dodoma,659906.99215791,1000000,24,0,2.702409543978867,0
TZ-LOAN-14155,56.0,Mwanza,,1000000,29,0,6.685299144691518,0
TZ-LOAN-14156,18.0,Mwanza,882206.8322213157,1500000,20,0,6.260424784798705,0
TZ-LOAN-14157,34.0,Dar es Salaam,647755.760977776,1000000,23,0,6.422506908738993,0
TZ-LOAN-14158,58.0,Dar es Salaam,715006.729249302,100000,30,0,9.72881632925639,0
TZ-LOAN-14159,47.0,Arusha,738699.6654445999,1000000,23,0,9.43252915762379,0
TZ-LOAN-14160,30.0,Arusha,770989.8812500472,250000,29,1,5.462280142411076,0
TZ-LOAN-14161,38.0,Mbeya,102302.60130061756,1500000,24,0,15.728344284627962,1
TZ-LOAN-14162,36.0,Dodoma,559542.1112691958,500000,26,0,0.10472659344316222,0
TZ-LOAN-14163,36.0,Arusha,204668.2795419721,1000000,24,0,13.326599729779044,1
TZ-LOAN-14164,42.0,Arusha,1033484.284237846,250000,27,1,0.8023311905162918,0
TZ-LOAN-14165,39.0,Dar es Salaam,631745.1439991217,250000,24,0,1.1890216658289776,0
TZ-LOAN-14166,48.0,Dodoma,591997.7150961132,100000,27,0,8.502260514138156,0
TZ-LOAN-14167,34.0,Dar es Salaam,919039.1996099706,1500000,19,1,2.5577584587485385,0
TZ-LOAN-14168,40.0,Mbeya,776697.4392349625,100000,26,1,2.7696264175467773,0
TZ-LOAN-14169,49.0,Arusha,311409.64568623784,500000,22,0,1.5138226221603914,0
TZ-LOAN-14170,27.0,Arusha,628728.3912417893,500000,36,0,1.2708573531680236,0
TZ-LOAN-14171,27.0,Arusha,549449.9080320846,50000,18,0,0.5615925255743206,0
TZ-LOAN-14172,53.0,Mwanza,126640.13341818377,500000,30,0,1.0955784979462615,1
TZ-LOAN-14173,25.0,Dodoma,442917.13002883864,1500000,18,0,4.182159599159224,1
TZ-LOAN-14174,69.0,Dar es Salaam,594937.9033950603,1500000,29,0,6.131243435803361,1
TZ-LOAN-14175,37.0,Dar es Salaam,615514.7205524473,100000,20,0,6.713096308011074,0
TZ-LOAN-14176,49.0,Dar es Salaam,205330.5728968074,250000,22,0,2.3111551359745603,0
TZ-LOAN-14177,67.0,Mbeya,995499.6749142427,50000,22,1,12.752334147501834,0
TZ-LOAN-14178,31.0,Mwanza,619369.0823325684,500000,19,0,1.9929047170493237,0
TZ-LOAN-14179,67.0,Mbeya,661265.9229981689,250000,23,0,0.5890587994610896,0
TZ-LOAN-14180,45.0,Dodoma,770192.491501951,100000,26,3,14.522403321456629,1
TZ-LOAN-14181,63.0,Dar es Salaam,413577.12382889865,1000000,30,1,3.8900096010713723,1
TZ-LOAN-14182,69.0,Dar es Salaam,,50000,30,0,17.767587560098306,0
TZ-LOAN-14183,41.0,Dar es Salaam,539877.606194545,1500000,26,0,,1
TZ-LOAN-14184,32.0,Arusha,381024.3378058425,250000,35,0,7.081567984820244,0
TZ-LOAN-14185,39.0,Arusha,822034.2480066196,100000,22,0,0.5823136261315918,0
TZ-LOAN-14186,47.0,Dar es Salaam,1097502.1576405424,100000,20,0,9.62345400710601,0
TZ-LOAN-14187,21.0,Dar es Salaam,867448.8120457495,50000,28,0,0.9358653646546355,0
TZ-LOAN-14188,30.0,Arusha,,50000,27,0,0.3557567443410704,0
TZ-LOAN-14189,40.0,Mbeya,493810.81803131034,500000,23,0,0.51433630840784,0
TZ-LOAN-14190,25.0,Mwanza,170714.08124946308,500000,29,0,4.075168540030662,1
TZ-LOAN-14191,35.0,Mbeya,1097041.2566299522,1500000,26,0,1.7256629310665352,0
TZ-LOAN-14192,29.0,Mwanza,1266354.466821428,1500000,24,0,16.2151155749271,0
TZ-LOAN-14193,48.0,Arusha,1112842.0321309045,50000,23,0,,0
TZ-LOAN-14194,31.0,Dar es Salaam,549264.2183060751,50000,29,0,8.130574717092877,0
TZ-LOAN-14195,51.0,Dar es Salaam,-150000.0,250000,21,0,8.294151028603856,0
TZ-LOAN-14196,35.0,Dar es Salaam,330295.19065413,500000,33,0,11.067257371224297,0
TZ-LOAN-14197,51.0,Mbeya,144880.22971578542,100000,28,0,10.020190414964425,0
TZ-LOAN-14198,28.0,Dar es Salaam,617786.4144769864,500000,29,0,13.169880721066905,0
TZ-LOAN-14199,58.0,Mwanza,1131703.3874247363,500000,28,0,13.618331727898116,0
TZ-LOAN-14200,29.0,Dar es Salaam,,50000,37,0,1.7713985423062613,0
TZ-LOAN-14201,66.0,Arusha,,50000,22,0,1.2395137929849185,0
TZ-LOAN-14202,32.0,Dar es Salaam,1062679.0892912624,500000,32,0,5.151472060825806,0
TZ-LOAN-14203,48.0,Mbeya,528771.4064502801,1000000,25,0,0.6581301302322272,0
TZ-LOAN-14204,66.0,Mbeya,1260659.4370158785,1000000,25,0,1.1858644806616923,0
TZ-LOAN-14205,46.0,Arusha,1247628.322249236,1500000,22,1,7.4130720450963565,0
TZ-LOAN-14206,43.0,Dodoma,610666.5983958552,500000,15,1,5.239625735323477,0
TZ-LOAN-14207,35.0,Mbeya,476739.7207942362,1000000,29,0,5.261296249220775,0
TZ-LOAN-14208,49.0,Dodoma,859171.4139170939,1500000,26,0,15.042922168002228,0
TZ-LOAN-14209,39.0,Arusha,545742.5172443426,1500000,18,2,5.507449044397825,1
TZ-LOAN-14210,55.0,Dar es Salaam,303033.4348797991,500000,31,0,2.817679853188106,0
TZ-LOAN-14211,34.0,Dodoma,1034371.5960568942,1500000,18,1,1.6448294377440742,0
TZ-LOAN-14212,40.0,Arusha,1014934.216183124,50000,20,1,2.0666451058015944,0
TZ-LOAN-14213,41.0,Dodoma,696653.4811290683,50000,20,2,1.6273592050940098,0
TZ-LOAN-14214,67.0,Dodoma,271140.5738815466,50000,26,0,0.17807404963811127,0
TZ-LOAN-14215,25.0,Dar es Salaam,281142.1246347842,100000,28,0,1.5161720766088722,0
TZ-LOAN-14216,58.0,Mbeya,682168.7865257459,50000,23,0,9.020275800695703,0
TZ-LOAN-14217,23.0,Dodoma,500038.68964849034,50000,25,0,6.513977262405906,0
TZ-LOAN-14218,22.0,Mwanza,547672.1203575175,500000,21,0,4.862166309477584,0
TZ-LOAN-14219,61.0,Dar es Salaam,956588.946518001,1000000,21,0,11.624427860555906,0
TZ-LOAN-14220,46.0,Mwanza,869953.7952267673,1000000,21,0,1.5334753439354114,0
TZ-LOAN-14221,45.0,Dar es Salaam,1063442.8041492838,50000,28,0,4.310012368711841,0
TZ-LOAN-14222,28.0,Dar es Salaam,352813.0329868227,50000,30,0,0.15913795544261863,0
TZ-LOAN-14223,18.0,Mbeya,547042.5293939864,50000,34,0,11.128423299093146,0
TZ-LOAN-14224,60.0,Mwanza,877694.5086380339,1500000,33,0,2.968653996953443,0
TZ-LOAN-14225,36.0,Dodoma,784423.5023038675,500000,29,0,0.9792924244052849,0
TZ-LOAN-14226,26.0,Dar es Salaam,1109714.1147762865,500000,23,0,1.367690312492476,0
TZ-LOAN-14227,44.0,Mwanza,776161.0117712208,500000,26,1,9.427244400819006,0
TZ-LOAN-14228,51.0,Mwanza,1204432.7312316657,1000000,25,0,0.5759666278107123,0
TZ-LOAN-14229,61.0,Mbeya,812005.3405169422,100000,21,1,12.964870397708786,0
TZ-LOAN-14230,21.0,Mwanza,968650.2342765981,1000000,23,1,2.337734493736486,0
TZ-LOAN-14231,53.0,Dodoma,552945.5159646629,500000,19,0,1.4456507010623818,0
TZ-LOAN-14232,35.0,Mwanza,654286.1635651967,250000,20,0,2.0162779575299523,0
TZ-LOAN-14233,32.0,Mbeya,923283.3211518426,100000,27,0,2.6295543456098756,0
TZ-LOAN-14234,68.0,Dar es Salaam,1133893.4511779163,50000,29,1,3.971617078289778,0
TZ-LOAN-14235,30.0,Mwanza,868771.0847932259,1500000,30,0,4.419208395489516,0
TZ-LOAN-14236,36.0,Mwanza,625048.4684196141,1000000,41,0,2.9693994304147093,0
TZ-LOAN-14237,66.0,Arusha,1063200.5088585026,1500000,33,0,2.9562384076936414,0
TZ-LOAN-14238,23.0,Dodoma,-7593.596883964259,100000,24,2,1.6794605253054364,0
TZ-LOAN-14239,65.0,Dodoma,223329.6495479379,250000,26,2,2.42099765770901,1
TZ-LOAN-14240,29.0,Dodoma,854490.2671005167,100000,21,0,3.1474671700949717,0
TZ-LOAN-14241,68.0,Mwanza,654232.5068759375,1000000,25,0,4.551394490605108,0
TZ-LOAN-14242,54.0,Dodoma,831654.0953372496,500000,25,0,0.7003342485546404,0
TZ-LOAN-14243,34.0,Dodoma,669322.2567295826,50000,24,0,7.2190622019275885,0
TZ-LOAN-14244,40.0,Arusha,821283.7083811618,500000,26,1,5.706104871539223,0
TZ-LOAN-14245,43.0,Mbeya,405679.1537020428,500000,25,0,1.7745813835302546,0
TZ-LOAN-14246,46.0,Mbeya,821145.8258239073,1000000,19,0,3.074859775507738,0
TZ-LOAN-14247,50.0,Dar es Salaam,948324.3584622754,500000,21,1,14.680621437379735,0
TZ-LOAN-14248,44.0,Arusha,1016165.1811793698,500000,25,0,0.10344975317079835,0
TZ-LOAN-14249,42.0,Mwanza,1254066.28839461,1000000,25,1,8.339351528897778,0
TZ-LOAN-14250,27.0,Dar es Salaam,723229.5330507159,1000000,31,0,3.584379515443121,0
TZ-LOAN-14251,64.0,Dodoma,732173.3260541537,250000,21,0,4.822319389091565,0
TZ-LOAN-14252,40.0,Dar es Salaam,193048.2607478457,500000,27,0,5.768499021415075,1
TZ-LOAN-14253,38.0,Mbeya,490576.5796584725,100000,23,1,3.0442157276868684,0
TZ-LOAN-14254,38.0,Dar es Salaam,592075.3777980162,50000,18,0,1.065097377667727,0
TZ-LOAN-14255,60.0,Dar es Salaam,965095.8656829065,1500000,26,0,12.017033234900715,0
TZ-LOAN-14256,30.0,Arusha,466699.66277311125,50000,20,1,6.739037973694129,0
TZ-LOAN-14257,54.0,Dodoma,888902.0059246498,1000000,24,1,4.100242413255862,0
TZ-LOAN-14258,50.0,Mwanza,649513.4849109859,1500000,25,3,2.975171834716094,1
TZ-LOAN-14259,41.0,Mwanza,596849.5654655715,1000000,31,0,3.459056649587734,0
TZ-LOAN-14260,61.0,Arusha,724668.1907399769,250000,18,0,8.67325451068198,0
TZ-LOAN-14261,28.0,Arusha,532653.0883241473,500000,27,1,0.06291116099309998,0
TZ-LOAN-14262,34.0,Mwanza,521288.82557220035,1000000,21,0,10.02482511041497,0
TZ-LOAN-14263,21.0,Dar es Salaam,138564.22826296568,1000000,29,0,0.2394007507599747,1
TZ-LOAN-14264,64.0,Dodoma,,50000,29,0,4.784431813029592,0
TZ-LOAN-14265,42.0,Mwanza,506009.5561553821,500000,28,0,2.0257450839789586,0
TZ-LOAN-14266,47.0,Dar es Salaam,495205.70319527615,250000,28,0,5.669688948362605,0
TZ-LOAN-14267,26.0,Dar es Salaam,775061.9187770121,1000000,26,0,0.4471237027598023,0
TZ-LOAN-14268,38.0,Mbeya,847589.5858371529,1000000,28,0,4.062273023421396,0
TZ-LOAN-14269,37.0,Arusha,719658.3513926982,1000000,19,0,9.66319067805222,0
TZ-LOAN-14270,36.0,Mwanza,948624.5571348423,50000,31,1,3.4123999886862038,0
TZ-LOAN-14271,36.0,Mwanza,822668.5777491096,1000000,18,0,0.4405868610732172,0
TZ-LOAN-14272,29.0,Dodoma,561483.1430583074,1000000,23,0,0.19047454427050503,0
TZ-LOAN-14273,54.0,Mwanza,511143.11428568605,50000,19,3,4.8537523921077605,0
TZ-LOAN-14274,59.0,Dar es Salaam,743846.671030054,1000000,28,0,0.3603303166298197,0
TZ-LOAN-14275,34.0,Dar es Salaam,822130.1329705702,500000,23,0,0.36978769023735486,0
TZ-LOAN-14276,54.0,Dodoma,1069353.2921094494,500000,20,1,2.770749443675234,0
TZ-LOAN-14277,65.0,Dar es Salaam,1007351.9134820288,50000,13,0,1.1755007279394658,0
TZ-LOAN-14278,56.0,Dar es Salaam,487558.09804784926,500000,35,0,1.1420111077443713,0
TZ-LOAN-14279,45.0,Mwanza,619398.1159618215,1500000,25,1,3.2790278412264384,1
TZ-LOAN-14280,58.0,Arusha,851305.341475331,1500000,29,0,1.6480909877686671,0
TZ-LOAN-14281,52.0,Mwanza,970399.3334176915,1500000,29,0,1.2376070457682404,0
TZ-LOAN-14282,64.0,Mbeya,931690.8406114376,250000,25,1,3.6119993776668355,0
TZ-LOAN-14283,65.0,Dodoma,630836.650150596,1000000,23,0,1.7186789369330917,0
TZ-LOAN-14284,35.0,Dar es Salaam,273793.20427144505,250000,21,2,0.41810620626675965,0
TZ-LOAN-14285,31.0,Mwanza,350319.0871263226,500000,31,0,5.7401536128494515,0
TZ-LOAN-14286,52.0,Mwanza,731790.0542958243,50000,24,0,4.404714714010484,0
TZ-LOAN-14287,61.0,Dar es Salaam,752667.6738273037,1500000,24,0,1.192029269221362,0
TZ-LOAN-14288,58.0,Dodoma,320396.18796968454,50000,23,0,4.36431746313926,0
TZ-LOAN-14289,24.0,Mwanza,663370.8832667815,250000,33,0,15.571414878469984,0
TZ-LOAN-14290,58.0,Arusha,839367.307091535,500000,32,0,15.67250687728199,0
TZ-LOAN-14291,150.0,Dar es Salaam,304632.0027478568,1000000,21,3,3.7958196788649845,1
TZ-LOAN-14292,35.0,Dodoma,981499.1605413244,500000,22,1,0.5158685203315643,0
TZ-LOAN-14293,54.0,Mbeya,536740.6554320524,1500000,31,0,3.0641582001426064,1
TZ-LOAN-14294,30.0,Dar es Salaam,1027283.9337729954,500000,38,0,0.13677059751361387,0
TZ-LOAN-14295,53.0,Mbeya,489964.26626722986,50000,19,0,2.682437796444793,0
TZ-LOAN-14296,48.0,Dar es Salaam,342012.3551347463,100000,21,1,12.00754489894651,0
TZ-LOAN-14297,19.0,Mwanza,512558.9030474841,1500000,25,0,3.150333209505593,1
TZ-LOAN-14298,33.0,Dodoma,621455.5630768039,1000000,22,1,3.997956756235037,0
TZ-LOAN-14299,26.0,Arusha,533456.0279685557,1500000,33,2,0.8600930892339126,1
TZ-LOAN-14300,26.0,Mbeya,,1500000,21,0,0.07887208359061364,1
TZ-LOAN-14301,55.0,Mbeya,750189.5449028572,1000000,19,0,25.091313115965477,0
TZ-LOAN-14302,28.0,Dar es Salaam,598646.1890610802,1500000,22,0,2.0643921650917934,1
TZ-LOAN-14303,39.0,Mbeya,630166.2818143979,50000,24,1,1.638008360815849,0
TZ-LOAN-14304,50.0,Dar es Salaam,137232.08023922122,500000,32,0,4.234775549942651,1
TZ-LOAN-14305,53.0,Dar es Salaam,767509.4048031418,50000,28,1,6.838708318837585,0
TZ-LOAN-14306,62.0,Mbeya,623239.0106924996,500000,25,1,1.4478045017002075,0
TZ-LOAN-14307,40.0,Mbeya,1133087.8941448613,100000,28,0,3.712988237236248,0
TZ-LOAN-14308,62.0,Mwanza,368130.4498238125,1500000,27,0,2.0220954683751287,1
TZ-LOAN-14309,62.0,Mwanza,107511.40145014564,100000,30,0,3.2789246941979915,0
TZ-LOAN-14310,51.0,Mwanza,835420.5481790126,250000,23,0,0.8795701273305205,0
TZ-LOAN-14311,26.0,Dodoma,753958.1054939001,500000,26,0,3.5679565226075782,0
TZ-LOAN-14312,41.0,Arusha,347470.0938406563,50000,26,0,0.24252278914334108,0
TZ-LOAN-14313,25.0,Mwanza,191075.31349877256,50000,26,1,9.162823999879471,0
TZ-LOAN-14314,24.0,Mwanza,1111219.019205287,1500000,24,2,4.939734572861018,1
TZ-LOAN-14315,53.0,Dar es Salaam,1074233.1171820345,50000,21,0,14.192824814367421,0
TZ-LOAN-14316,35.0,Arusha,-96237.02761183877,250000,25,0,4.578103712403767,0
TZ-LOAN-14317,20.0,Mbeya,512533.0912230497,1000000,29,0,1.005479999765772,0
TZ-LOAN-14318,45.0,Dodoma,1149257.6164351697,50000,21,1,3.308734449421602,0
TZ-LOAN-14319,23.0,Mbeya,507181.23266663996,1500000,20,0,5.463579932729451,1
TZ-LOAN-14320,61.0,Dar es Salaam,502816.3297920042,100000,23,0,2.3438087356255077,0
TZ-LOAN-14321,61.0,Dodoma,565172.2017111895,50000,19,0,4.022066392166244,0
TZ-LOAN-14322,38.0,Mwanza,313730.9078695522,50000,22,0,0.8877956426364912,0
TZ-LOAN-14323,45.0,Arusha,138567.27673158672,50000,23,2,7.505702133914211,0
TZ-LOAN-14324,57.0,Arusha,965764.1932204247,1500000,22,0,12.013683157913515,0
TZ-LOAN-14325,18.0,Mwanza,97118.9281256973,1000000,26,3,1.8907813959249626,1
TZ-LOAN-14326,53.0,Mbeya,724181.4356326268,50000,30,0,7.883193393088864,0
TZ-LOAN-14327,38.0,Mbeya,915973.8478272948,1000000,19,0,0.4822545482028581,0
TZ-LOAN-14328,60.0,Mwanza,214632.1103296525,1000000,24,1,1.4164884248437513,1
TZ-LOAN-14329,52.0,Mwanza,372719.4792214785,250000,27,1,3.098276179075445,0
TZ-LOAN-14330,30.0,Arusha,1013953.756517477,100000,16,0,2.4421181968852372,0
TZ-LOAN-14331,66.0,Mbeya,809867.516068112,50000,28,0,4.832998684335187,0
TZ-LOAN-14332,27.0,Dodoma,464814.28793633386,50000,22,0,4.1389387518096425,0
TZ-LOAN-14333,61.0,Dodoma,1010674.7010083513,50000,24,1,0.45658672666996103,0
TZ-LOAN-14334,64.0,Dar es Salaam,1011960.7170362908,1000000,17,1,0.7060577966617967,0
TZ-LOAN-14335,27.0,Dar es Salaam,,500000,28,0,0.26548316218153467,0
TZ-LOAN-14336,63.0,Dar es Salaam,379951.9316379011,100000,33,0,15.246373757528687,0
TZ-LOAN-14337,30.0,Mbeya,525965.3889584613,1500000,22,0,5.1830383137305125,1
TZ-LOAN-14338,54.0,Dodoma,735916.0231866171,50000,23,0,9.675299966983717,0
TZ-LOAN-14339,55.0,Mbeya,593421.5512557535,500000,20,0,3.8964007074626803,0
TZ-LOAN-14340,41.0,Mwanza,931687.1534704554,500000,26,3,1.07735398212607,1
TZ-LOAN-14341,19.0,Arusha,191067.77596719912,500000,24,1,4.925537019594434,1
TZ-LOAN-14342,39.0,Dar es Salaam,201720.94128012838,100000,24,0,3.5194122909479173,0
TZ-LOAN-14343,34.0,Mwanza,704261.3334447297,500000,37,0,2.622867939297127,0
TZ-LOAN-14344,53.0,Mwanza,502536.67585792864,1500000,30,0,2.3245254943071743,1
TZ-LOAN-14345,31.0,Arusha,461885.41559067776,50000,24,0,5.250203877491902,0
TZ-LOAN-14346,27.0,Dodoma,119582.98424768087,1500000,25,1,4.808554599540504,1
TZ-LOAN-14347,52.0,Dodoma,655863.7534394545,50000,21,0,0.8218146610069637,0
TZ-LOAN-14348,42.0,Mwanza,634173.4675997703,250000,25,0,8.470135322388334,0
TZ-LOAN-14349,20.0,Arusha,846043.6945855222,1000000,32,0,5.054260578922312,0
TZ-LOAN-14350,64.0,Dodoma,,500000,19,0,3.837290120070837,0
TZ-LOAN-14351,55.0,Dar es Salaam,610218.776527851,1500000,30,0,6.909868946765695,1
TZ-LOAN-14352,34.0,Mbeya,1003100.1910371012,1000000,25,1,0.8342081577085669,0
TZ-LOAN-14353,29.0,Arusha,256259.80896543502,1000000,20,1,12.61093498094638,1
TZ-LOAN-14354,69.0,Mwanza,810916.7656542729,1000000,22,0,1.5775772922221711,0
TZ-LOAN-14355,41.0,Mbeya,148655.85056139535,1000000,21,0,1.5241911604892753,1
TZ-LOAN-14356,46.0,Dodoma,398491.4359997577,1000000,32,0,8.434364214996796,1
TZ-LOAN-14357,60.0,Dodoma,286202.86021300586,50000,29,0,2.032262015286449,0
TZ-LOAN-14358,42.0,Arusha,,100000,25,0,8.88065775714724,0
TZ-LOAN-14359,53.0,Mbeya,630376.9299213818,500000,30,1,1.9875581668116182,0
TZ-LOAN-14360,43.0,Dodoma,645949.026622107,500000,29,0,4.000188596964774,0
TZ-LOAN-14361,55.0,Arusha,317980.10368116474,50000,22,0,1.3123134746742662,0
TZ-LOAN-14362,18.0,Mbeya,560091.9512201332,1500000,26,1,6.57490118022417,1
TZ-LOAN-14363,37.0,Mwanza,420960.4090072665,50000,31,1,0.9132546780518089,0
TZ-LOAN-14364,45.0,Mwanza,765036.5044562648,1000000,15,0,11.484580266811456,0
TZ-LOAN-14365,33.0,Dodoma,352672.6594005159,100000,23,0,2.3232804078855334,0
TZ-LOAN-14366,64.0,Arusha,1048938.3095615227,500000,21,0,3.1892670693065135,0
TZ-LOAN-14367,34.0,Dar es Salaam,,1500000,22,1,0.12157562515228691,1
TZ-LOAN-14368,57.0,Dodoma,408044.0502630316,250000,25,0,18.604940535970755,0
TZ-LOAN-14369,45.0,Dar es Salaam,1153160.152989829,50000,23,0,8.387923203800993,0
TZ-LOAN-14370,29.0,Mbeya,519458.3756113897,250000,33,0,2.9620669238243122,0
TZ-LOAN-14371,44.0,Arusha,255536.40067867644,500000,25,0,12.645003651075797,0
TZ-LOAN-14372,59.0,Dodoma,-150000.0,50000,27,0,13.37256717690911,0
TZ-LOAN-14373,64.0,Mwanza,507382.3273356373,500000,25,1,,0
TZ-LOAN-14374,47.0,Mbeya,399238.9233145083,50000,28,0,1.3318916950562167,0
TZ-LOAN-14375,58.0,Mbeya,321238.7567603848,1500000,18,0,3.33847267110744,1
TZ-LOAN-14376,51.0,Mbeya,1480512.081687783,500000,26,0,1.963721363747899,0
TZ-LOAN-14377,54.0,Dar es Salaam,574534.4299447591,250000,23,1,2.9709059932141946,0
TZ-LOAN-14378,23.0,Dar es Salaam,72329.79190013686,100000,25,0,12.117667397287395,0
TZ-LOAN-14379,24.0,Mbeya,1098112.9277016602,1500000,23,0,1.6552767737666374,0
TZ-LOAN-14380,49.0,Dodoma,833321.2715331712,1500000,32,0,9.130723455366358,0
TZ-LOAN-14381,49.0,Dar es Salaam,420060.0706940637,50000,28,1,13.690051854180565,0
TZ-LOAN-14382,42.0,Arusha,370064.27339415747,250000,26,0,8.175132312125301,0
TZ-LOAN-14383,50.0,Mwanza,852041.8388474692,500000,23,0,3.745978221053929,0
TZ-LOAN-14384,24.0,Dodoma,,250000,33,0,4.150305002828552,0
TZ-LOAN-14385,69.0,Arusha,72206.65446646966,1500000,26,0,8.563863398752398,1
TZ-LOAN-14386,29.0,Dar es Salaam,1186171.9893814004,50000,20,0,0.22760683330627013,0
TZ-LOAN-14387,33.0,Mwanza,-150000.0,250000,27,0,6.657705122890103,0
TZ-LOAN-14388,33.0,Mbeya,1098671.520944728,500000,21,1,3.7630794154515272,0
TZ-LOAN-14389,60.0,Mwanza,1033530.4873897145,1000000,24,0,,0
TZ-LOAN-14390,53.0,Mbeya,349697.13665515574,1500000,30,2,7.282032451199364,1
TZ-LOAN-14391,30.0,Arusha,,100000,20,0,1.547915647854092,0
TZ-LOAN-14392,24.0,Arusha,454567.23504089564,100000,26,0,11.2944550646137,0
TZ-LOAN-14393,150.0,Dodoma,89989.8239588174,1500000,21,2,,1
TZ-LOAN-14394,64.0,Arusha,522620.5501933573,1000000,22,0,4.710037836210063,0
TZ-LOAN-14395,68.0,Dar es Salaam,769291.2505328837,50000,24,1,3.7024550449746654,0
TZ-LOAN-14396,26.0,Dar es Salaam,511179.00560109864,250000,28,2,1.196095736908871,0
TZ-LOAN-14397,49.0,Mwanza,557885.4977224695,250000,26,3,4.797882956645389,1
TZ-LOAN-14398,28.0,Mbeya,993069.8134785839,1000000,23,0,6.453357157542917,0
TZ-LOAN-14399,25.0,Mwanza,681948.1940870276,1000000,18,0,0.05879289896248494,0
TZ-LOAN-14400,50.0,Dodoma,397010.5066145143,500000,25,0,2.2818382968645694,0
TZ-LOAN-14401,40.0,Dodoma,860609.0971001979,500000,22,1,8.932788030671036,0
TZ-LOAN-14402,42.0,Dar es Salaam,709302.6700862736,100000,26,0,5.001226565913272,0
TZ-LOAN-14403,25.0,Dodoma,-106481.44043861283,50000,20,0,4.776073144917896,0
TZ-LOAN-14404,62.0,Dar es Salaam,778505.8741314346,50000,39,1,1.2978233881487706,0
TZ-LOAN-14405,39.0,Mbeya,,1000000,23,0,4.999567467328495,0
TZ-LOAN-14406,21.0,Mwanza,656036.338874258,100000,20,0,7.712403794974216,0
TZ-LOAN-14407,57.0,Dodoma,917510.1743208725,100000,27,0,2.568786124082216,0
TZ-LOAN-14408,20.0,Mbeya,448281.92470204935,500000,19,0,1.0050279792159618,0
TZ-LOAN-14409,46.0,Dodoma,750949.9366462702,250000,23,0,0.4021161327407918,0
TZ-LOAN-14410,58.0,Arusha,-150000.0,50000,19,0,3.5230194583009116,0
TZ-LOAN-14411,46.0,Dodoma,772127.1150196495,100000,30,0,5.7578283772862315,0
TZ-LOAN-14412,51.0,Mbeya,1235917.908661969,500000,25,1,0.8875015540821121,0
TZ-LOAN-14413,51.0,Dodoma,351543.09425973764,500000,21,2,2.7360964335775098,1
TZ-LOAN-14414,45.0,Arusha,422059.36040366744,500000,25,2,4.204098551612447,1
TZ-LOAN-14415,30.0,Dodoma,436995.36713253433,250000,21,0,0.8471752713167048,0
TZ-LOAN-14416,32.0,Mbeya,688999.4677404786,100000,23,1,1.5728000351796754,0
TZ-LOAN-14417,40.0,Dar es Salaam,331089.1181438846,1000000,18,0,4.68774275984809,1
TZ-LOAN-14418,61.0,Mbeya,776374.213607294,1000000,28,1,6.4553562094995804,0
TZ-LOAN-14419,43.0,Dar es Salaam,904051.9836407496,500000,19,1,5.052916457848587,0
TZ-LOAN-14420,21.0,Dar es Salaam,810304.1640361353,500000,20,3,6.2524265378088835,1
TZ-LOAN-14421,43.0,Mwanza,119475.37230857823,250000,27,0,4.355445456600932,0
TZ-LOAN-14422,57.0,Mbeya,948550.2995475818,500000,29,1,9.034352683952841,0
TZ-LOAN-14423,26.0,Mwanza,931210.224276104,1500000,24,0,8.764693339898525,0
TZ-LOAN-14424,22.0,Dar es Salaam,899048.4117038914,100000,20,0,7.954247115762495,0
TZ-LOAN-14425,49.0,Dodoma,761852.6745967475,500000,27,0,4.283723129373552,0
TZ-LOAN-14426,37.0,Dar es Salaam,716056.7942615398,500000,28,0,25.689675237256864,0
TZ-LOAN-14427,67.0,Mbeya,959716.819437919,100000,22,2,0.19948718225095285,0
TZ-LOAN-14428,28.0,Mbeya,1227054.0462810365,50000,24,1,1.0886231753931828,0
TZ-LOAN-14429,32.0,Mbeya,,1500000,18,0,8.274198061346071,1
TZ-LOAN-14430,49.0,Mbeya,973437.6187384315,1500000,27,0,8.751912688509025,0
TZ-LOAN-14431,45.0,Dodoma,624134.8705977642,1000000,26,0,8.53946775418219,0
TZ-LOAN-14432,39.0,Mwanza,611098.0843914198,500000,19,1,10.306591267812335,0
TZ-LOAN-14433,58.0,Arusha,189040.79288538848,100000,20,0,2.746168781754995,0
TZ-LOAN-14434,34.0,Mwanza,564563.1771453815,1000000,30,0,13.429011794831665,0
TZ-LOAN-14435,43.0,Dar es Salaam,350820.51260947535,250000,18,1,1.1733642848845856,0
TZ-LOAN-14436,61.0,Mbeya,510843.6711482163,50000,26,0,13.81901626233361,0
TZ-LOAN-14437,24.0,Mbeya,320544.08486655506,500000,25,0,4.067300413941801,0
TZ-LOAN-14438,59.0,Arusha,515327.4838060981,50000,25,0,0.8949400292057348,0
TZ-LOAN-14439,43.0,Mwanza,528166.8928929791,500000,29,0,6.66049145163389,0
TZ-LOAN-14440,42.0,Dar es Salaam,679026.4755316401,500000,25,0,1.7540271968920653,0
TZ-LOAN-14441,27.0,Mbeya,165575.04131260072,500000,25,0,1.245240882437732,1
TZ-LOAN-14442,62.0,Arusha,216344.555676403,50000,24,0,0.9441651707785571,0
TZ-LOAN-14443,36.0,Arusha,758574.281219158,1500000,20,0,0.14923158513587187,0
TZ-LOAN-14444,28.0,Dar es Salaam,410768.5648789703,250000,28,0,7.2334928222476265,0
TZ-LOAN-14445,30.0,Arusha,972358.9370689793,1500000,25,0,3.3325678535595578,0
TZ-LOAN-14446,25.0,Arusha,717580.916604514,100000,21,0,19.2527929679781,0
TZ-LOAN-14447,57.0,Mwanza,832028.6450619223,100000,23,0,2.8925928712278854,0
TZ-LOAN-14448,21.0,Mbeya,1073207.6961262685,1500000,23,0,9.268723816300053,0
TZ-LOAN-14449,64.0,Mwanza,557086.7564580282,250000,38,0,17.22490519962372,0
TZ-LOAN-14450,48.0,Arusha,477653.9883751173,250000,24,1,0.1135909221107104,0
TZ-LOAN-14451,45.0,Dodoma,911510.775679644,500000,26,0,0.5564396330006206,0
TZ-LOAN-14452,28.0,Dar es Salaam,802854.0691789058,500000,26,0,2.137508984142082,0
TZ-LOAN-14453,60.0,Arusha,593800.9070536097,100000,20,0,10.205574901278386,0
TZ-LOAN-14454,18.0,Arusha,,500000,18,0,9.099265531739302,0
TZ-LOAN-14455,66.0,Mwanza,586326.7070480208,500000,24,0,2.2843317054350205,0
TZ-LOAN-14456,64.0,Dar es Salaam,659832.0912667344,250000,31,0,1.115117984677052,0
TZ-LOAN-14457,69.0,Mbeya,656366.7952502775,50000,26,0,8.105550890684155,0
TZ-LOAN-14458,55.0,Dar es Salaam,369621.83153045864,1500000,21,0,,1
TZ-LOAN-14459,41.0,Arusha,673275.6168459173,1000000,27,0,0.16055268254057745,0
TZ-LOAN-14460,64.0,Mwanza,,1000000,29,0,8.153714623098395,0
TZ-LOAN-14461,48.0,Dodoma,783490.4946128528,500000,20,0,15.72822746248466,0
TZ-LOAN-14462,150.0,Arusha,659319.0279196794,500000,25,0,0.21499155306914833,0
TZ-LOAN-14463,63.0,Dar es Salaam,601469.8156502993,1500000,24,1,,1
TZ-LOAN-14464,67.0,Dar es Salaam,749260.1085219054,1000000,20,0,8.55915240204419,0
TZ-LOAN-14465,43.0,Dodoma,874929.9885467555,250000,21,3,4.393164883652297,1
TZ-LOAN-14466,66.0,Dar es Salaam,832771.6492669259,1000000,21,2,22.71390016430392,1
TZ-LOAN-14467,67.0,Dar es Salaam,550440.5414534062,1000000,22,0,12.355196477815916,0
TZ-LOAN-14468,22.0,Mwanza,747434.4782330344,1000000,31,0,0.9817264341562333,0
TZ-LOAN-14469,37.0,Dar es Salaam,793981.9223444836,500000,22,2,5.604723013610511,0
TZ-LOAN-14470,69.0,Mbeya,347841.5037419065,500000,23,0,5.29628936566051,0
TZ-LOAN-14471,58.0,Dodoma,700469.1623551083,1500000,34,0,0.5874875796030453,0
TZ-LOAN-14472,28.0,Arusha,1608.8341092914343,1000000,26,0,0.46891089051625096,1
TZ-LOAN-14473,50.0,Dodoma,794760.1129463555,500000,30,0,4.2133907705477265,0
TZ-LOAN-14474,67.0,Arusha,848102.9163688045,1500000,27,0,2.5789657926751,0
TZ-LOAN-14475,55.0,Mwanza,874263.8377359378,1000000,25,2,3.942191870024504,1
TZ-LOAN-14476,44.0,Dar es Salaam,531485.9443491298,250000,21,0,1.3644826295267283,0
TZ-LOAN-14477,51.0,Arusha,742714.0505072104,500000,32,2,4.067125775652494,0
TZ-LOAN-14478,32.0,Arusha,1077186.15366235,50000,26,0,2.417635720197665,0
TZ-LOAN-14479,49.0,Mwanza,1074130.8944873777,1500000,24,0,10.925678031182265,0
TZ-LOAN-14480,38.0,Dodoma,641248.1902320319,500000,30,0,1.8270410021291417,0
TZ-LOAN-14481,63.0,Dodoma,691795.889218868,250000,26,0,10.233305851000152,0
TZ-LOAN-14482,22.0,Dodoma,983273.34342033,250000,21,1,2.47141900908482,0
TZ-LOAN-14483,23.0,Dar es Salaam,,500000,22,0,4.315715716152354,1
TZ-LOAN-14484,55.0,Mwanza,553077.2771968927,100000,25,0,1.6870026181998152,0
TZ-LOAN-14485,39.0,Arusha,1050671.1366610269,1500000,20,3,,1
TZ-LOAN-14486,35.0,Dodoma,942560.1625054298,1000000,22,0,9.278180775447357,0
TZ-LOAN-14487,31.0,Dodoma,760779.1332949714,1000000,35,0,8.278728203950239,0
TZ-LOAN-14488,27.0,Dodoma,198250.27840081387,250000,20,0,5.105985537893055,0
TZ-LOAN-14489,63.0,Mbeya,635026.9300876514,500000,31,0,1.8176641515231502,0
TZ-LOAN-14490,30.0,Dar es Salaam,473025.3811250201,100000,38,0,5.059718974091439,0
TZ-LOAN-14491,48.0,Dodoma,749311.670845164,1500000,21,0,16.03370838863418,1
TZ-LOAN-14492,47.0,Mbeya,407195.9945615359,50000,18,0,5.226097290651776,0
TZ-LOAN-14493,20.0,Mwanza,342282.9815076178,1000000,30,0,15.662688817826618,1
TZ-LOAN-14494,47.0,Arusha,30540.41669490747,1500000,25,0,1.8161997521528137,1
TZ-LOAN-14495,23.0,Dodoma,1016541.4054930104,1500000,15,0,9.354048144908393,0
TZ-LOAN-14496,46.0,Dar es Salaam,530068.8465670828,100000,25,0,6.337554395018497,0
TZ-LOAN-14497,25.0,Dodoma,697143.7351107603,1500000,25,0,8.551932171695496,0
TZ-LOAN-14498,61.0,Dar es Salaam,649328.5650577457,1000000,18,0,6.202543713422939,0
TZ-LOAN-14499,62.0,Mbeya,329769.82011185016,500000,19,2,3.27312264315285,1
TZ-LOAN-14500,60.0,Dar es Salaam,272280.526565542,1000000,29,1,5.800975591304709,1
TZ-LOAN-14501,61.0,Mwanza,348405.46220082935,50000,31,0,13.447853472386145,0
TZ-LOAN-14502,50.0,Dar es Salaam,,500000,20,0,2.7024839894829054,0
TZ-LOAN-14503,34.0,Arusha,,250000,29,0,15.156309432422091,0
TZ-LOAN-14504,65.0,Mbeya,411284.70094381657,100000,25,0,0.2533095034901874,0
TZ-LOAN-14505,28.0,Dar es Salaam,1173947.1894783864,1000000,33,0,0.0713703676428421,0
TZ-LOAN-14506,30.0,Dodoma,958145.3107679454,500000,19,0,3.404145332288173,0
TZ-LOAN-14507,67.0,Mwanza,892507.8648997125,1500000,21,0,9.43627575239125,0
TZ-LOAN-14508,28.0,Arusha,614102.329258055,500000,23,0,1.4240002096741962,0
TZ-LOAN-14509,48.0,Dar es Salaam,1104284.2207161451,1000000,17,0,5.911445616472333,0
TZ-LOAN-14510,45.0,Dar es Salaam,584598.3106636629,250000,34,1,3.958266990888364,0
TZ-LOAN-14511,61.0,Arusha,640621.5757537262,1000000,24,0,1.7180540413859358,0
TZ-LOAN-14512,23.0,Arusha,700992.3619247808,250000,19,0,1.6829149698281438,0
TZ-LOAN-14513,58.0,Dar es Salaam,860546.9121630032,1500000,22,0,0.38049854514303694,0
TZ-LOAN-14514,33.0,Dodoma,841072.4237008956,1000000,24,0,3.8416604489633954,0
TZ-LOAN-14515,21.0,Dodoma,507462.416466619,500000,21,0,2.9904661982013097,0
TZ-LOAN-14516,52.0,Dodoma,490101.88417221385,50000,36,0,1.708389943418704,0
TZ-LOAN-14517,65.0,Dar es Salaam,841970.8871456253,50000,31,0,17.60537351897368,0
TZ-LOAN-14518,43.0,Mbeya,864570.9751673698,1500000,36,0,8.531802556258032,0
TZ-LOAN-14519,29.0,Dar es Salaam,531994.6625531381,500000,24,0,3.7216849520633133,0
TZ-LOAN-14520,28.0,Mbeya,173843.5790964638,50000,24,0,3.6876300512882816,0
TZ-LOAN-14521,54.0,Dodoma,587805.1711975266,1500000,39,0,1.0759493597793037,0
TZ-LOAN-14522,42.0,Dar es Salaam,837057.7396477576,250000,27,3,5.236658101006796,1
TZ-LOAN-14523,35.0,Dodoma,1191625.0539259342,500000,30,0,15.35610526452188,0
TZ-LOAN-14524,36.0,Dar es Salaam,290612.6112978014,250000,20,0,11.42812421108641,0
TZ-LOAN-14525,40.0,Dodoma,522028.62415082793,500000,29,1,0.4429050078761673,0
TZ-LOAN-14526,55.0,Arusha,533178.931542387,250000,29,0,0.27279410550347344,0
TZ-LOAN-14527,35.0,Dar es Salaam,1056741.6018294503,250000,26,0,16.2524834345978,0
TZ-LOAN-14528,43.0,Mbeya,639517.5498624102,50000,18,0,1.1151293245951706,0
TZ-LOAN-14529,23.0,Dodoma,377802.0321883203,500000,28,2,3.997141570073536,1
TZ-LOAN-14530,21.0,Mwanza,817608.5848765457,1000000,27,0,0.38823933682820266,0
TZ-LOAN-14531,61.0,Mbeya,528608.4439877161,50000,28,0,9.267032711001992,0
TZ-LOAN-14532,68.0,Mwanza,282683.8179926137,250000,21,0,0.6270480989586885,0
TZ-LOAN-14533,46.0,Dodoma,382168.0078171548,250000,26,0,5.160713062203738,0
TZ-LOAN-14534,51.0,Dar es Salaam,1170212.5863267859,1000000,24,0,,0
TZ-LOAN-14535,34.0,Dar es Salaam,765262.7664948386,1000000,22,0,0.8519958177458724,0
TZ-LOAN-14536,60.0,Dar es Salaam,682328.0166357629,250000,29,3,3.5886450422799214,1
TZ-LOAN-14537,60.0,Mwanza,575031.8792563862,1000000,17,1,0.23380872082997164,1
TZ-LOAN-14538,33.0,Dodoma,737644.6526356396,100000,32,1,1.0883725051156257,0
TZ-LOAN-14539,19.0,Arusha,734070.7838007483,50000,25,0,0.7319097753825119,0
TZ-LOAN-14540,51.0,Dar es Salaam,737650.6484621979,500000,32,0,0.2071058219568245,0
TZ-LOAN-14541,25.0,Dodoma,684453.5270833259,1000000,31,0,17.70174041674603,0
TZ-LOAN-14542,30.0,Arusha,,1000000,29,0,2.990696900635552,0
TZ-LOAN-14543,59.0,Arusha,656931.3038002193,100000,20,0,9.79270173683547,0
TZ-LOAN-14544,25.0,Dodoma,356618.3493342084,500000,20,1,2.217570062667054,0
TZ-LOAN-14545,47.0,Dar es Salaam,466273.13272973953,100000,25,1,0.21762807110900068,0
TZ-LOAN-14546,49.0,Dar es Salaam,56294.391953086364,500000,25,0,5.947946574439946,1
TZ-LOAN-14547,53.0,Mbeya,1258045.1348127178,50000,21,1,0.19762559178449485,0
TZ-LOAN-14548,64.0,Dodoma,908826.377585806,1000000,22,0,4.023548017306746,0
TZ-LOAN-14549,47.0,Arusha,400978.8514612289,50000,26,0,0.7489544216045797,0
TZ-LOAN-14550,18.0,Mwanza,565446.54518087,500000,21,0,5.555706853002893,0
TZ-LOAN-14551,60.0,Mwanza,458937.05773807,1000000,29,1,11.160815000632457,1
TZ-LOAN-14552,56.0,Dar es Salaam,,100000,21,0,15.591059745272222,0
TZ-LOAN-14553,34.0,Mbeya,224036.85071872134,250000,31,0,3.7515128686745003,0
TZ-LOAN-14554,37.0,Mwanza,684342.8176456338,100000,19,0,3.8039589656262813,0
TZ-LOAN-14555,41.0,Dar es Salaam,617441.6472305456,250000,21,2,0.19515469930232857,0
TZ-LOAN-14556,67.0,Mbeya,898051.5892127343,100000,29,1,7.345688028904184,0
TZ-LOAN-14557,39.0,Mwanza,618797.2316825915,500000,24,0,15.641568077096114,0
TZ-LOAN-14558,46.0,Arusha,122537.33700336947,50000,22,0,2.8833505315720758,0
TZ-LOAN-14559,39.0,Mwanza,574664.6496072677,250000,28,0,7.8919277545912365,0
TZ-LOAN-14560,61.0,Mwanza,358351.3346170025,500000,21,0,7.98400276283432,0
TZ-LOAN-14561,26.0,Mwanza,673873.8639669681,50000,26,0,7.701911872730554,0
TZ-LOAN-14562,54.0,Mwanza,1080253.110956098,50000,22,0,7.108177150268617,0
TZ-LOAN-14563,27.0,Dar es Salaam,128172.42673031654,1000000,20,0,1.2109740011233865,1
TZ-LOAN-14564,53.0,Dodoma,409933.17938002886,1000000,29,1,6.960050728956543,1
TZ-LOAN-14565,54.0,Arusha,484192.1138649509,1000000,21,1,0.7797345170223418,1
TZ-LOAN-14566,45.0,Dodoma,535510.6713760366,250000,16,0,6.232714901386194,0
TZ-LOAN-14567,45.0,Dar es Salaam,872037.6992315733,250000,21,0,0.01772532071339369,0
TZ-LOAN-14568,59.0,Mwanza,597936.6747315838,50000,30,0,12.555742155931465,0
TZ-LOAN-14569,60.0,Mbeya,774740.8177161335,250000,26,0,8.783568404218943,0
TZ-LOAN-14570,38.0,Mbeya,462268.08688046713,50000,24,0,5.743691229542071,0
TZ-LOAN-14571,41.0,Dodoma,718977.3036253813,500000,20,1,,0
TZ-LOAN-14572,59.0,Mbeya,883339.2892633145,100000,29,0,8.714519437686736,0
TZ-LOAN-14573,57.0,Dodoma,430310.1350788735,50000,24,0,10.404165122478426,0
TZ-LOAN-14574,19.0,Arusha,884407.4359419544,50000,22,0,5.823565003329076,0
TZ-LOAN-14575,25.0,Mbeya,665711.8306182706,500000,27,2,18.62494495420656,1
TZ-LOAN-14576,65.0,Mwanza,963638.0721446758,1000000,28,0,0.48739918556218625,0
TZ-LOAN-14577,44.0,Dar es Salaam,589574.0299769079,1500000,27,0,,1
TZ-LOAN-14578,39.0,Arusha,764373.3965486296,1000000,21,0,3.7200558318935317,0
TZ-LOAN-14579,54.0,Mbeya,637818.130496441,1000000,24,0,0.786814920177557,0
TZ-LOAN-14580,44.0,Mbeya,621136.3213878263,50000,25,3,5.37078066567206,0
TZ-LOAN-14581,46.0,Dodoma,727679.128467707,50000,30,0,8.035409079223081,0
TZ-LOAN-14582,150.0,Arusha,811042.2407674711,250000,16,0,0.9001104598011151,0
TZ-LOAN-14583,61.0,Dar es Salaam,275130.52642279846,250000,23,0,7.887049411673155,0
TZ-LOAN-14584,30.0,Dar es Salaam,1080090.0826453634,100000,28,0,0.48790219916110245,0
TZ-LOAN-14585,62.0,Dodoma,92101.08783506043,100000,20,1,4.475094341787361,0
TZ-LOAN-14586,27.0,Dodoma,444556.3670783312,1500000,18,1,8.009087841690398,1
TZ-LOAN-14587,53.0,Dodoma,621719.2787705298,250000,22,0,0.78886770485469,0
TZ-LOAN-14588,26.0,Mbeya,773706.7907257844,50000,21,0,4.237545518490445,0
TZ-LOAN-14589,44.0,Arusha,1122851.7583224135,500000,19,0,2.7658672937762097,0
TZ-LOAN-14590,51.0,Dar es Salaam,92512.5535324678,250000,21,2,4.673233217381712,1
TZ-LOAN-14591,68.0,Mwanza,497691.76148308686,50000,24,0,2.7601629446150557,0
TZ-LOAN-14592,18.0,Dar es Salaam,11949.953660220373,250000,20,0,1.4444931869819253,1
TZ-LOAN-14593,49.0,Arusha,659486.5921730744,1000000,32,0,1.4638811217042331,0
TZ-LOAN-14594,42.0,Dodoma,731505.0753500091,250000,17,0,10.00131063073621,0
TZ-LOAN-14595,46.0,Mbeya,1127238.722651376,1500000,36,1,0.850706103653337,0
TZ-LOAN-14596,24.0,Dar es Salaam,686190.4282680362,1000000,23,0,0.6568928507009404,0
TZ-LOAN-14597,66.0,Mwanza,963207.5388327138,50000,28,0,0.510601873528702,0
TZ-LOAN-14598,20.0,Mbeya,825151.1244617177,1000000,29,2,0.3852409629438803,0
TZ-LOAN-14599,37.0,Dar es Salaam,519425.5408984495,250000,21,0,0.0729911330415429,0
TZ-LOAN-14600,37.0,Arusha,227311.7759623882,1000000,18,0,0.8741832097344616,1
TZ-LOAN-14601,47.0,Dar es Salaam,732500.6894875432,1500000,27,0,1.0704695834405105,0
TZ-LOAN-14602,52.0,Mwanza,202369.39485639083,500000,16,0,1.571664083107379,1
TZ-LOAN-14603,52.0,Mbeya,1038562.1218008932,1000000,24,0,0.6621712885578612,0
TZ-LOAN-14604,66.0,Dar es Salaam,601381.3693889529,1500000,25,0,0.4944400596579852,0
TZ-LOAN-14605,56.0,Mwanza,1008553.2234534249,1000000,19,0,3.898721133711171,0
TZ-LOAN-14606,44.0,Dar es Salaam,505935.6697602802,100000,21,0,6.341426847676789,0
TZ-LOAN-14607,43.0,Dar es Salaam,730655.2359202976,500000,26,0,4.973791430606295,0
TZ-LOAN-14608,31.0,Dodoma,712804.6572004067,50000,24,0,4.067614522462322,0
TZ-LOAN-14609,34.0,Mwanza,636486.7645967228,1500000,17,0,2.9041286916259113,1
TZ-LOAN-14610,35.0,Dar es Salaam,520202.1459810224,1000000,25,0,5.025339900564348,0
TZ-LOAN-14611,62.0,Mbeya,767736.8055411561,500000,26,0,11.607146206018319,0
TZ-LOAN-14612,69.0,Arusha,372151.0209550375,50000,17,1,4.936496312018563,0
TZ-LOAN-14613,46.0,Dodoma,287169.40131228237,500000,29,0,0.3139593410931923,0
TZ-LOAN-14614,37.0,Dodoma,1022848.0679980483,1500000,28,0,4.224723519818098,0
TZ-LOAN-14615,44.0,Dodoma,868150.3966676302,100000,24,0,3.7139403422130584,0
TZ-LOAN-14616,35.0,Arusha,669767.482580672,1500000,23,0,3.007612077039244,0
TZ-LOAN-14617,21.0,Mwanza,1149542.7147631345,1500000,13,1,4.205861914152188,0
TZ-LOAN-14618,18.0,Mbeya,569670.3443825466,50000,28,0,5.583132821018028,0
TZ-LOAN-14619,67.0,Arusha,1046810.9659966938,50000,16,0,0.18985994977208537,0
TZ-LOAN-14620,18.0,Mbeya,702672.2254777466,1000000,34,0,3.2715643832703316,0
TZ-LOAN-14621,43.0,Mbeya,342574.77497708297,250000,24,1,8.497579928390877,0
TZ-LOAN-14622,62.0,Dodoma,1204412.0575312548,1500000,27,0,3.783387883014794,0
TZ-LOAN-14623,37.0,Dar es Salaam,947213.2539872255,50000,19,0,0.3513494479113924,0
TZ-LOAN-14624,69.0,Mbeya,613693.6906971307,1500000,38,2,7.459829983543531,1
TZ-LOAN-14625,40.0,Mbeya,868151.3778601848,1500000,34,0,14.179266507059925,0
TZ-LOAN-14626,27.0,Mbeya,528888.9698006279,50000,33,1,9.547446113997074,0
TZ-LOAN-14627,28.0,Mbeya,898744.7105178626,100000,30,0,2.2515446432913593,0
TZ-LOAN-14628,58.0,Dodoma,-67323.56958518783,100000,22,0,3.8266955180022517,0
TZ-LOAN-14629,58.0,Mbeya,344059.5998916219,1500000,23,0,4.474018164160374,1
TZ-LOAN-14630,22.0,Dar es Salaam,943777.9232860889,100000,20,0,6.29036044559269,0
TZ-LOAN-14631,18.0,Mwanza,575103.3385343242,1500000,27,0,5.484101352064514,1
TZ-LOAN-14632,34.0,Mwanza,,1000000,23,0,1.1099177878875068,0
TZ-LOAN-14633,39.0,Mbeya,245964.30136536964,50000,24,0,9.258770121625641,0
TZ-LOAN-14634,51.0,Dodoma,1204360.098710631,1500000,31,0,9.458420372202061,0
TZ-LOAN-14635,62.0,Dar es Salaam,1007158.893115303,100000,23,0,2.5905233726198014,0
TZ-LOAN-14636,58.0,Dar es Salaam,589794.434487401,100000,29,0,0.7015699941048379,0
TZ-LOAN-14637,46.0,Mbeya,528591.2429410021,500000,18,0,4.689701333069804,0
TZ-LOAN-14638,21.0,Dodoma,958881.308425908,500000,33,0,2.2100743949367,0
TZ-LOAN-14639,22.0,Mwanza,1244741.1350506782,100000,21,0,6.762182873822252,0
TZ-LOAN-14640,28.0,Arusha,936128.0767434061,1000000,25,0,1.8964808932628419,0
TZ-LOAN-14641,68.0,Mbeya,1301540.8002189808,250000,24,1,1.5258320210010987,0
TZ-LOAN-14642,38.0,Mbeya,373294.60128142464,1500000,33,0,10.11380802655615,1
TZ-LOAN-14643,52.0,Mbeya,404183.9508503628,500000,27,0,4.783227401261469,0
TZ-LOAN-14644,29.0,Dodoma,293317.6645839954,1500000,30,2,0.44957782312744693,1
TZ-LOAN-14645,43.0,Arusha,782528.1948948439,500000,39,0,5.845648796756602,0
TZ-LOAN-14646,68.0,Dodoma,702681.064941311,50000,26,0,6.986443922546472,0
TZ-LOAN-14647,36.0,Mbeya,604414.6629584043,50000,24,0,1.340728209667739,0
TZ-LOAN-14648,62.0,Arusha,892777.5884369896,100000,28,2,17.156687472689665,0
TZ-LOAN-14649,24.0,Dar es Salaam,1019698.5815643992,50000,26,1,2.3329134092816286,0
TZ-LOAN-14650,64.0,Dar es Salaam,192301.27721394738,50000,32,1,14.115104546898372,0
TZ-LOAN-14651,24.0,Arusha,470908.3916296654,250000,22,0,1.7379879362765531,0
TZ-LOAN-14652,43.0,Mbeya,896043.078236918,1000000,23,0,4.697745376501915,0
TZ-LOAN-14653,57.0,Dodoma,509678.39484242536,100000,27,0,3.64459583967037,0
TZ-LOAN-14654,22.0,Mbeya,410538.17709255376,250000,28,0,24.241653697814172,0
TZ-LOAN-14655,38.0,Arusha,955561.2282951184,100000,21,0,2.6242475801961564,0
TZ-LOAN-14656,31.0,Mbeya,263149.979082806,1000000,25,0,0.9879313406053541,1
TZ-LOAN-14657,21.0,Mbeya,559526.0576626685,100000,21,0,8.95506463280682,0
TZ-LOAN-14658,40.0,Dar es Salaam,748593.2077414426,1500000,26,1,0.21476800026362483,1
TZ-LOAN-14659,59.0,Mwanza,477854.0258269644,1500000,27,0,10.812204329017089,1
TZ-LOAN-14660,37.0,Dodoma,884946.6968039525,1500000,22,2,0.5859819393180619,1
TZ-LOAN-14661,32.0,Mbeya,479336.9074407893,50000,29,0,4.243305722501202,0
TZ-LOAN-14662,67.0,Dar es Salaam,1072585.8480337758,1000000,33,0,6.248606056792367,0
TZ-LOAN-14663,69.0,Mwanza,612276.1107512682,250000,26,1,2.049801034176225,0
TZ-LOAN-14664,62.0,Dar es Salaam,851381.0410116061,250000,27,0,9.31331711107682,0
TZ-LOAN-14665,46.0,Mbeya,873807.1858948449,500000,18,2,4.50337853458239,0
TZ-LOAN-14666,25.0,Dodoma,461737.9991767782,250000,13,0,2.513922620953007,0
TZ-LOAN-14667,58.0,Mwanza,33954.03540323337,1500000,23,2,1.9679064816593703,1
TZ-LOAN-14668,65.0,Mbeya,758226.7263991504,1500000,26,0,0.5939640560413488,0
TZ-LOAN-14669,36.0,Arusha,671686.5041374608,500000,27,0,5.113308246870044,0
TZ-LOAN-14670,65.0,Mbeya,816747.8082725382,50000,17,3,2.263121218014967,0
TZ-LOAN-14671,56.0,Dar es Salaam,582041.7582851485,250000,27,0,1.9324357842528606,0
TZ-LOAN-14672,63.0,Mbeya,520871.6903597852,1000000,21,0,14.973462310307307,1
TZ-LOAN-14673,45.0,Arusha,1252541.9032945097,500000,26,0,1.5927521035055126,0
TZ-LOAN-14674,63.0,Arusha,,250000,20,1,10.460207370298612,0
TZ-LOAN-14675,44.0,Mbeya,870185.1435092716,50000,29,0,18.423644817165872,0
TZ-LOAN-14676,21.0,Arusha,477619.44254498265,1000000,28,0,8.650687044911425,0
TZ-LOAN-14677,32.0,Dar es Salaam,549266.4146778734,1000000,21,1,0.09855018055296003,1
TZ-LOAN-14678,52.0,Arusha,554869.1502278103,50000,25,1,10.148458810981026,0
TZ-LOAN-14679,54.0,Arusha,408969.7177486229,250000,26,0,1.2002745864529716,0
TZ-LOAN-14680,18.0,Dodoma,821367.2630708718,100000,23,1,2.179190868558378,0
TZ-LOAN-14681,20.0,Dar es Salaam,1067193.078784987,250000,17,0,23.88762361191656,0
TZ-LOAN-14682,64.0,Arusha,791004.0983739984,500000,25,0,2.5957833155651873,0
TZ-LOAN-14683,41.0,Mbeya,681014.5988636286,500000,36,0,5.318661993392208,0
TZ-LOAN-14684,44.0,Arusha,354067.850270226,250000,21,0,1.8605326257679224,0
TZ-LOAN-14685,57.0,Mwanza,,1500000,28,1,2.3056449771486607,1
TZ-LOAN-14686,53.0,Mwanza,1296904.8895187895,500000,32,0,4.551858028287169,0
TZ-LOAN-14687,51.0,Dar es Salaam,535791.6128614723,100000,21,0,14.810109123339455,0
TZ-LOAN-14688,46.0,Mwanza,537204.9261944401,1500000,17,0,1.659602013352596,1
TZ-LOAN-14689,41.0,Mwanza,481673.26070570084,100000,20,0,1.4208811724026449,0
TZ-LOAN-14690,41.0,Arusha,503175.7296516739,1000000,27,0,0.1331295225854923,0
TZ-LOAN-14691,59.0,Dar es Salaam,-173589.86610171536,500000,29,1,1.12891517915315,0
TZ-LOAN-14692,21.0,Dodoma,771510.6157567138,1500000,27,0,1.5218531406433258,0
TZ-LOAN-14693,20.0,Arusha,396334.34709361586,250000,25,1,0.3246970446296013,0
TZ-LOAN-14694,51.0,Dodoma,166921.06436245993,1500000,30,0,4.146080707046323,1
TZ-LOAN-14695,66.0,Mbeya,875956.9849197647,1000000,21,0,0.6777492020307978,0
TZ-LOAN-14696,40.0,Mwanza,325394.6644874192,100000,24,0,3.577745184353425,0
TZ-LOAN-14697,69.0,Arusha,548399.2838348728,1000000,26,0,1.0473209535136487,0
TZ-LOAN-14698,40.0,Dar es Salaam,1089932.717356574,50000,23,0,13.722961650189427,0
TZ-LOAN-14699,62.0,Mwanza,227235.26059264597,500000,29,0,1.8343303568933043,0
TZ-LOAN-14700,22.0,Mbeya,,250000,23,2,0.48766986449102323,1
TZ-LOAN-14701,48.0,Mwanza,730791.8568687014,100000,19,1,,0
TZ-LOAN-14702,58.0,Mwanza,994846.2092031105,1000000,31,0,2.5711267915188625,0
TZ-LOAN-14703,23.0,Dodoma,177697.48468041111,250000,29,0,8.577352032672723,0
TZ-LOAN-14704,54.0,Mbeya,772306.9210511531,500000,27,0,1.8733914887760252,0
TZ-LOAN-14705,27.0,Dar es Salaam,824299.8619885077,250000,20,0,3.4661136748084176,0
TZ-LOAN-14706,57.0,Mwanza,32251.854892303934,500000,22,2,2.947155800979067,1
TZ-LOAN-14707,24.0,Mwanza,889550.4013721661,500000,29,0,4.081167714732575,0
TZ-LOAN-14708,56.0,Dar es Salaam,912981.7639526539,500000,33,1,2.567906964990503,0
TZ-LOAN-14709,55.0,Dar es Salaam,556464.3280231926,1000000,30,0,3.433859237522832,0
TZ-LOAN-14710,38.0,Arusha,1025703.9086894025,500000,32,0,5.686674903714881,0
TZ-LOAN-14711,37.0,Arusha,990936.6722974535,250000,30,0,2.6780065969721294,0
TZ-LOAN-14712,20.0,Mwanza,680935.3777151614,50000,26,0,5.766473647393106,0
TZ-LOAN-14713,68.0,Arusha,514566.3829025199,250000,19,0,6.264098436838877,0
TZ-LOAN-14714,39.0,Mwanza,,1000000,21,1,6.910053060321254,1
TZ-LOAN-14715,64.0,Dar es Salaam,638730.9471901426,500000,25,0,3.1832372584100193,0
TZ-LOAN-14716,21.0,Arusha,820927.6759112537,50000,25,0,0.01898640496427917,0
TZ-LOAN-14717,45.0,Mbeya,552746.9416878077,1000000,18,0,7.002191030198379,0
TZ-LOAN-14718,29.0,Mbeya,-9250.301578608924,100000,29,0,11.98915785991731,0
TZ-LOAN-14719,55.0,Dar es Salaam,1030614.1683729711,100000,22,0,5.286649407315874,0
TZ-LOAN-14720,68.0,Mwanza,707066.9665534681,100000,30,0,3.7174364796006114,0
TZ-LOAN-14721,53.0,Mbeya,536112.6509969499,50000,27,2,4.100260890456977,0
TZ-LOAN-14722,64.0,Arusha,907147.5165269865,250000,19,0,5.119543394815583,0
TZ-LOAN-14723,58.0,Dodoma,1107391.578944827,50000,13,0,32.59428302933177,0
TZ-LOAN-14724,22.0,Mwanza,-190573.47084636742,50000,17,0,0.3203248349015446,0
TZ-LOAN-14725,30.0,Arusha,780279.0949766214,50000,23,0,0.10705237194366064,0
TZ-LOAN-14726,40.0,Mwanza,222005.23675689584,100000,26,0,16.64456683933373,0
TZ-LOAN-14727,67.0,Arusha,799733.1520396824,1500000,27,3,2.9033321110558195,1
TZ-LOAN-14728,47.0,Dar es Salaam,688378.1607123738,250000,22,0,4.7383096791084665,0
TZ-LOAN-14729,54.0,Dar es Salaam,840717.957932165,1500000,14,0,7.000768697117124,0
TZ-LOAN-14730,42.0,Dar es Salaam,500225.7156516034,1500000,30,0,6.77584374389545,1
TZ-LOAN-14731,65.0,Dar es Salaam,88027.96645425446,50000,33,0,5.209187478081265,0
TZ-LOAN-14732,44.0,Arusha,514889.5426229996,250000,31,0,3.192267979717638,0
TZ-LOAN-14733,68.0,Mbeya,772054.2905419349,1500000,21,0,4.291031974090066,0
TZ-LOAN-14734,31.0,Arusha,954617.698602567,500000,31,1,6.540115639893748,0
TZ-LOAN-14735,65.0,Arusha,298450.60985824245,50000,17,0,9.512824455457634,0
TZ-LOAN-14736,64.0,Dodoma,958118.1280619053,50000,27,0,0.6808403110676232,0
TZ-LOAN-14737,53.0,Dodoma,455638.3131060436,50000,32,1,1.62836403705984,0
TZ-LOAN-14738,56.0,Arusha,758734.9644783579,500000,23,2,2.5341245125608047,0
TZ-LOAN-14739,33.0,Dar es Salaam,497031.81414031016,500000,31,0,5.4755660280771865,0
TZ-LOAN-14740,39.0,Dodoma,704651.1883136305,100000,22,0,2.5181860677639345,0
TZ-LOAN-14741,38.0,Dodoma,917563.2903710824,1000000,27,0,1.364854389647445,0
TZ-LOAN-14742,38.0,Arusha,281895.77681343927,250000,25,0,0.16852326795314637,0
TZ-LOAN-14743,25.0,Mwanza,446028.2309759506,1000000,26,2,9.241901212267399,1
TZ-LOAN-14744,66.0,Dodoma,705488.776202626,50000,19,0,2.7144526166453087,0
TZ-LOAN-14745,33.0,Dar es Salaam,,1500000,24,0,1.996637401564324,0
TZ-LOAN-14746,48.0,Arusha,391043.08634995157,50000,25,0,3.7839102425963347,0
TZ-LOAN-14747,59.0,Mwanza,,1500000,23,0,0.6557841375023643,0
TZ-LOAN-14748,27.0,Mbeya,1251326.991102551,100000,32,1,2.5321627547577212,0
TZ-LOAN-14749,49.0,Dar es Salaam,620806.6547895226,1000000,23,1,6.96731473068172,1
TZ-LOAN-14750,51.0,Dar es Salaam,560554.2421400299,50000,29,2,6.661255789833893,0
TZ-LOAN-14751,26.0,Arusha,442380.4404005925,1000000,23,0,7.389776031860563,1
TZ-LOAN-14752,34.0,Mbeya,629539.2409001993,100000,29,0,3.1500834896759384,0
TZ-LOAN-14753,28.0,Dar es Salaam,227984.1702321326,1000000,17,1,2.3015634858115384,1
TZ-LOAN-14754,49.0,Dar es Salaam,627128.2948038207,1500000,21,1,8.902332336119743,1
TZ-LOAN-14755,27.0,Arusha,1099064.082155257,250000,30,0,0.9515128297731201,0
TZ-LOAN-14756,39.0,Dar es Salaam,466674.4812569847,100000,38,0,6.457426627889915,0
TZ-LOAN-14757,34.0,Mwanza,577782.7088032848,1000000,19,0,10.94392962300287,0
TZ-LOAN-14758,21.0,Mbeya,,50000,25,0,1.6854280715530536,0
TZ-LOAN-14759,65.0,Dodoma,762218.626439313,500000,31,0,1.1019580956326127,0
TZ-LOAN-14760,69.0,Dodoma,,500000,28,0,3.5925773050256,0
TZ-LOAN-14761,64.0,Mbeya,669110.7079297312,100000,31,0,1.2192235080171518,0
TZ-LOAN-14762,42.0,Mwanza,584951.884933357,500000,37,0,10.230750250777255,0
TZ-LOAN-14763,38.0,Arusha,562172.6243682636,250000,21,0,1.4013275563486884,0
TZ-LOAN-14764,54.0,Arusha,800570.0701102016,100000,29,0,1.8841398766180069,0
TZ-LOAN-14765,55.0,Dodoma,641355.019523413,50000,21,0,10.965046741156621,0
TZ-LOAN-14766,66.0,Dar es Salaam,744491.5614665997,50000,13,0,1.150976910457127,0
TZ-LOAN-14767,18.0,Mbeya,714494.8452363644,100000,24,0,10.804734379907421,0
TZ-LOAN-14768,42.0,Mwanza,987028.1861287286,500000,23,0,1.1773647306783788,0
TZ-LOAN-14769,68.0,Arusha,853098.2292125162,500000,23,0,12.14106253368649,0
TZ-LOAN-14770,53.0,Mbeya,707858.5529450572,50000,24,0,1.9110034508253617,0
TZ-LOAN-14771,34.0,Dar es Salaam,1105526.6091956538,250000,19,0,1.4133704432652874,0
TZ-LOAN-14772,58.0,Dodoma,776080.5587169684,1500000,32,0,3.242683658253414,0
TZ-LOAN-14773,41.0,Dar es Salaam,1041488.8066371257,500000,23,0,2.3040184206778744,0
TZ-LOAN-14774,19.0,Mwanza,832082.7825159914,250000,28,3,1.126665276637482,0
TZ-LOAN-14775,57.0,Dodoma,97424.27632053709,500000,28,0,2.065121520547792,1
TZ-LOAN-14776,32.0,Dar es Salaam,1041450.4289957988,1500000,21,2,6.245362439899931,1
TZ-LOAN-14777,49.0,Mwanza,690552.8724028007,100000,24,0,8.916000172368385,0
TZ-LOAN-14778,56.0,Mwanza,634413.5687297666,1000000,19,0,8.595199037530598,0
TZ-LOAN-14779,23.0,Mwanza,734404.5042468731,50000,18,0,7.069710270523249,0
TZ-LOAN-14780,18.0,Mbeya,546505.0514128797,100000,21,0,0.027249883326563293,0
TZ-LOAN-14781,64.0,Mwanza,718108.6581166836,500000,27,0,2.7808930463568755,0
TZ-LOAN-14782,40.0,Arusha,472437.18009707227,1500000,23,0,0.925460020495476,1
TZ-LOAN-14783,56.0,Mwanza,1032281.677620311,50000,25,0,0.38157570864247803,0
TZ-LOAN-14784,34.0,Dar es Salaam,615923.5659136849,1000000,27,1,6.656797443116184,0
TZ-LOAN-14785,51.0,Arusha,535224.8471832699,1000000,30,0,7.886786957762113,0
TZ-LOAN-14786,58.0,Dodoma,372522.2552842178,1500000,19,1,8.426647092901947,1
TZ-LOAN-14787,46.0,Arusha,730632.7367445924,1500000,33,0,11.05052162296795,0
TZ-LOAN-14788,26.0,Dar es Salaam,706132.1300375275,500000,36,0,4.4585783253653375,0
TZ-LOAN-14789,30.0,Dodoma,766527.384103252,50000,23,0,31.408548989061952,0
TZ-LOAN-14790,23.0,Dar es Salaam,341824.43374846136,500000,27,0,3.3055556956827132,0
TZ-LOAN-14791,23.0,Dar es Salaam,169645.6403565281,1000000,33,0,10.749277063574993,1
TZ-LOAN-14792,37.0,Mbeya,837677.3907519679,100000,26,0,0.599217587538631,0
TZ-LOAN-14793,69.0,Mbeya,1095392.5585629523,100000,15,0,0.8062663045327884,0
TZ-LOAN-14794,20.0,Dar es Salaam,342093.91328303114,250000,24,0,4.462253932703178,0
TZ-LOAN-14795,34.0,Mwanza,,1000000,24,0,,0
TZ-LOAN-14796,66.0,Mbeya,735173.3176209143,1000000,22,1,0.39143304269465884,0
TZ-LOAN-14797,29.0,Dar es Salaam,647881.1286347511,500000,20,1,1.0911820067537819,0
TZ-LOAN-14798,65.0,Arusha,530735.3910362666,250000,27,0,7.744933936269771,0
TZ-LOAN-14799,64.0,Dar es Salaam,234644.594172501,1500000,20,0,13.117948241091707,1
TZ-LOAN-14800,62.0,Dar es Salaam,946318.5547773798,250000,13,0,2.0283305598444414,0
TZ-LOAN-14801,18.0,Dodoma,417318.0915687191,50000,23,0,18.39580228062072,0
TZ-LOAN-14802,34.0,Mbeya,416057.9972787199,500000,35,0,8.291840173145443,0
TZ-LOAN-14803,20.0,Dodoma,,1500000,26,0,1.2816129192466161,0
TZ-LOAN-14804,43.0,Mwanza,85104.96599848208,1500000,23,0,4.410835595372094,1
TZ-LOAN-14805,32.0,Dar es Salaam,192920.65679955,100000,32,1,20.029859576274962,0
TZ-LOAN-14806,53.0,Mbeya,644559.7269475755,50000,31,1,9.445289945548096,0
TZ-LOAN-14807,49.0,Mbeya,737985.3287014556,250000,23,0,2.2577474579983963,0
TZ-LOAN-14808,49.0,Mbeya,795420.3943906771,100000,20,0,1.8287437560677076,0
TZ-LOAN-14809,21.0,Dar es Salaam,559460.4519811241,1000000,32,2,8.553316842043872,1
TZ-LOAN-14810,35.0,Dar es Salaam,1409110.9005925069,500000,27,0,3.9832714822521216,0
TZ-LOAN-14811,66.0,Arusha,581632.2323702498,250000,27,0,0.8923002022557315,0
TZ-LOAN-14812,36.0,Dodoma,580764.1543691834,1000000,27,1,1.9862390021236793,0
TZ-LOAN-14813,60.0,Dodoma,410903.9993558368,1500000,26,0,5.420781075727583,1
TZ-LOAN-14814,69.0,Dar es Salaam,687172.0449563214,250000,26,0,0.8312109325316106,0
TZ-LOAN-14815,52.0,Mwanza,834488.3696140323,100000,23,1,5.998513129424849,0
TZ-LOAN-14816,57.0,Mbeya,1011073.416360038,50000,29,1,6.188143680284531,0
TZ-LOAN-14817,31.0,Dar es Salaam,203214.72066793463,100000,33,0,1.5786683595393645,0
TZ-LOAN-14818,50.0,Dar es Salaam,576201.3984932897,500000,22,1,2.537743093682918,0
TZ-LOAN-14819,31.0,Dar es Salaam,784011.0832427433,500000,25,0,13.701627285960008,0
TZ-LOAN-14820,51.0,Mbeya,826117.2603783606,250000,29,0,6.915014675351471,0
TZ-LOAN-14821,21.0,Mbeya,,100000,20,0,7.751381343977447,0
TZ-LOAN-14822,41.0,Dar es Salaam,812727.1908596306,50000,29,3,3.631092175886861,0
TZ-LOAN-14823,46.0,Arusha,407310.8321222599,1500000,22,1,1.1985242461678398,1
TZ-LOAN-14824,36.0,Dodoma,1117371.629695507,500000,28,0,4.47333010996482,0
TZ-LOAN-14825,23.0,Arusha,947788.4308938289,50000,28,1,,0
TZ-LOAN-14826,50.0,Arusha,246521.66388044832,1000000,18,1,0.019454118425578888,1
TZ-LOAN-14827,66.0,Dar es Salaam,327469.0855649733,250000,28,0,0.6039291222057456,0
TZ-LOAN-14828,57.0,Mbeya,335923.47496792814,50000,29,2,3.2150668903186723,0
TZ-LOAN-14829,36.0,Dodoma,853390.9912689585,250000,26,3,2.8741205421321463,0
TZ-LOAN-14830,18.0,Arusha,264581.6700747598,1000000,18,0,20.166166165859654,1
TZ-LOAN-14831,22.0,Mwanza,550692.6997375758,50000,29,0,0.48339653644355135,0
TZ-LOAN-14832,44.0,Mbeya,-150000.0,50000,20,0,1.9554917490450894,0
TZ-LOAN-14833,33.0,Mbeya,630150.2196360696,1500000,34,0,8.4399826888898,0
TZ-LOAN-14834,23.0,Dodoma,727666.2547138117,1000000,31,0,4.739262962560088,0
TZ-LOAN-14835,57.0,Dodoma,,100000,23,0,4.123282423299538,0
TZ-LOAN-14836,30.0,Dodoma,828456.3120191734,50000,31,3,6.758518647192537,0
TZ-LOAN-14837,65.0,Dar es Salaam,466036.43225720106,1500000,25,0,0.20402148669537878,1
TZ-LOAN-14838,52.0,Mbeya,552614.0976806176,50000,21,1,14.733919977733038,0
TZ-LOAN-14839,36.0,Dar es Salaam,721319.5183717959,1500000,31,3,1.0614134069296426,1
TZ-LOAN-14840,29.0,Dar es Salaam,680923.4664592545,500000,34,0,0.4269045898404117,0
TZ-LOAN-14841,33.0,Dar es Salaam,657194.0057046779,100000,35,0,2.069656054975099,0
TZ-LOAN-14842,60.0,Mbeya,,50000,17,0,,0
TZ-LOAN-14843,27.0,Mwanza,560135.1766402423,1000000,32,0,1.3164646134650384,0
TZ-LOAN-14844,42.0,Arusha,650655.0772511108,250000,21,0,0.25573619437597933,0
TZ-LOAN-14845,37.0,Mbeya,237474.43004987453,1000000,22,0,0.29563446689522205,1
TZ-LOAN-14846,48.0,Mbeya,511240.11010598636,100000,22,0,1.4824505485348056,0
TZ-LOAN-14847,21.0,Dodoma,766303.9637098539,500000,24,0,0.7267120909591531,0
TZ-LOAN-14848,61.0,Arusha,266769.01884639723,500000,27,2,2.329525084076076,1
TZ-LOAN-14849,40.0,Dodoma,996974.495478272,500000,22,0,0.950194801769,0
TZ-LOAN-14850,19.0,Mwanza,1030883.9787799529,1500000,23,0,2.110368890885939,0
TZ-LOAN-14851,39.0,Dar es Salaam,276454.8272119743,1000000,26,0,2.9393175165560437,1
TZ-LOAN-14852,68.0,Dodoma,1057285.8899150419,250000,30,0,6.784439177614393,0
TZ-LOAN-14853,54.0,Mwanza,606925.5233863597,250000,24,2,1.2899660818309728,0
TZ-LOAN-14854,25.0,Arusha,775554.3677471165,1500000,17,0,3.2223924895131035,0
TZ-LOAN-14855,24.0,Dar es Salaam,501004.684361526,50000,23,0,8.446606294544075,0
TZ-LOAN-14856,31.0,Mwanza,926913.4481680286,1500000,20,0,21.480048260369426,0
TZ-LOAN-14857,20.0,Dodoma,771828.2056546002,250000,23,0,4.074384383813742,0
TZ-LOAN-14858,67.0,Mwanza,405754.02302071895,250000,24,0,,0
TZ-LOAN-14859,33.0,Mwanza,300439.40001041343,50000,24,0,4.992022370929304,0
TZ-LOAN-14860,36.0,Dar es Salaam,211909.26943723322,1000000,33,1,3.3305369705678545,1
TZ-LOAN-14861,68.0,Mbeya,706382.532929827,1000000,25,0,0.9001607526882867,0
TZ-LOAN-14862,35.0,Mwanza,821741.4235339208,100000,24,0,3.075814630925903,0
TZ-LOAN-14863,69.0,Dar es Salaam,845289.7036338324,1000000,20,2,19.340103787185978,1
TZ-LOAN-14864,33.0,Dar es Salaam,614605.6716177866,500000,25,0,5.114213205973513,0
TZ-LOAN-14865,25.0,Arusha,302901.06330069085,500000,21,0,1.6664124586913274,0
TZ-LOAN-14866,50.0,Arusha,445377.5605928651,100000,22,0,14.701110020323247,0
TZ-LOAN-14867,66.0,Mbeya,995704.5916885778,250000,25,0,2.4598693096969386,0
TZ-LOAN-14868,29.0,Dodoma,504611.43061997555,100000,24,0,2.472476596857261,0
TZ-LOAN-14869,28.0,Mwanza,693025.2892044429,50000,26,1,4.7933756173407644,0
TZ-LOAN-14870,22.0,Mwanza,327304.8549275338,100000,18,0,4.207931039481366,0
TZ-LOAN-14871,44.0,Dar es Salaam,750974.9136377105,100000,19,1,1.7155269373105089,0
TZ-LOAN-14872,29.0,Dar es Salaam,512694.63149627665,1500000,25,0,3.146922845518118,1
TZ-LOAN-14873,34.0,Dar es Salaam,964013.8141327291,500000,30,0,2.0211770146065096,0
TZ-LOAN-14874,23.0,Arusha,-150000.0,50000,26,0,6.692865758299211,0
TZ-LOAN-14875,50.0,Dar es Salaam,501288.2160275301,1500000,29,0,0.6534079512379896,1
TZ-LOAN-14876,22.0,Mbeya,612000.791795701,50000,23,1,6.936496928994895,0
TZ-LOAN-14877,45.0,Dar es Salaam,484665.12798781134,100000,35,0,0.8787183449383078,0
TZ-LOAN-14878,31.0,Dodoma,224170.04103649704,1500000,26,0,1.826286849167382,1
TZ-LOAN-14879,22.0,Dar es Salaam,392767.271135835,1500000,31,1,2.027313945839518,1
TZ-LOAN-14880,50.0,Mwanza,709465.198316246,50000,19,0,23.236306312887027,0
TZ-LOAN-14881,67.0,Mwanza,747577.8494688745,50000,13,0,4.455820149723629,0
TZ-LOAN-14882,65.0,Dar es Salaam,694564.3710777917,1000000,30,0,,0
TZ-LOAN-14883,58.0,Mwanza,559480.0838124093,50000,25,0,4.052653798130327,0
TZ-LOAN-14884,36.0,Dar es Salaam,929919.9817162956,1500000,31,2,20.419388361210252,1
TZ-LOAN-14885,39.0,Dar es Salaam,669062.5713682813,250000,24,1,0.976312764710776,0
TZ-LOAN-14886,22.0,Arusha,860976.1484287842,50000,27,0,4.642754524607918,0
TZ-LOAN-14887,19.0,Arusha,117867.46033924446,500000,27,1,7.982165889843719,1
TZ-LOAN-14888,47.0,Mwanza,,1000000,28,1,4.951787753209506,0
TZ-LOAN-14889,64.0,Mwanza,735136.408351424,500000,30,0,11.362034569888067,0
TZ-LOAN-14890,56.0,Mbeya,222570.3038835532,500000,15,0,4.59031126780257,1
TZ-LOAN-14891,21.0,Mbeya,586264.4891860832,250000,21,0,8.756117788654574,0
TZ-LOAN-14892,50.0,Dar es Salaam,559370.8876926183,1000000,24,0,,0
TZ-LOAN-14893,30.0,Mbeya,1126220.180724661,100000,25,0,1.5194901792010065,0
TZ-LOAN-14894,37.0,Dodoma,769998.9658830819,1500000,22,1,2.935551664837006,1
TZ-LOAN-14895,24.0,Arusha,699757.7080396018,1500000,21,0,9.53981653678886,1
TZ-LOAN-14896,32.0,Mwanza,,50000,29,0,2.7805045424401547,0
TZ-LOAN-14897,40.0,Mbeya,760549.2760517116,1500000,14,0,4.937040064836101,0
TZ-LOAN-14898,31.0,Dodoma,512696.90210347006,250000,27,0,2.5193460616645953,0
TZ-LOAN-14899,40.0,Mbeya,971442.7790763678,1500000,24,1,8.192284321870485,1
TZ-LOAN-14900,36.0,Mwanza,317074.96163351776,250000,18,0,1.1175154937683052,0
TZ-LOAN-14901,46.0,Mbeya,746974.1562600686,100000,25,0,4.504172462160696,0
TZ-LOAN-14902,37.0,Arusha,185729.06175910664,250000,21,0,4.312448907944261,0
TZ-LOAN-14903,46.0,Mbeya,711183.1572547986,100000,22,1,2.5812165747395714,0
TZ-LOAN-14904,41.0,Dodoma,707896.8925318789,100000,19,2,6.1060705354130285,0
TZ-LOAN-14905,35.0,Mbeya,1152936.4885743987,100000,14,1,0.1444496612512274,0
TZ-LOAN-14906,27.0,Mwanza,180507.83196746616,250000,15,0,9.210003067331346,0
TZ-LOAN-14907,58.0,Mbeya,469733.84724385623,100000,18,1,2.138286948002546,0
TZ-LOAN-14908,25.0,Dodoma,896804.7279722432,250000,23,0,7.875727617118692,0
TZ-LOAN-14909,43.0,Mbeya,750595.1769191923,1000000,21,0,1.8196451824228368,0
TZ-LOAN-14910,46.0,Dar es Salaam,704091.5154012509,100000,26,0,1.0406987857445178,0
TZ-LOAN-14911,27.0,Mwanza,363159.2891124382,250000,22,0,2.4672987123790815,0
TZ-LOAN-14912,34.0,Dar es Salaam,472754.49557257124,250000,29,0,7.981792929552145,0
TZ-LOAN-14913,19.0,Dar es Salaam,1023512.3024669769,250000,25,0,6.078844448320657,0
TZ-LOAN-14914,23.0,Mwanza,634547.2418738216,50000,22,0,2.562728860749562,0
TZ-LOAN-14915,22.0,Mwanza,762607.908843342,50000,26,1,13.892528920745859,0
TZ-LOAN-14916,45.0,Dodoma,615443.5013670563,100000,28,0,2.627803145611588,0
TZ-LOAN-14917,58.0,Dodoma,295074.34542507044,1500000,15,3,2.1597081533559987,1
TZ-LOAN-14918,22.0,Dodoma,930143.127822499,1000000,22,0,0.7816255247841324,0
TZ-LOAN-14919,35.0,Dar es Salaam,800969.7153597489,1500000,24,0,,0
TZ-LOAN-14920,43.0,Mbeya,1341691.0512101566,100000,20,0,2.15316389721365,0
TZ-LOAN-14921,37.0,Arusha,345325.5861048365,500000,27,0,0.48256654046841935,0
TZ-LOAN-14922,58.0,Mbeya,896771.8763601441,500000,31,2,3.1053881747574414,0
TZ-LOAN-14923,66.0,Arusha,256536.81018889963,1000000,25,0,9.830905140447712,1
TZ-LOAN-14924,44.0,Arusha,697203.9703019233,1000000,31,0,3.2324311954547635,0
TZ-LOAN-14925,66.0,Arusha,942951.9767189494,1000000,22,0,3.2752217896019546,0
TZ-LOAN-14926,29.0,Arusha,28359.46517105389,50000,22,0,1.4614006095994592,0
TZ-LOAN-14927,24.0,Mwanza,588520.2577275176,50000,16,0,0.9093817352629836,0
TZ-LOAN-14928,20.0,Dodoma,481037.07978721394,500000,25,1,1.2572577073996583,0
TZ-LOAN-14929,27.0,Mwanza,,1000000,32,0,4.196515116939773,0
TZ-LOAN-14930,51.0,Dar es Salaam,765563.7956778063,250000,25,0,4.479905802665308,0
TZ-LOAN-14931,42.0,Mwanza,986205.7119267785,1500000,32,0,1.2435107406316959,0
TZ-LOAN-14932,52.0,Dodoma,610016.3854312534,500000,25,0,2.54513932211799,0
TZ-LOAN-14933,33.0,Mbeya,711645.9282680061,1000000,25,2,4.204556143208891,1
TZ-LOAN-14934,19.0,Dodoma,684292.6259177743,250000,17,0,7.145216858007387,0
TZ-LOAN-14935,41.0,Mbeya,650541.0519069242,1000000,30,0,1.926616809555589,0
TZ-LOAN-14936,27.0,Dar es Salaam,323197.20868636813,100000,22,0,1.582856345417354,0
TZ-LOAN-14937,55.0,Arusha,982533.3805168679,250000,25,0,6.5553222231673,0
TZ-LOAN-14938,39.0,Mwanza,738558.6104476508,1500000,33,0,3.605801248910805,0
TZ-LOAN-14939,43.0,Arusha,768464.4470007733,100000,25,0,9.715700637356175,0
TZ-LOAN-14940,60.0,Dar es Salaam,408047.1112923253,50000,27,3,1.184963931321992,0
TZ-LOAN-14941,56.0,Dar es Salaam,512233.8806032278,500000,26,1,7.368919285760165,0
TZ-LOAN-14942,44.0,Mbeya,597159.7406867665,1000000,26,2,0.8838858214228482,1
TZ-LOAN-14943,46.0,Mbeya,,500000,21,0,4.394628462681354,1
TZ-LOAN-14944,64.0,Dar es Salaam,143589.70244069654,1500000,20,0,1.6678183113406826,1
TZ-LOAN-14945,55.0,Dodoma,469775.62080842967,1000000,21,0,0.5328671302349042,0
TZ-LOAN-14946,37.0,Arusha,806756.229932717,100000,32,1,4.795529345556403,0
TZ-LOAN-14947,44.0,Mwanza,,250000,23,0,3.5341919940270357,0
TZ-LOAN-14948,58.0,Dar es Salaam,344358.44072278595,250000,20,0,3.327467352927034,0
TZ-LOAN-14949,37.0,Mwanza,405594.30402869894,1000000,21,2,4.4888101108545975,1
TZ-LOAN-14950,61.0,Dar es Salaam,513397.27305640624,100000,25,0,2.3295578055830033,0
TZ-LOAN-14951,36.0,Mbeya,543842.3111539689,1000000,22,0,5.545852581810635,0
TZ-LOAN-14952,37.0,Mbeya,1299656.435661967,1000000,25,1,0.7011617178787177,0
TZ-LOAN-14953,52.0,Dar es Salaam,966386.1885461955,1000000,21,0,6.275830231518357,0
TZ-LOAN-14954,64.0,Mwanza,957432.2336845184,250000,22,0,4.335285643057315,0
TZ-LOAN-14955,19.0,Arusha,1000574.1092820144,1500000,27,0,3.332259848502412,0
TZ-LOAN-14956,47.0,Dar es Salaam,350353.73919978517,1000000,17,0,0.6828250897555768,1
TZ-LOAN-14957,51.0,Dar es Salaam,283290.6155038283,250000,27,0,1.6304826114567486,0
TZ-LOAN-14958,39.0,Dodoma,317938.912539783,50000,29,0,1.7498912178654091,0
TZ-LOAN-14959,20.0,Dar es Salaam,1050351.8400013514,100000,35,1,1.3316428100229085,0
TZ-LOAN-14960,23.0,Mbeya,485842.4633352527,50000,27,0,15.415143167053529,0
TZ-LOAN-14961,32.0,Dodoma,274593.1453282139,1000000,34,1,12.363401951105537,1
TZ-LOAN-14962,44.0,Dodoma,520701.1399340561,250000,34,0,3.9497577327551223,0
TZ-LOAN-14963,27.0,Mbeya,578418.3404856118,100000,24,0,1.151297695281179,0
TZ-LOAN-14964,26.0,Mbeya,730523.9821083687,500000,28,0,12.103373913675577,0
TZ-LOAN-14965,50.0,Mbeya,725285.3062136129,100000,30,0,6.919616528597005,0
TZ-LOAN-14966,49.0,Mwanza,401545.83083794755,100000,29,0,0.19771738874184092,0
TZ-LOAN-14967,65.0,Dodoma,855696.9177541132,1000000,29,3,3.373703340192054,1
TZ-LOAN-14968,23.0,Arusha,,50000,27,0,4.643646646216089,0
TZ-LOAN-14969,58.0,Arusha,603117.098988487,50000,25,2,0.3439289149960539,0
TZ-LOAN-14970,53.0,Mwanza,856032.2211510065,500000,31,0,0.25557724130883913,0
TZ-LOAN-14971,19.0,Arusha,457453.5788166976,1000000,25,1,3.1136668745863103,1
TZ-LOAN-14972,46.0,Dodoma,479194.5729256587,100000,28,0,0.009768102059413222,0
TZ-LOAN-14973,21.0,Mbeya,827500.4149079393,1500000,25,1,0.23983919876272952,0
TZ-LOAN-14974,18.0,Dodoma,392680.04701849417,50000,24,1,0.902442172819798,0
TZ-LOAN-14975,36.0,Mwanza,,50000,29,1,12.038104641781796,0
TZ-LOAN-14976,43.0,Mwanza,816722.6534128678,250000,27,1,7.2682327608548345,0
TZ-LOAN-14977,42.0,Dar es Salaam,1266227.7324307924,100000,24,0,2.9930592701780236,0
TZ-LOAN-14978,27.0,Mwanza,831621.351428824,1000000,16,0,3.2620003519644314,0
TZ-LOAN-14979,32.0,Mwanza,791791.9288970035,50000,26,0,5.7922023899814015,0
TZ-LOAN-14980,39.0,Dodoma,809240.4751018188,1000000,24,0,3.215945981597222,0
TZ-LOAN-14981,68.0,Dodoma,328042.9177798852,100000,22,0,0.33029896894809485,0
TZ-LOAN-14982,65.0,Mwanza,684679.0216039724,100000,24,0,6.711030933173548,0
TZ-LOAN-14983,38.0,Dodoma,641070.0534990794,50000,21,0,0.29742230896520616,0
TZ-LOAN-14984,39.0,Dodoma,746475.3621118269,500000,24,0,3.328566107386357,0
TZ-LOAN-14985,53.0,Mwanza,684952.4157427612,1000000,24,0,,0
TZ-LOAN-14986,51.0,Mbeya,763909.9032251338,1000000,19,0,0.6243009110817488,0
TZ-LOAN-14987,47.0,Mwanza,,250000,24,0,6.13156776166063,0
TZ-LOAN-14988,42.0,Arusha,667582.6752115379,100000,24,0,0.23717702050019232,0
TZ-LOAN-14989,62.0,Dodoma,281651.4301829024,100000,19,0,24.851992659111474,0
TZ-LOAN-14990,45.0,Dar es Salaam,554027.8165991259,50000,31,0,5.72987784667469,0
TZ-LOAN-14991,18.0,Mwanza,1067250.064452993,50000,27,0,17.367166279667916,0
TZ-LOAN-14992,66.0,Mbeya,745642.5018884768,50000,39,0,5.516475649479112,0
TZ-LOAN-14993,62.0,Mbeya,643723.688785077,250000,31,0,1.3872274953722301,0
TZ-LOAN-14994,21.0,Dodoma,1218836.982876304,500000,24,0,13.043141087009033,0
TZ-LOAN-14995,24.0,Mwanza,241749.50650967628,50000,23,0,4.926465135275667,0
TZ-LOAN-14996,66.0,Mwanza,317163.3333661341,50000,23,0,4.289366846112839,0
TZ-LOAN-14997,26.0,Arusha,1163813.4233828818,1500000,29,1,2.802810241215747,0
TZ-LOAN-14998,53.0,Mwanza,663788.2808146802,50000,17,0,1.6745246932327191,0
TZ-LOAN-14999,36.0,Arusha,577225.0891130619,250000,25,0,3.77585307879798,0
TZ-LOAN-15000,18.0,Mbeya,,1000000,21,0,2.2789867602466565,1
TZ-LOAN-15001,27.0,Mwanza,784308.8799185036,500000,23,0,9.621579121873886,0
TZ-LOAN-15002,53.0,Dodoma,813337.9608582386,1000000,23,0,0.14610678704623137,0
TZ-LOAN-15003,26.0,Arusha,321651.69174953114,1500000,29,0,3.7760862594950506,1
TZ-LOAN-15004,62.0,Arusha,607917.3243348715,100000,19,3,9.056696197119171,1
TZ-LOAN-15005,63.0,Dodoma,549345.2503900802,100000,25,0,0.13997294393005363,0
TZ-LOAN-15006,59.0,Dar es Salaam,726793.1439256313,50000,18,0,1.6585367674974174,0
TZ-LOAN-15007,49.0,Dodoma,314224.9273338069,1500000,24,3,0.26448635632530515,1
TZ-LOAN-15008,49.0,Arusha,,1000000,28,0,4.519387600477846,0
TZ-LOAN-15009,23.0,Dodoma,924747.1344792813,250000,29,0,1.9043703647859496,0
TZ-LOAN-15010,65.0,Arusha,,500000,37,0,16.060747228309733,0
TZ-LOAN-15011,55.0,Dar es Salaam,585074.3865084887,1000000,28,2,4.789388088199825,1
TZ-LOAN-15012,34.0,Mwanza,609073.3549167152,1500000,28,2,4.125422133306213,1
TZ-LOAN-15013,27.0,Mbeya,,1500000,18,0,12.459037953741474,1
TZ-LOAN-15014,67.0,Dar es Salaam,516971.1745294893,1000000,25,0,1.2652787565484491,0
TZ-LOAN-15015,44.0,Mwanza,568918.8896976173,500000,17,0,4.130448127787241,0
TZ-LOAN-15016,67.0,Dodoma,1133860.5112121385,1000000,27,2,3.9129818325087404,0
TZ-LOAN-15017,52.0,Arusha,933985.492499131,1000000,30,0,0.42841167175967365,0
TZ-LOAN-15018,69.0,Dar es Salaam,930396.4122009871,500000,24,3,13.4456358596038,1
TZ-LOAN-15019,38.0,Dodoma,,250000,33,1,6.0237777573279505,0
TZ-LOAN-15020,42.0,Mwanza,,1500000,22,0,10.951009704951478,1
TZ-LOAN-15021,45.0,Mbeya,637552.6686267862,500000,22,1,20.238465388885757,0
TZ-LOAN-15022,64.0,Dar es Salaam,941146.537884014,50000,30,0,3.2663061580304587,0
TZ-LOAN-15023,32.0,Mbeya,272520.61118981364,50000,15,0,8.139533122150494,0
TZ-LOAN-15024,21.0,Dodoma,840965.9620619793,50000,26,0,4.308536140908374,0
TZ-LOAN-15025,46.0,Mwanza,1346782.76757883,50000,27,0,18.888126866133184,0
TZ-LOAN-15026,26.0,Dar es Salaam,,100000,31,0,1.4199350985941737,0
TZ-LOAN-15027,44.0,Mwanza,1074208.7406685962,250000,26,0,0.06956758304761138,0
TZ-LOAN-15028,43.0,Arusha,715501.6251326482,100000,25,0,1.028652531455643,0
TZ-LOAN-15029,36.0,Mwanza,,1000000,18,0,0.6849369715299629,0
TZ-LOAN-15030,45.0,Mwanza,434644.03569378937,1000000,35,3,2.8719547493114184,1
TZ-LOAN-15031,34.0,Mwanza,888759.1437023679,500000,23,1,0.40285283847817704,0
TZ-LOAN-15032,60.0,Dar es Salaam,,50000,27,0,1.243574502954662,0
TZ-LOAN-15033,58.0,Dar es Salaam,736973.3522112989,500000,26,0,0.5061003873762054,0
TZ-LOAN-15034,59.0,Dar es Salaam,1044802.2259155496,1000000,32,0,3.334988180837369,0
TZ-LOAN-15035,67.0,Mbeya,488364.54864578345,50000,27,0,1.5515274624150674,0
TZ-LOAN-15036,37.0,Dodoma,593882.7450579013,1500000,23,0,3.183903216989315,1
TZ-LOAN-15037,62.0,Dodoma,678638.612407489,250000,25,0,0.46544778630772043,0
TZ-LOAN-15038,57.0,Mwanza,341116.70867317985,1000000,24,0,3.6373544447427597,1
TZ-LOAN-15039,56.0,Mbeya,718079.5831400744,1500000,24,2,0.696708064312747,1
TZ-LOAN-15040,66.0,Dodoma,134320.8761138459,500000,17,0,0.523173070498175,1
TZ-LOAN-15041,40.0,Dar es Salaam,964086.3603284627,1500000,22,0,1.8554600803797674,0
TZ-LOAN-15042,64.0,Arusha,663991.2099697897,500000,20,1,10.373960892199495,0
TZ-LOAN-15043,49.0,Arusha,493732.128828871,1000000,21,0,,0
TZ-LOAN-15044,69.0,Dodoma,399687.9163114636,100000,36,0,15.989218090073303,0
TZ-LOAN-15045,64.0,Mbeya,579626.2911142437,250000,15,2,3.0827390276518924,0
TZ-LOAN-15046,50.0,Dodoma,856477.9132317241,1500000,27,0,1.8730412510253924,0
TZ-LOAN-15047,63.0,Dar es Salaam,814321.6936212681,1500000,16,1,17.686242334225284,1
TZ-LOAN-15048,22.0,Mbeya,438338.61581646174,1000000,34,2,2.4044580701992153,1
TZ-LOAN-15049,60.0,Arusha,396188.09821170964,1000000,24,0,0.04572547710778818,0
TZ-LOAN-15050,65.0,Mwanza,847069.6118958942,500000,18,0,8.577010101411602,0
TZ-LOAN-15051,51.0,Dar es Salaam,433295.7786154912,50000,34,1,0.9268943739563495,0
TZ-LOAN-15052,57.0,Mbeya,-150000.0,50000,24,1,6.327688596277442,0
TZ-LOAN-15053,28.0,Mwanza,687126.392757283,50000,26,0,0.07618696059719549,0
TZ-LOAN-15054,67.0,Dar es Salaam,743618.6395180215,500000,27,0,0.5882348976779334,0
TZ-LOAN-15055,20.0,Arusha,907481.1290545615,50000,23,0,3.3040152203225626,0
TZ-LOAN-15056,50.0,Mbeya,271111.11893980316,1000000,18,1,0.35156528316763697,1
TZ-LOAN-15057,28.0,Dodoma,76652.20242185367,100000,30,0,10.974526650267249,0
TZ-LOAN-15058,33.0,Mbeya,479765.8156314945,100000,24,0,6.928853716529423,0
TZ-LOAN-15059,35.0,Mbeya,1190458.5223496559,100000,33,0,1.98886369211539,0
TZ-LOAN-15060,47.0,Dar es Salaam,1256652.2300262135,50000,30,0,4.550554512038959,0
TZ-LOAN-15061,65.0,Dodoma,1199353.1406697663,100000,26,2,6.2855800130079995,0
TZ-LOAN-15062,27.0,Arusha,592105.5896717932,1500000,19,2,7.040638692980109,1
TZ-LOAN-15063,35.0,Mwanza,115365.47540455137,50000,31,0,2.5182236285965294,0
TZ-LOAN-15064,55.0,Arusha,,1500000,22,0,11.453293516594139,0
TZ-LOAN-15065,36.0,Dodoma,465788.5515351767,1000000,21,0,14.218037941654615,1
TZ-LOAN-15066,53.0,Mwanza,590577.9109551919,1500000,23,0,1.0890095368153554,1
TZ-LOAN-15067,30.0,Mbeya,1040187.6203167876,1000000,21,0,,0
TZ-LOAN-15068,63.0,Mwanza,910341.6378627337,500000,19,0,6.235802401450355,0
TZ-LOAN-15069,20.0,Mbeya,,500000,24,0,10.952449418090673,0
TZ-LOAN-15070,27.0,Dodoma,,1500000,13,0,2.7647898495051755,1
TZ-LOAN-15071,55.0,Arusha,361766.1325265329,250000,25,0,5.411690299722192,0
TZ-LOAN-15072,18.0,Dar es Salaam,726238.3061214306,1000000,27,0,1.3418800529180388,0
TZ-LOAN-15073,44.0,Mwanza,859115.293651918,50000,22,0,6.953555550993126,0
TZ-LOAN-15074,63.0,Dar es Salaam,767564.3786736754,250000,25,0,4.3581824866390395,0
TZ-LOAN-15075,25.0,Dar es Salaam,339620.61211800354,1000000,20,0,3.2787282198482,1
TZ-LOAN-15076,68.0,Mwanza,845200.2886376259,50000,29,1,5.899354843617621,0
TZ-LOAN-15077,63.0,Dar es Salaam,777773.2901304234,1000000,28,1,4.018665190918713,0
TZ-LOAN-15078,59.0,Dar es Salaam,328800.0781429465,1000000,24,0,7.248405002665871,1
TZ-LOAN-15079,34.0,Dar es Salaam,414703.7089099233,50000,24,0,9.77501919656799,0
TZ-LOAN-15080,26.0,Arusha,856548.79236847,1000000,24,0,8.062370195400629,0
TZ-LOAN-15081,23.0,Mbeya,579647.7394562328,1000000,18,0,1.8372830857777638,0
TZ-LOAN-15082,60.0,Arusha,1126744.190490937,1000000,24,1,18.673405290769654,0
TZ-LOAN-15083,42.0,Arusha,800338.7828193728,500000,24,0,5.245415743935613,0
TZ-LOAN-15084,56.0,Mbeya,504010.64354321925,100000,29,0,1.9538663883012433,0
TZ-LOAN-15085,66.0,Mbeya,646938.3198827202,1000000,27,2,0.2175701326777449,1
TZ-LOAN-15086,45.0,Dar es Salaam,669015.0177913154,50000,28,0,22.1545760936184,0
TZ-LOAN-15087,50.0,Arusha,431482.906027487,1500000,21,0,4.569186138926532,1
TZ-LOAN-15088,54.0,Mwanza,376223.540546712,1000000,23,0,1.2908769565923852,1
TZ-LOAN-15089,26.0,Mwanza,860416.9681428499,500000,24,0,3.377752581075904,0
TZ-LOAN-15090,35.0,Dar es Salaam,903581.9891126286,500000,25,1,,0
TZ-LOAN-15091,38.0,Arusha,831134.4408658876,1500000,24,0,15.11708385585221,0
TZ-LOAN-15092,19.0,Dar es Salaam,,1000000,27,0,3.3928787585597426,0
TZ-LOAN-15093,60.0,Arusha,487468.0291965194,250000,28,0,3.3147163835710316,0
TZ-LOAN-15094,55.0,Dar es Salaam,1152281.229821339,1500000,23,0,7.913972792601308,0
TZ-LOAN-15095,57.0,Mbeya,379723.66443375417,100000,21,0,2.47895903898895,0
TZ-LOAN-15096,53.0,Mwanza,346194.33098945214,50000,23,1,1.0940046481532324,0
TZ-LOAN-15097,67.0,Dar es Salaam,,50000,25,3,7.313689642515385,1
TZ-LOAN-15098,60.0,Arusha,516261.4058519549,50000,27,0,12.045767130543814,0
TZ-LOAN-15099,54.0,Mwanza,498883.2989511639,50000,20,0,0.23402348892010522,0
TZ-LOAN-15100,32.0,Dar es Salaam,807781.1840763951,500000,28,0,9.82699630211133,0
TZ-LOAN-15101,45.0,Dodoma,723167.2824861353,100000,18,0,2.880050174494515,0
TZ-LOAN-15102,35.0,Mwanza,292107.98869425897,1000000,26,0,1.7063529970202953,1
TZ-LOAN-15103,51.0,Dodoma,532182.1284722547,1000000,32,0,0.19984271680347446,0
TZ-LOAN-15104,39.0,Arusha,538561.3936736943,250000,33,2,1.15035476385567,0
TZ-LOAN-15105,28.0,Mbeya,117205.32591143216,1000000,24,0,2.0238502554697746,1
TZ-LOAN-15106,30.0,Mbeya,355715.98189598916,100000,21,1,0.36653354175161384,0
TZ-LOAN-15107,21.0,Arusha,418755.9108157732,1000000,35,0,1.0461419943756483,0
TZ-LOAN-15108,39.0,Dodoma,1080087.505946284,500000,24,0,6.6749737394019535,0
TZ-LOAN-15109,24.0,Mbeya,707435.2147872058,1500000,24,2,5.805537553546271,1
TZ-LOAN-15110,60.0,Mbeya,848650.6261842499,1000000,28,0,7.344879276835529,0
TZ-LOAN-15111,41.0,Dodoma,200409.3508552364,50000,14,0,0.9031616037253164,0
TZ-LOAN-15112,21.0,Dar es Salaam,,50000,34,0,0.21991704999391123,0
TZ-LOAN-15113,45.0,Mbeya,1040330.6189072279,1500000,24,0,3.1611059265849315,0
TZ-LOAN-15114,32.0,Mbeya,50496.50985661219,50000,24,1,2.098718329618789,0
TZ-LOAN-15115,18.0,Dar es Salaam,438404.98282524553,50000,26,0,7.496936362083631,0
TZ-LOAN-15116,20.0,Dodoma,798729.6719046531,500000,22,0,3.8699075657483455,0
TZ-LOAN-15117,31.0,Dodoma,843316.5360614547,500000,25,0,13.381326908693346,0
TZ-LOAN-15118,55.0,Dar es Salaam,446451.58085383347,500000,25,0,0.31579811307260225,0
TZ-LOAN-15119,67.0,Mbeya,558350.1610839041,1000000,23,0,2.2602399273258085,0
TZ-LOAN-15120,18.0,Dar es Salaam,470785.68168645713,1500000,21,0,2.5979916368859395,1
TZ-LOAN-15121,55.0,Arusha,683125.4140838359,50000,14,0,0.6727420283781302,0
TZ-LOAN-15122,55.0,Dar es Salaam,1009153.5594385739,250000,28,0,4.373535715103512,0
TZ-LOAN-15123,38.0,Mwanza,418687.3528576386,1500000,32,0,0.2051644834234065,1
TZ-LOAN-15124,65.0,Dodoma,950246.1493305243,250000,37,3,6.236578906630202,0
TZ-LOAN-15125,46.0,Mbeya,415498.3782959337,50000,35,1,0.1908108040684781,0
TZ-LOAN-15126,22.0,Mbeya,395711.83625093475,100000,26,0,10.33646046788692,0
TZ-LOAN-15127,66.0,Arusha,895578.385502964,1500000,26,0,0.3361879835885229,0
TZ-LOAN-15128,27.0,Mbeya,926580.913402285,1000000,24,0,3.0472427259699266,0
TZ-LOAN-15129,45.0,Arusha,905422.9810287963,250000,27,2,0.8443742447372311,0
TZ-LOAN-15130,38.0,Arusha,255260.77753455762,1500000,19,3,0.714286550047138,1
TZ-LOAN-15131,67.0,Dodoma,510214.70657838474,1500000,30,0,6.386584378517432,1
TZ-LOAN-15132,24.0,Arusha,,500000,17,0,7.44165851083194,0
TZ-LOAN-15133,20.0,Dodoma,662462.5521691684,100000,22,0,6.719989742473098,0
TZ-LOAN-15134,62.0,Arusha,327892.14614076074,500000,21,0,2.587504698178641,0
TZ-LOAN-15135,64.0,Dar es Salaam,787495.3817376324,100000,33,0,23.435176210478126,0
TZ-LOAN-15136,37.0,Dodoma,435557.82230255887,100000,30,0,2.077341752523397,0
TZ-LOAN-15137,36.0,Mwanza,1188357.4545176635,1000000,22,0,1.4070393898307763,0
TZ-LOAN-15138,52.0,Dar es Salaam,1113452.4387254776,1500000,26,0,28.28271276640819,0
TZ-LOAN-15139,21.0,Arusha,831229.2279066702,500000,16,0,18.921845411720156,0
TZ-LOAN-15140,22.0,Mwanza,,500000,24,0,4.480430810229891,0
TZ-LOAN-15141,18.0,Dodoma,669437.4050370143,250000,19,1,1.1725342125628613,0
TZ-LOAN-15142,21.0,Mwanza,879631.2483125047,1500000,26,0,1.362317975260706,0
TZ-LOAN-15143,29.0,Mwanza,1093316.0885906224,50000,34,0,3.6790777793461094,0
TZ-LOAN-15144,150.0,Arusha,723649.6045382938,50000,30,0,7.482850333139147,0
TZ-LOAN-15145,59.0,Dar es Salaam,573443.8485457149,250000,24,0,0.40309098169333346,0
TZ-LOAN-15146,40.0,Mwanza,138613.41254686523,100000,22,1,5.818481201226837,0
TZ-LOAN-15147,42.0,Dar es Salaam,625059.9422835518,250000,27,0,0.5441150120099013,0
TZ-LOAN-15148,38.0,Mwanza,897026.9553686935,250000,29,0,9.293047119469941,0
TZ-LOAN-15149,69.0,Dodoma,933690.0282702888,500000,25,0,3.797698133068038,0
TZ-LOAN-15150,41.0,Arusha,801309.5197155229,250000,28,0,22.875189037161178,0
TZ-LOAN-15151,42.0,Mwanza,487610.27151132806,100000,17,0,6.9914750532120085,0
TZ-LOAN-15152,62.0,Arusha,56953.52931572287,50000,25,0,3.438098997385693,0
TZ-LOAN-15153,63.0,Dar es Salaam,501435.4705985795,1000000,23,0,0.7609630289379249,0
TZ-LOAN-15154,49.0,Mwanza,558696.5386838146,1500000,34,0,3.908751694108454,1
TZ-LOAN-15155,49.0,Dodoma,556121.3098429957,250000,29,0,0.6077020694775938,0
TZ-LOAN-15156,22.0,Mbeya,835566.9070933773,1500000,26,0,11.777946613199969,0
TZ-LOAN-15157,53.0,Dar es Salaam,1245702.9233044519,250000,20,0,1.3072637704857502,0
TZ-LOAN-15158,63.0,Arusha,687058.7605523278,1500000,22,0,10.026001727414158,1
TZ-LOAN-15159,59.0,Dar es Salaam,584980.4632530615,500000,17,0,1.811328118295601,0
TZ-LOAN-15160,66.0,Dodoma,572233.4560987722,500000,27,0,1.254491935166961,0
TZ-LOAN-15161,59.0,Arusha,687315.4300723142,1500000,26,0,1.8137247799910865,0
TZ-LOAN-15162,56.0,Arusha,401511.8718954803,250000,33,0,6.147378912052545,0
TZ-LOAN-15163,33.0,Arusha,686059.5676238165,250000,28,2,3.724472037102985,0
TZ-LOAN-15164,50.0,Mbeya,785243.70089954,100000,29,0,0.5684896967098362,0
TZ-LOAN-15165,66.0,Mbeya,712905.8190723464,50000,27,1,0.7370448820046714,0
TZ-LOAN-15166,38.0,Arusha,787262.5802014343,50000,19,0,2.3783355637679793,0
TZ-LOAN-15167,26.0,Mbeya,780124.2828045606,1000000,33,1,2.0665554245674014,0
TZ-LOAN-15168,23.0,Arusha,118430.99532606686,50000,34,0,9.543784202950334,0
TZ-LOAN-15169,68.0,Dodoma,841061.047518621,1000000,19,2,4.246119125049427,1
TZ-LOAN-15170,62.0,Arusha,448695.5463012639,500000,22,2,1.0333683012630093,1
TZ-LOAN-15171,52.0,Mbeya,321248.2510988126,1000000,29,2,0.14376208291628975,1
TZ-LOAN-15172,56.0,Dodoma,318664.4516435011,1000000,40,1,0.5399482082449716,1
TZ-LOAN-15173,39.0,Dodoma,780062.4831417588,50000,26,0,6.026730123974641,0
TZ-LOAN-15174,58.0,Mbeya,583227.5218325441,250000,33,0,9.3897664598038,0
TZ-LOAN-15175,22.0,Arusha,145409.3648043768,500000,27,2,7.6286558485980285,1
TZ-LOAN-15176,59.0,Mbeya,,100000,31,0,7.8002747527600444,0
TZ-LOAN-15177,40.0,Dar es Salaam,218117.56076035183,1000000,27,0,1.512022562246621,1
TZ-LOAN-15178,34.0,Mbeya,691946.4075554633,1000000,23,0,22.588559141683724,0
TZ-LOAN-15179,29.0,Dodoma,721549.6777019162,1500000,30,0,0.45185892134366434,0
TZ-LOAN-15180,40.0,Arusha,915673.1245085135,1000000,31,0,8.604511115971684,0
TZ-LOAN-15181,33.0,Mwanza,1184505.4359400554,250000,23,2,0.5091519580199837,0
TZ-LOAN-15182,20.0,Arusha,240597.1022298375,100000,27,1,1.5566733789529934,0
TZ-LOAN-15183,47.0,Dodoma,634257.8431810852,1500000,30,0,3.4200852186510042,0
TZ-LOAN-15184,39.0,Arusha,567099.4114867348,50000,35,0,0.2740804648334917,0
TZ-LOAN-15185,26.0,Dodoma,780124.9057882887,500000,31,0,2.5057904057489693,0
TZ-LOAN-15186,46.0,Mwanza,,250000,17,0,2.1547945209246953,0
TZ-LOAN-15187,64.0,Mbeya,544236.127179014,100000,13,1,5.208874123283259,0
TZ-LOAN-15188,54.0,Dar es Salaam,517729.34341674333,500000,26,0,6.329479170351645,0
TZ-LOAN-15189,40.0,Arusha,315064.74344478577,50000,23,0,0.4742755691820112,0
TZ-LOAN-15190,30.0,Mwanza,946358.4747219528,500000,21,0,0.1940600733474737,0
TZ-LOAN-15191,49.0,Arusha,787761.2544798588,1500000,29,0,7.478120883850052,0
TZ-LOAN-15192,63.0,Dar es Salaam,925330.4593385411,1000000,32,0,3.7537902294597685,0
TZ-LOAN-15193,69.0,Dar es Salaam,556881.1590573459,1000000,24,0,3.8246850157780803,0
TZ-LOAN-15194,64.0,Dar es Salaam,452949.3593916709,250000,27,1,19.742571747681126,0
TZ-LOAN-15195,65.0,Mwanza,326505.4800112317,500000,31,0,2.8789681344741065,0
TZ-LOAN-15196,40.0,Dar es Salaam,757675.2751221978,1000000,21,0,1.0919774652206655,0
TZ-LOAN-15197,62.0,Dar es Salaam,338062.03264152963,250000,32,1,5.707199268217891,0
TZ-LOAN-15198,34.0,Dar es Salaam,1204598.9206899651,250000,28,1,8.455356920115179,0
TZ-LOAN-15199,57.0,Dar es Salaam,257707.22567196784,1500000,25,1,3.4893995933136166,1
TZ-LOAN-15200,38.0,Mwanza,732098.0357637506,250000,16,1,5.88526848251096,0
TZ-LOAN-15201,19.0,Arusha,1120056.4121641358,50000,29,0,3.607027616928835,0
TZ-LOAN-15202,54.0,Mwanza,,1000000,28,2,2.615775420935626,1
TZ-LOAN-15203,23.0,Mwanza,702702.1137475338,1000000,16,0,0.17439596051912065,0
TZ-LOAN-15204,61.0,Dar es Salaam,359454.9059114313,100000,31,0,0.9542445497339394,0
TZ-LOAN-15205,35.0,Mbeya,235469.2434296888,50000,23,0,3.2673971547464706,0
TZ-LOAN-15206,47.0,Arusha,,1000000,14,2,2.5252829315362053,1
TZ-LOAN-15207,39.0,Arusha,1101844.172232484,1500000,21,0,9.253847086889236,0
TZ-LOAN-15208,50.0,Mbeya,-150000.0,1000000,23,0,0.5739459416237571,0
TZ-LOAN-15209,47.0,Arusha,308281.5477150947,100000,26,0,0.2571377516963756,0
TZ-LOAN-15210,34.0,Dar es Salaam,-87450.82916470559,500000,31,0,0.4558487886860295,0
TZ-LOAN-15211,60.0,Dar es Salaam,355770.5469012387,500000,31,0,5.667457844104408,0
TZ-LOAN-15212,49.0,Dar es Salaam,615902.947250288,50000,19,0,4.512845005432999,0
TZ-LOAN-15213,59.0,Dar es Salaam,1129736.9722510204,250000,25,0,5.001356188614383,0
TZ-LOAN-15214,68.0,Dodoma,851940.1076698905,100000,30,1,0.8534757850618234,0
TZ-LOAN-15215,31.0,Dar es Salaam,741525.6214120259,100000,32,0,3.631997487532157,0
TZ-LOAN-15216,27.0,Dodoma,529964.1016096607,1000000,21,1,7.297983188688533,1
TZ-LOAN-15217,64.0,Arusha,475050.2848232131,1500000,31,0,5.75810942029422,1
TZ-LOAN-15218,68.0,Arusha,1071694.279252389,1000000,18,0,2.887390153310307,0
TZ-LOAN-15219,53.0,Dodoma,710221.5622275169,1500000,24,0,0.5462877927342555,0
TZ-LOAN-15220,51.0,Arusha,-150000.0,100000,23,1,10.226175121025872,1
TZ-LOAN-15221,26.0,Mwanza,447938.10563082714,250000,30,0,3.7348957558723,0
TZ-LOAN-15222,59.0,Mbeya,392535.190468512,500000,25,1,,0
TZ-LOAN-15223,45.0,Mwanza,486120.7972467606,50000,31,0,2.887499776867963,0
TZ-LOAN-15224,28.0,Dodoma,818873.1980855255,1500000,23,0,1.3525715926743707,0
TZ-LOAN-15225,31.0,Mbeya,617766.5354617252,500000,28,0,1.8366071591476119,0
TZ-LOAN-15226,56.0,Dodoma,626940.3778989014,50000,36,0,2.7077072022986965,0
TZ-LOAN-15227,64.0,Dar es Salaam,1044041.948397571,250000,21,0,4.762480709602685,0
TZ-LOAN-15228,36.0,Mbeya,441061.67306399345,100000,26,0,7.324761552282827,0
TZ-LOAN-15229,32.0,Dodoma,1209259.857766205,250000,27,0,1.3895870572224236,0
TZ-LOAN-15230,45.0,Dar es Salaam,448607.72258867417,1500000,25,1,1.0395626760429628,1
TZ-LOAN-15231,41.0,Arusha,676759.4589837714,100000,16,0,1.1323628003987083,0
TZ-LOAN-15232,25.0,Dodoma,565638.9213791699,1000000,25,0,13.628508812383275,0
TZ-LOAN-15233,60.0,Mbeya,687025.7400502883,50000,26,3,0.8953274399571611,0
TZ-LOAN-15234,26.0,Arusha,783377.5985219387,1000000,35,0,2.121277182887883,0
TZ-LOAN-15235,64.0,Dodoma,780150.572026663,100000,16,0,3.3263724929911413,0
TZ-LOAN-15236,50.0,Dodoma,424064.80081382603,50000,17,1,4.061945612752284,0
TZ-LOAN-15237,50.0,Arusha,313125.5967657288,50000,24,0,9.762640013255977,0
TZ-LOAN-15238,36.0,Dar es Salaam,1400951.5372717134,1000000,21,0,0.5988967541863253,0
TZ-LOAN-15239,20.0,Mbeya,504804.69811983407,50000,34,0,0.5715208063590191,0
TZ-LOAN-15240,27.0,Dar es Salaam,859763.731601596,100000,30,1,1.901982220565833,0
TZ-LOAN-15241,57.0,Mbeya,167707.60684304097,1500000,20,1,2.665368582834959,1
TZ-LOAN-15242,64.0,Arusha,,1500000,21,0,2.3402330230676047,1
TZ-LOAN-15243,59.0,Dar es Salaam,611840.1848052671,100000,26,0,2.4870945335758083,0
TZ-LOAN-15244,18.0,Mwanza,791844.5209783497,1000000,29,0,9.534336717972792,0
TZ-LOAN-15245,46.0,Mwanza,-166736.24229758163,250000,28,0,9.059861485921704,0
TZ-LOAN-15246,67.0,Dodoma,699842.1839234992,100000,22,0,8.18664914381076,0
TZ-LOAN-15247,51.0,Dar es Salaam,305077.56338963215,1500000,21,1,,1
TZ-LOAN-15248,68.0,Dodoma,747303.7133584771,100000,24,3,0.20613780512223126,0
TZ-LOAN-15249,30.0,Dar es Salaam,339101.2409485511,50000,15,0,0.8089941954544682,0
TZ-LOAN-15250,18.0,Mbeya,393355.1912223256,50000,24,3,6.587436878737427,0
TZ-LOAN-15251,51.0,Mbeya,567911.7168820195,100000,30,0,4.517414558084612,0
TZ-LOAN-15252,46.0,Arusha,334301.1591190414,1000000,21,1,5.603439528012018,1
TZ-LOAN-15253,65.0,Mwanza,507339.6659793935,250000,24,0,6.310329790716366,0
TZ-LOAN-15254,64.0,Mwanza,291987.2694370054,50000,25,0,,0
TZ-LOAN-15255,30.0,Arusha,100048.86449038179,1500000,27,0,5.041248165270721,1
TZ-LOAN-15256,65.0,Arusha,955387.1157288079,50000,24,0,1.6118329540402188,0
TZ-LOAN-15257,66.0,Arusha,261185.39215282153,1500000,32,1,0.43332593199255987,1
TZ-LOAN-15258,46.0,Arusha,596395.7337176049,250000,23,1,2.8289152115863163,0
TZ-LOAN-15259,56.0,Dar es Salaam,875867.3244481354,50000,30,0,6.1867787532804535,0
TZ-LOAN-15260,41.0,Arusha,465516.76924518705,1000000,19,0,1.655741972410917,0
TZ-LOAN-15261,43.0,Dodoma,402450.23007633863,1500000,27,0,0.6396175353866912,1
TZ-LOAN-15262,34.0,Arusha,,50000,28,0,33.392792300490754,0
TZ-LOAN-15263,24.0,Dar es Salaam,985380.1468181456,50000,30,0,2.713941533565436,0
TZ-LOAN-15264,30.0,Mwanza,299205.42047405936,100000,30,0,1.218739295007849,0
TZ-LOAN-15265,22.0,Mwanza,604955.6503947683,1000000,28,2,0.8989594282994569,1
TZ-LOAN-15266,43.0,Mwanza,130251.62150980177,1000000,21,0,9.930935727739579,1
TZ-LOAN-15267,66.0,Dar es Salaam,532039.698895343,100000,24,1,8.563000848550274,0
TZ-LOAN-15268,20.0,Arusha,660261.4053614227,1500000,19,0,4.750796623862564,0
TZ-LOAN-15269,24.0,Mbeya,393612.6074734803,500000,26,2,,1
TZ-LOAN-15270,66.0,Mwanza,512902.44985243055,250000,27,0,15.124673189834398,0
TZ-LOAN-15271,56.0,Mwanza,227531.96950776497,1000000,30,0,1.2955872571957026,1
TZ-LOAN-15272,18.0,Mbeya,673123.5834144481,500000,26,0,2.684082359033151,0
TZ-LOAN-15273,66.0,Arusha,966708.274664945,1500000,28,0,0.12487139560802779,0
TZ-LOAN-15274,34.0,Mwanza,320856.8390688609,250000,23,0,2.7114934533953687,0
TZ-LOAN-15275,60.0,Arusha,463198.4700342851,1000000,26,0,,0
TZ-LOAN-15276,42.0,Dodoma,800763.8739362545,50000,31,1,14.928240390989346,0
TZ-LOAN-15277,20.0,Mbeya,1013627.2157968208,1000000,21,0,2.2176454498532476,0
TZ-LOAN-15278,32.0,Dar es Salaam,202043.0563373206,250000,20,0,9.00266701974928,0
TZ-LOAN-15279,46.0,Arusha,599364.5787752152,500000,25,2,7.27487196875969,0
TZ-LOAN-15280,60.0,Mbeya,734939.2466958575,50000,20,1,,0
TZ-LOAN-15281,49.0,Mbeya,619383.0828113456,250000,29,0,16.44611899527757,0
TZ-LOAN-15282,43.0,Mbeya,-93037.62006312609,1500000,22,0,4.9843291064417485,0
TZ-LOAN-15283,33.0,Dar es Salaam,800327.0027926315,250000,21,0,4.5385201083042395,0
TZ-LOAN-15284,42.0,Mwanza,1105800.9053271932,1000000,30,0,0.0588724607885925,0
TZ-LOAN-15285,45.0,Dodoma,684998.525350851,1500000,23,0,6.006727853368476,0
TZ-LOAN-15286,26.0,Mwanza,340668.184011721,100000,30,0,0.2861801900791277,0
TZ-LOAN-15287,18.0,Arusha,496061.82609071507,100000,28,0,1.025172643711105,0
TZ-LOAN-15288,46.0,Mbeya,1180973.9202966779,50000,27,0,0.5191472338623746,0
TZ-LOAN-15289,39.0,Mwanza,922988.7622581676,250000,17,0,2.375731535258154,0
TZ-LOAN-15290,33.0,Dar es Salaam,842007.9855152988,500000,27,0,7.941110394766532,0
TZ-LOAN-15291,58.0,Dar es Salaam,756923.7750603128,50000,23,1,6.144428617195842,0
TZ-LOAN-15292,68.0,Dodoma,451658.8663427083,1500000,26,3,0.5641368574525446,1
TZ-LOAN-15293,61.0,Mwanza,,50000,22,0,8.008866622477592,0
TZ-LOAN-15294,68.0,Dar es Salaam,626623.1792964452,1000000,26,0,3.088780749807734,0
TZ-LOAN-15295,58.0,Dar es Salaam,814872.2948193331,1500000,31,0,0.16587517079167263,0
TZ-LOAN-15296,24.0,Dodoma,1102675.668280071,500000,15,0,1.266895750599049,0
TZ-LOAN-15297,31.0,Arusha,985501.4410379385,250000,27,0,7.6899027208270265,0
TZ-LOAN-15298,46.0,Mwanza,224184.69326118781,1500000,25,0,6.608149344393599,1
TZ-LOAN-15299,36.0,Arusha,717198.4906703146,250000,23,0,1.0434372500364744,0
TZ-LOAN-15300,36.0,Mbeya,871029.0035503691,250000,30,3,0.19369928128162742,0
TZ-LOAN-15301,19.0,Arusha,835658.0990433906,50000,16,0,1.749219812866193,0
TZ-LOAN-15302,58.0,Dar es Salaam,461229.8709837742,1000000,21,0,7.921943821834855,0
TZ-LOAN-15303,62.0,Dar es Salaam,1524232.7647305084,50000,19,0,13.934694538887841,0
TZ-LOAN-15304,32.0,Arusha,266874.63130066433,100000,20,1,4.25351733861818,0
TZ-LOAN-15305,20.0,Arusha,325043.466000185,100000,30,0,0.47762221611763644,0
TZ-LOAN-15306,28.0,Mbeya,720078.5243784729,250000,18,0,3.486641096479132,0
TZ-LOAN-15307,63.0,Mbeya,1285040.916489156,1000000,29,0,33.5913480179484,0
TZ-LOAN-15308,47.0,Mwanza,399141.5447887487,1500000,33,0,13.957350289558665,1
TZ-LOAN-15309,57.0,Dar es Salaam,570251.4903059023,250000,18,0,24.96226099175288,0
TZ-LOAN-15310,35.0,Mwanza,973188.1019047078,1500000,22,0,6.010118703562158,0
TZ-LOAN-15311,68.0,Mwanza,644641.35353368,250000,25,1,,0
TZ-LOAN-15312,65.0,Arusha,,50000,24,0,11.180690100928917,0
TZ-LOAN-15313,19.0,Dar es Salaam,819689.8705660161,250000,23,1,11.27757551570122,0
TZ-LOAN-15314,49.0,Mwanza,731755.3970688779,250000,23,0,0.7795560025509962,0
TZ-LOAN-15315,25.0,Arusha,959131.6356910374,1000000,25,0,7.466856340488493,0
TZ-LOAN-15316,39.0,Dodoma,1037440.6667196089,1000000,27,0,12.585673358356233,0
TZ-LOAN-15317,23.0,Mbeya,,1500000,16,0,11.439451800842733,1
TZ-LOAN-15318,29.0,Arusha,737519.8176134927,1000000,23,0,,0
TZ-LOAN-15319,64.0,Arusha,714233.29468584,250000,22,0,3.8540123354037723,0
TZ-LOAN-15320,57.0,Mwanza,796739.1669947864,1000000,33,1,7.497298819584466,0
TZ-LOAN-15321,53.0,Arusha,666551.1913614392,1000000,19,0,3.6299620523244727,0
TZ-LOAN-15322,32.0,Arusha,649817.4553033132,500000,25,0,1.9373946876824546,0
TZ-LOAN-15323,45.0,Mwanza,1008988.1362481727,500000,24,0,1.4983582634755077,0
TZ-LOAN-15324,69.0,Arusha,1104834.8541065129,100000,29,2,3.8897928019909878,0
TZ-LOAN-15325,66.0,Mbeya,197734.11660997377,50000,20,0,3.0436154766694035,0
TZ-LOAN-15326,62.0,Dar es Salaam,653006.3455221708,50000,20,0,3.7168922274374854,0
TZ-LOAN-15327,35.0,Mwanza,443391.6699664296,1000000,21,0,1.5102365240992865,0
TZ-LOAN-15328,19.0,Dodoma,556708.5600541783,100000,19,0,4.4651068957090745,0
TZ-LOAN-15329,30.0,Dodoma,770754.8629205964,100000,30,2,5.424647922675764,0
TZ-LOAN-15330,62.0,Dar es Salaam,850831.5114627406,1500000,29,0,8.221412310613577,0
TZ-LOAN-15331,32.0,Mbeya,616362.0669165965,500000,21,0,4.457837216612128,0
TZ-LOAN-15332,37.0,Arusha,75997.89958315913,100000,29,0,7.0543863471636525,0
TZ-LOAN-15333,46.0,Dodoma,,250000,25,1,0.9279464057727905,0
TZ-LOAN-15334,59.0,Arusha,918949.9010600498,1500000,19,0,0.6452085447013983,0
TZ-LOAN-15335,46.0,Mbeya,-172127.92661047936,1000000,26,0,0.9900666992703505,0
TZ-LOAN-15336,20.0,Mwanza,1006228.1455045999,250000,33,1,9.36262865208992,0
TZ-LOAN-15337,36.0,Dar es Salaam,806368.9971933623,50000,21,0,4.061341772414393,0
TZ-LOAN-15338,20.0,Mbeya,1044852.8244590065,500000,32,0,3.0377402906845314,0
TZ-LOAN-15339,31.0,Dodoma,590429.2439357119,250000,29,0,7.180773387872951,0
TZ-LOAN-15340,57.0,Dodoma,31578.37279312848,1000000,25,0,0.6623906833363767,1
TZ-LOAN-15341,21.0,Dar es Salaam,779108.7924519494,250000,25,0,0.031136566295332912,0
TZ-LOAN-15342,69.0,Mwanza,1032395.9372115023,250000,30,1,1.8623146753438067,0
TZ-LOAN-15343,28.0,Mbeya,927416.5416540264,100000,21,0,1.43104468391299,0
TZ-LOAN-15344,48.0,Dodoma,451192.55495358934,500000,30,0,1.8360139080549547,0
TZ-LOAN-15345,60.0,Dodoma,676028.322638794,50000,25,0,,0
TZ-LOAN-15346,49.0,Mwanza,490149.1193660228,1000000,23,3,4.1937065276409164,1
TZ-LOAN-15347,44.0,Dodoma,404220.06074318837,1500000,21,0,4.4471718783964125,1
TZ-LOAN-15348,47.0,Dodoma,936616.5713539553,1500000,25,0,5.330763553731012,0
TZ-LOAN-15349,60.0,Arusha,290740.3066204514,1000000,28,3,2.5352095012502947,1
TZ-LOAN-15350,19.0,Dar es Salaam,381855.0708255162,50000,28,1,19.310433306109417,0
TZ-LOAN-15351,66.0,Arusha,318792.3099582844,1000000,20,0,18.10823931507933,1
TZ-LOAN-15352,26.0,Dodoma,202925.743010286,100000,23,0,7.332000464675989,0
TZ-LOAN-15353,45.0,Mwanza,693924.287552781,1500000,24,0,1.1893330780816678,0
TZ-LOAN-15354,48.0,Dar es Salaam,998450.9145445928,1500000,29,0,10.609525632243713,0
TZ-LOAN-15355,51.0,Mbeya,594536.9731264203,250000,25,0,0.5319156560232096,0
TZ-LOAN-15356,32.0,Mbeya,198275.65983075008,100000,25,0,4.969840291925187,0
TZ-LOAN-15357,65.0,Mwanza,901983.3619226082,1500000,30,0,3.055211233478781,0
TZ-LOAN-15358,42.0,Mbeya,1155710.5262104915,100000,16,0,0.20002660430084912,0
TZ-LOAN-15359,53.0,Arusha,456127.3027560216,100000,23,1,11.712194564794336,0
TZ-LOAN-15360,25.0,Dodoma,506433.7199846845,50000,29,1,16.23288549907518,0
TZ-LOAN-15361,26.0,Mbeya,804698.1890250182,1500000,26,0,11.897035617907239,0
TZ-LOAN-15362,54.0,Arusha,1136562.1243355153,500000,26,0,1.0688555407189533,0
TZ-LOAN-15363,65.0,Dar es Salaam,494049.7562824321,50000,21,1,2.0246904945592368,0
TZ-LOAN-15364,62.0,Mwanza,250265.06570053851,50000,29,0,15.587572667747576,0
TZ-LOAN-15365,56.0,Dar es Salaam,839425.581881722,100000,29,0,0.562619133350839,0
TZ-LOAN-15366,49.0,Dar es Salaam,889720.4219426898,500000,27,2,4.377000620795951,0
TZ-LOAN-15367,69.0,Arusha,651839.4351305681,50000,25,0,3.323017142395072,0
TZ-LOAN-15368,34.0,Mbeya,482560.0221027648,500000,17,0,0.823775553578041,0
TZ-LOAN-15369,52.0,Arusha,,1500000,30,1,10.883177155053815,1
TZ-LOAN-15370,54.0,Mbeya,808410.8013643892,100000,24,0,0.7202435583375337,0
TZ-LOAN-15371,36.0,Dodoma,419469.34492895217,50000,33,0,4.491111773137048,0
TZ-LOAN-15372,61.0,Mwanza,664728.4193917015,500000,21,3,1.9149543984675377,1
TZ-LOAN-15373,46.0,Dodoma,244487.740392606,1000000,27,0,2.7062621329074306,1
TZ-LOAN-15374,24.0,Mbeya,855767.1369313761,50000,24,0,1.1872242343271646,0
TZ-LOAN-15375,45.0,Mbeya,571329.9291851432,50000,19,0,4.899735749546278,0
TZ-LOAN-15376,26.0,Dar es Salaam,519286.7502845789,50000,25,0,22.40481025586622,0
TZ-LOAN-15377,45.0,Mbeya,640137.6544542698,500000,26,0,8.965094239790524,0
TZ-LOAN-15378,23.0,Dar es Salaam,662092.3097990743,250000,33,0,5.747515529406524,0
TZ-LOAN-15379,46.0,Dar es Salaam,918479.0184696682,1500000,22,0,,0
TZ-LOAN-15380,34.0,Mwanza,827327.1593975665,50000,34,1,9.14066555722554,0
TZ-LOAN-15381,33.0,Mbeya,603077.2163621592,1000000,24,1,3.1984784867775895,0
TZ-LOAN-15382,40.0,Dodoma,879100.4449156986,1000000,25,0,4.1855982402658745,0
TZ-LOAN-15383,48.0,Arusha,770221.1761074839,100000,24,0,11.292016001600675,0
TZ-LOAN-15384,20.0,Dar es Salaam,522020.1091141889,250000,28,0,5.952771747450837,0
TZ-LOAN-15385,38.0,Arusha,,250000,18,0,0.7310468431327768,0
TZ-LOAN-15386,43.0,Dar es Salaam,605533.1333470638,500000,13,0,7.560098882570028,0
TZ-LOAN-15387,53.0,Dodoma,801578.4029522606,100000,27,0,0.11484037634534656,0
TZ-LOAN-15388,59.0,Dar es Salaam,539893.2155835074,500000,19,1,9.40383851897854,0
TZ-LOAN-15389,54.0,Mwanza,532877.24407351,100000,24,0,7.762909497722444,0
TZ-LOAN-15390,39.0,Dar es Salaam,1240627.1928301877,1500000,20,1,8.881773240778738,0
TZ-LOAN-15391,59.0,Mbeya,931920.6445241312,250000,25,0,0.11937653178418106,0
TZ-LOAN-15392,29.0,Mwanza,421819.80067245825,1500000,34,1,17.958552128351272,1
TZ-LOAN-15393,59.0,Dar es Salaam,821282.2981826595,500000,20,1,4.7613000439303725,0
TZ-LOAN-15394,30.0,Dar es Salaam,685505.0196965531,100000,25,0,8.048399538155463,0
TZ-LOAN-15395,28.0,Arusha,767465.3525780281,250000,30,0,4.1799991600647095,0
TZ-LOAN-15396,33.0,Dar es Salaam,691202.3973695313,250000,28,0,2.075678460494579,0
TZ-LOAN-15397,25.0,Mwanza,1006892.7936455708,50000,24,0,1.7559384707246914,0
TZ-LOAN-15398,57.0,Dar es Salaam,753686.1033954337,500000,29,0,,0
TZ-LOAN-15399,57.0,Arusha,631373.3905357138,50000,21,0,3.9100552884285955,0
TZ-LOAN-15400,62.0,Dodoma,962657.1730949052,250000,31,0,0.7750252955829473,0
TZ-LOAN-15401,19.0,Arusha,719985.5123263616,500000,24,0,4.191065745234681,0
TZ-LOAN-15402,47.0,Arusha,686443.5737987173,500000,16,0,,0
TZ-LOAN-15403,47.0,Dar es Salaam,744206.7807458343,1500000,28,2,2.9177047353760903,1
TZ-LOAN-15404,29.0,Dodoma,621917.2929900901,1000000,22,0,0.8499387018059122,0
TZ-LOAN-15405,27.0,Mwanza,652768.0978986407,100000,30,0,2.8344000895307557,0
TZ-LOAN-15406,61.0,Mwanza,473991.6233714382,1000000,25,0,10.546287223819572,0
TZ-LOAN-15407,28.0,Mbeya,,1000000,21,0,3.0628872993142275,0
TZ-LOAN-15408,32.0,Arusha,350428.88405526814,250000,22,0,2.0982978080492454,0
TZ-LOAN-15409,33.0,Arusha,232405.0139608772,1500000,19,0,4.968072630743096,1
TZ-LOAN-15410,34.0,Mbeya,386084.79158463306,100000,23,0,4.822972310616537,0
TZ-LOAN-15411,43.0,Dar es Salaam,597719.8896599223,1000000,22,0,0.4749418975423374,0
TZ-LOAN-15412,19.0,Mwanza,680935.2747336911,1000000,27,0,1.3491490065566594,0
TZ-LOAN-15413,67.0,Mwanza,568611.0310557078,500000,29,0,3.410093633814832,0
TZ-LOAN-15414,29.0,Mbeya,-56711.04703820741,250000,21,0,2.2811432888463017,0
TZ-LOAN-15415,68.0,Mbeya,1122375.9073287027,1000000,31,0,1.927995587335206,0
TZ-LOAN-15416,43.0,Mbeya,975944.0368671145,100000,34,0,2.950369751076062,0
TZ-LOAN-15417,40.0,Dodoma,783727.9553651386,50000,26,0,1.7146639455735693,0
TZ-LOAN-15418,35.0,Arusha,1222247.2017659806,50000,26,0,2.1345038772466722,0
TZ-LOAN-15419,49.0,Mwanza,356790.7647548868,250000,23,0,7.427917679179574,0
TZ-LOAN-15420,66.0,Dar es Salaam,1216287.5361878015,50000,18,0,3.5691070367690525,0
TZ-LOAN-15421,55.0,Dodoma,360435.7769748356,500000,25,0,10.312170729473278,0
TZ-LOAN-15422,64.0,Arusha,721621.377587407,500000,27,0,14.836720987312024,0
TZ-LOAN-15423,20.0,Dodoma,267848.8024597387,100000,21,2,12.760189918675792,0
TZ-LOAN-15424,55.0,Arusha,654408.2286633101,1500000,27,0,1.4632123923876224,0
TZ-LOAN-15425,20.0,Mbeya,765849.9493995166,250000,21,0,3.2016915095134113,0
TZ-LOAN-15426,47.0,Dar es Salaam,603592.9006596336,250000,28,0,3.8291505050746286,0
TZ-LOAN-15427,18.0,Mbeya,864163.2332270413,50000,30,0,9.559163598392658,0
TZ-LOAN-15428,47.0,Mwanza,679704.3348461771,1000000,26,0,4.0937863627432645,0
TZ-LOAN-15429,62.0,Mwanza,493275.58148674725,1000000,25,2,1.4565464848995726,1
TZ-LOAN-15430,49.0,Mwanza,479956.0046592982,1500000,19,0,3.965269794793715,1
TZ-LOAN-15431,45.0,Mwanza,,1000000,22,0,0.2264749916983465,0
TZ-LOAN-15432,38.0,Dodoma,453877.39105790976,1500000,22,1,8.982976831093591,1
TZ-LOAN-15433,63.0,Dar es Salaam,924620.891145481,100000,27,1,4.1735465178609354,0
TZ-LOAN-15434,30.0,Dar es Salaam,1016813.5378495792,250000,25,0,5.273702564333432,0
TZ-LOAN-15435,44.0,Mwanza,149385.841296161,50000,25,0,1.121590766622706,0
TZ-LOAN-15436,53.0,Arusha,989877.9161903104,100000,23,3,4.083748447249368,0
TZ-LOAN-15437,24.0,Mbeya,1268126.8095334098,500000,26,0,3.781892945382796,0
TZ-LOAN-15438,39.0,Mwanza,725601.1283605786,500000,20,0,4.833066530663545,0
TZ-LOAN-15439,27.0,Arusha,829725.2555884467,500000,23,3,9.400332831632593,1
TZ-LOAN-15440,56.0,Dar es Salaam,961101.5973107476,1500000,26,1,7.231038467033704,0
TZ-LOAN-15441,32.0,Mbeya,567355.3054462933,1500000,23,0,3.957929746223066,1
TZ-LOAN-15442,32.0,Dar es Salaam,704684.0670613609,250000,27,0,11.193503647856852,0
TZ-LOAN-15443,21.0,Dar es Salaam,255740.14111306722,500000,27,0,,0
TZ-LOAN-15444,49.0,Dodoma,691590.5085591353,1500000,28,0,3.3917935557829915,0
TZ-LOAN-15445,40.0,Mbeya,799433.5986933624,1500000,18,0,5.2410314911250655,0
TZ-LOAN-15446,23.0,Dodoma,804848.9068779408,1000000,17,3,2.9059426100208094,1
TZ-LOAN-15447,41.0,Mwanza,,1500000,25,0,2.242527602152787,0
TZ-LOAN-15448,37.0,Mbeya,417559.3465593413,500000,41,1,0.5961380585609384,0
TZ-LOAN-15449,54.0,Arusha,,100000,33,0,5.051626447328861,0
TZ-LOAN-15450,37.0,Dar es Salaam,1218652.2037974065,500000,30,1,,0
TZ-LOAN-15451,29.0,Dar es Salaam,604901.487870887,1000000,16,2,0.7439792411459849,1
TZ-LOAN-15452,50.0,Dodoma,710010.1361936984,500000,33,0,1.005399349243745,0
TZ-LOAN-15453,45.0,Dodoma,629896.9874824337,50000,18,1,5.831466662295796,0
TZ-LOAN-15454,25.0,Dodoma,403495.7521084933,1000000,30,1,0.7445841964162593,1
TZ-LOAN-15455,18.0,Mbeya,1137058.7632675418,250000,22,2,18.69791972753473,0
TZ-LOAN-15456,54.0,Dar es Salaam,491689.57642381825,500000,23,0,7.10528575704693,0
TZ-LOAN-15457,39.0,Arusha,311814.342887921,1500000,23,1,2.493947644202528,1
TZ-LOAN-15458,23.0,Mbeya,514777.9168091745,100000,29,0,4.498185287594753,0
TZ-LOAN-15459,38.0,Dar es Salaam,49488.1994823399,500000,26,0,0.038279373342203354,1
TZ-LOAN-15460,49.0,Mwanza,454613.7605050455,100000,28,0,9.306574730670178,0
TZ-LOAN-15461,52.0,Mwanza,359561.42064430204,50000,27,0,1.5818590362144305,0
TZ-LOAN-15462,32.0,Dodoma,835228.5892781973,250000,27,0,0.37299118003467296,0
TZ-LOAN-15463,22.0,Dodoma,447975.72813203826,1500000,27,0,7.096544990113492,1
TZ-LOAN-15464,63.0,Dodoma,916341.1806736545,1000000,19,3,1.9992668866569474,1
TZ-LOAN-15465,67.0,Dar es Salaam,-150000.0,1000000,28,0,4.191340603070632,0
TZ-LOAN-15466,65.0,Dodoma,884352.6008862797,250000,24,0,9.290507656502328,0
TZ-LOAN-15467,23.0,Arusha,585383.513341977,50000,25,1,7.479014242191818,0
TZ-LOAN-15468,42.0,Arusha,692334.3490116779,50000,23,0,2.0536707686538227,0
TZ-LOAN-15469,63.0,Mwanza,192504.51795678213,500000,22,0,10.151222502605709,1
TZ-LOAN-15470,57.0,Mbeya,609866.1882436281,50000,24,0,2.4620635542378593,0
TZ-LOAN-15471,46.0,Dar es Salaam,391868.4595799501,500000,24,0,3.4659741273663847,0
TZ-LOAN-15472,24.0,Mbeya,858297.9143447897,100000,27,2,4.7396638909800295,0
TZ-LOAN-15473,57.0,Dodoma,1421825.7167733423,250000,21,1,0.36812947766262527,0
TZ-LOAN-15474,30.0,Dar es Salaam,799946.4907921428,100000,17,1,4.546126706754477,0
TZ-LOAN-15475,55.0,Dodoma,52657.95531360002,100000,25,1,4.30684985832983,1
TZ-LOAN-15476,35.0,Mbeya,541630.9421256881,100000,21,0,10.337346476216265,0
TZ-LOAN-15477,19.0,Mwanza,686747.2776123364,100000,29,1,2.182177950327169,0
TZ-LOAN-15478,25.0,Arusha,676207.2275780791,1000000,31,0,1.3866041995097833,0
TZ-LOAN-15479,28.0,Arusha,430756.06231737405,50000,15,2,3.2362299871433606,0
TZ-LOAN-15480,50.0,Arusha,723587.5227910806,250000,22,0,5.813061166892005,0
TZ-LOAN-15481,55.0,Dar es Salaam,-150000.0,250000,30,0,4.1264746521223925,0
TZ-LOAN-15482,65.0,Dodoma,366527.3831944799,1500000,32,0,0.743698978730646,1
TZ-LOAN-15483,44.0,Arusha,843739.2924811135,100000,22,0,2.1377225943577502,0
TZ-LOAN-15484,37.0,Dodoma,345301.03073605226,250000,26,0,0.3295547173644853,0
TZ-LOAN-15485,29.0,Arusha,811463.4816476771,500000,24,0,6.722429485931006,0
TZ-LOAN-15486,60.0,Mbeya,239160.86760318256,250000,22,0,10.725698782484097,0
TZ-LOAN-15487,48.0,Mwanza,1179447.7651375209,100000,26,0,0.23374452042037572,0
TZ-LOAN-15488,44.0,Dodoma,417719.0232787836,250000,23,0,3.7267043066847916,0
TZ-LOAN-15489,49.0,Dar es Salaam,582900.0284589668,50000,29,0,4.173323699460041,0
TZ-LOAN-15490,27.0,Arusha,749183.9783271218,100000,23,2,2.888638065155924,0
TZ-LOAN-15491,20.0,Mbeya,480395.0142496717,1000000,25,1,3.4931482671128817,1
TZ-LOAN-15492,62.0,Arusha,693021.7883213913,50000,13,0,6.1955261435828755,0
TZ-LOAN-15493,44.0,Mwanza,822607.0173560376,250000,34,1,3.3055847500092854,0
TZ-LOAN-15494,52.0,Arusha,,1000000,21,0,12.606948726768401,0
TZ-LOAN-15495,48.0,Mwanza,887449.2307918872,1500000,29,0,3.8921507806377047,0
TZ-LOAN-15496,32.0,Dodoma,598456.8608591978,50000,36,0,0.3725222667650323,0
TZ-LOAN-15497,33.0,Mwanza,606010.4677869193,1500000,33,0,15.322696593451147,1
TZ-LOAN-15498,30.0,Mbeya,1354732.5674075098,500000,23,0,0.7938691773402258,0
TZ-LOAN-15499,66.0,Mbeya,934966.7204747876,50000,18,0,,0
TZ-LOAN-15500,52.0,Dodoma,373452.9031039359,1000000,34,0,3.742302580076227,1
TZ-LOAN-15501,69.0,Dar es Salaam,679996.4491296655,1500000,34,1,6.75256034493307,1
TZ-LOAN-15502,28.0,Mbeya,549457.0583665422,500000,24,0,3.6018713239183935,0
TZ-LOAN-15503,38.0,Dodoma,609399.7298230671,1500000,21,3,0.30390235906905233,1
TZ-LOAN-15504,68.0,Dodoma,281151.4526875736,250000,17,0,2.34942561885531,0
TZ-LOAN-15505,28.0,Mbeya,526423.029684214,100000,29,0,4.84695436761825,0
TZ-LOAN-15506,47.0,Dodoma,1193466.731958174,1500000,22,1,4.956178982476989,0
TZ-LOAN-15507,65.0,Dodoma,823722.8902626509,250000,27,1,18.067828879712277,0
TZ-LOAN-15508,52.0,Arusha,-97348.42244543799,100000,20,0,4.661144084972984,0
TZ-LOAN-15509,39.0,Dodoma,1015017.0477493841,100000,24,0,1.6874376790870356,0
TZ-LOAN-15510,55.0,Mbeya,976888.8568727484,1000000,27,0,0.22198297316351584,0
TZ-LOAN-15511,48.0,Mbeya,542214.4087080751,500000,29,0,7.765647102454679,0
TZ-LOAN-15512,31.0,Mbeya,865179.0631349646,500000,26,0,11.004226160921164,0
TZ-LOAN-15513,41.0,Arusha,392180.2367548398,50000,34,0,4.754903148290198,0
TZ-LOAN-15514,67.0,Mbeya,508923.2851200928,250000,24,0,3.2925398866130386,0
TZ-LOAN-15515,66.0,Dodoma,1099563.9082009562,1000000,24,0,9.865921778645292,0
TZ-LOAN-15516,49.0,Mwanza,,1500000,25,0,1.374527402708918,1
TZ-LOAN-15517,53.0,Arusha,89080.50141350273,250000,32,1,2.543573297302834,1
TZ-LOAN-15518,49.0,Mwanza,631009.033165599,1500000,18,1,3.542893727462414,1
TZ-LOAN-15519,32.0,Dar es Salaam,626423.482125693,1500000,19,0,0.25316554537280284,0
TZ-LOAN-15520,60.0,Mwanza,1009510.5708120379,1500000,17,0,5.8330478445653355,0
TZ-LOAN-15521,52.0,Dodoma,654300.926652728,50000,22,0,1.0447233349931726,0
TZ-LOAN-15522,20.0,Arusha,523525.30656791216,50000,21,0,2.0259746104626006,0
TZ-LOAN-15523,33.0,Mbeya,963516.8435693618,1000000,24,0,2.6763841129159873,0
TZ-LOAN-15524,22.0,Mbeya,686237.0697503331,50000,20,0,5.087609060526978,0
TZ-LOAN-15525,38.0,Mwanza,424993.1955302849,1000000,26,0,0.33863285670759957,0
TZ-LOAN-15526,27.0,Mwanza,,50000,24,0,2.0841097941427775,0
TZ-LOAN-15527,36.0,Mwanza,708098.5293550398,500000,21,0,,0
TZ-LOAN-15528,42.0,Dodoma,650877.7900038313,1000000,19,0,0.007602888016802157,0
TZ-LOAN-15529,21.0,Mbeya,703372.5174234963,500000,19,0,5.882654688560205,0
TZ-LOAN-15530,46.0,Dar es Salaam,328799.4885750209,500000,32,2,1.3455116549254587,1
TZ-LOAN-15531,36.0,Dodoma,491703.8671464988,1000000,28,0,0.9102381492105894,0
TZ-LOAN-15532,60.0,Mbeya,651074.780549835,250000,31,0,7.996578148522611,0
TZ-LOAN-15533,19.0,Mbeya,591600.891492596,100000,31,0,0.19993623092979737,0
TZ-LOAN-15534,27.0,Mbeya,1031728.5148449787,50000,23,0,11.524937267087154,0
TZ-LOAN-15535,60.0,Mbeya,715221.755818101,1500000,36,0,,0
TZ-LOAN-15536,42.0,Arusha,906471.1767909208,50000,29,0,0.9421791390818096,0
TZ-LOAN-15537,37.0,Mbeya,652818.6063727548,1500000,23,0,2.1547071555372423,0
TZ-LOAN-15538,65.0,Mwanza,966886.545123837,250000,26,0,14.976974850451207,0
TZ-LOAN-15539,36.0,Mbeya,769258.3269719462,100000,25,2,4.822740331802287,0
TZ-LOAN-15540,40.0,Dar es Salaam,654026.145616538,250000,25,0,4.691629116652155,0
TZ-LOAN-15541,41.0,Arusha,646015.0733122941,100000,24,0,5.293176982153261,0
TZ-LOAN-15542,28.0,Dar es Salaam,363668.412112711,1000000,27,1,3.106344763530471,1
TZ-LOAN-15543,63.0,Dar es Salaam,802074.7160408932,1000000,30,0,0.9154297234525042,0
TZ-LOAN-15544,51.0,Dar es Salaam,637938.5796390863,1500000,26,2,0.8178392302401623,1
TZ-LOAN-15545,45.0,Dodoma,499402.4119456386,500000,19,0,5.812725276621692,0
TZ-LOAN-15546,22.0,Mbeya,981938.5312436215,500000,29,0,10.768296703731535,0
TZ-LOAN-15547,22.0,Mbeya,274935.19223155966,1500000,22,0,1.7848812798688005,1
TZ-LOAN-15548,68.0,Dar es Salaam,523251.2313702698,1000000,14,0,3.4998879728435544,0
TZ-LOAN-15549,38.0,Mbeya,958315.6246338601,1500000,29,0,24.29247546424536,0
TZ-LOAN-15550,29.0,Dodoma,744656.882276076,500000,18,0,1.48638105580984,0
TZ-LOAN-15551,67.0,Mbeya,635642.3217041728,1500000,26,0,2.4732354293748946,0
TZ-LOAN-15552,21.0,Mbeya,,1000000,21,1,2.259023954765474,0
TZ-LOAN-15553,66.0,Dar es Salaam,703824.2513146524,250000,25,0,0.16564288779405023,0
TZ-LOAN-15554,59.0,Arusha,195001.2361142236,50000,17,0,3.5618230302383425,0
TZ-LOAN-15555,37.0,Arusha,545221.4343956115,1000000,29,3,1.1702508548707282,1
TZ-LOAN-15556,55.0,Mbeya,1134956.4963541247,1500000,17,0,0.6882570386638345,0
TZ-LOAN-15557,42.0,Dar es Salaam,,1000000,26,0,6.196549332408587,0
TZ-LOAN-15558,31.0,Arusha,554509.6957686997,1000000,27,1,7.257054714428045,1
TZ-LOAN-15559,28.0,Arusha,487513.7710072438,500000,25,0,10.986241963568839,0
TZ-LOAN-15560,49.0,Mwanza,623895.4330045588,1500000,25,1,13.60054252026804,1
TZ-LOAN-15561,28.0,Arusha,475063.15060271055,500000,21,0,10.165307975249183,0
TZ-LOAN-15562,35.0,Dodoma,796022.450647418,1500000,23,0,0.6533612518760685,0
TZ-LOAN-15563,44.0,Mwanza,709194.02368708,500000,23,1,1.2656228325467158,0
TZ-LOAN-15564,35.0,Dar es Salaam,882064.2845321054,500000,31,0,0.6532508493142517,0
TZ-LOAN-15565,40.0,Mwanza,334717.6501433118,250000,14,0,2.181100128599844,0
TZ-LOAN-15566,28.0,Arusha,547897.8551351291,1000000,43,0,0.6623560347764612,0
TZ-LOAN-15567,38.0,Mwanza,582283.2105163595,250000,16,0,5.2961497209815525,0
TZ-LOAN-15568,61.0,Dar es Salaam,786694.0730265784,500000,21,0,6.306517795154481,0
TZ-LOAN-15569,22.0,Mbeya,412033.64083788963,250000,31,0,0.869349025791949,0
TZ-LOAN-15570,40.0,Dodoma,924696.1412775032,1000000,28,0,4.8587007600113,0
TZ-LOAN-15571,58.0,Mbeya,1005924.6771552826,1000000,25,0,0.11628892110203849,0
TZ-LOAN-15572,42.0,Dar es Salaam,353338.2957093248,500000,29,0,2.8490780058922,0
TZ-LOAN-15573,58.0,Mbeya,502738.1315319303,1000000,24,0,1.6797352513574344,0
TZ-LOAN-15574,27.0,Dodoma,490420.54751237226,250000,31,0,32.49440317570712,0
TZ-LOAN-15575,39.0,Dar es Salaam,1439715.8614032497,100000,19,0,12.805783029129818,0
TZ-LOAN-15576,36.0,Mbeya,521029.968437634,1000000,22,0,0.7982942707017999,0
TZ-LOAN-15577,18.0,Dodoma,1153287.6326468403,250000,34,0,12.466960229672384,0
TZ-LOAN-15578,24.0,Mwanza,270010.40146801714,250000,31,0,2.713214309401449,0
TZ-LOAN-15579,21.0,Mbeya,,250000,27,1,4.29775798021271,0
TZ-LOAN-15580,18.0,Mwanza,444018.6404455397,1000000,25,0,3.8153212455680885,0
TZ-LOAN-15581,32.0,Arusha,396293.2065660433,100000,15,2,6.475993463266968,0
TZ-LOAN-15582,57.0,Mwanza,569630.3797524504,500000,21,0,2.0395163427669414,0
TZ-LOAN-15583,29.0,Mwanza,437366.5391835505,500000,24,0,,0
TZ-LOAN-15584,39.0,Arusha,404197.5221796279,1000000,16,0,2.703220198434315,1
TZ-LOAN-15585,39.0,Dar es Salaam,997541.5989419983,1000000,28,0,3.931858739677021,0
TZ-LOAN-15586,67.0,Arusha,1017138.0867539495,50000,27,0,4.047438312146992,0
TZ-LOAN-15587,64.0,Mwanza,934788.9495125947,1500000,21,0,7.865472793348424,0
TZ-LOAN-15588,34.0,Dar es Salaam,807199.6866752985,100000,30,0,0.2261681900813387,0
TZ-LOAN-15589,46.0,Mbeya,677822.9197338657,250000,26,0,22.15371604315669,0
TZ-LOAN-15590,63.0,Dodoma,500890.7928002274,1500000,22,2,23.31664703328157,1
TZ-LOAN-15591,31.0,Dar es Salaam,364052.74857347243,250000,27,0,0.521343460159098,0
TZ-LOAN-15592,67.0,Mwanza,758898.7110298062,1500000,28,0,2.108105724559995,0
TZ-LOAN-15593,37.0,Mbeya,297910.8822359606,500000,18,3,4.461780760554456,1
TZ-LOAN-15594,67.0,Dar es Salaam,,1500000,22,1,2.3366426895956813,1
TZ-LOAN-15595,65.0,Dodoma,995873.9768614429,1000000,27,0,3.343489454246875,0
TZ-LOAN-15596,50.0,Mwanza,1220194.712516626,100000,26,1,1.9720943902729418,0
TZ-LOAN-15597,60.0,Arusha,767988.5414499443,500000,23,0,6.226289176376455,0
TZ-LOAN-15598,32.0,Dodoma,981937.1456883933,1500000,28,0,2.2629191501795165,0
TZ-LOAN-15599,150.0,Dodoma,576245.504766805,100000,16,1,2.809598360321538,0
TZ-LOAN-15600,57.0,Dodoma,248697.74417369475,1000000,25,0,4.289021217796082,1
TZ-LOAN-15601,37.0,Dodoma,833651.4855855752,250000,20,0,17.40140793830456,0
TZ-LOAN-15602,47.0,Mbeya,820786.7969810192,50000,26,0,5.133381320053353,0
TZ-LOAN-15603,55.0,Dar es Salaam,671500.5661640732,100000,23,0,0.5097270432354547,0
TZ-LOAN-15604,20.0,Dodoma,577287.3625684666,250000,26,0,1.9202352606782938,0
TZ-LOAN-15605,45.0,Dodoma,938663.1735743294,100000,19,0,2.721175657270943,0
TZ-LOAN-15606,43.0,Mwanza,354280.08997175767,100000,24,0,6.738712053625322,0
TZ-LOAN-15607,47.0,Arusha,417865.82633280265,100000,21,0,2.960861303887935,0
TZ-LOAN-15608,30.0,Mwanza,347568.0479718716,1000000,24,3,5.380892393239317,1
TZ-LOAN-15609,30.0,Dar es Salaam,,500000,30,0,9.147143330672595,0
TZ-LOAN-15610,19.0,Mbeya,323632.09636722255,100000,30,0,0.5509585227156268,0
TZ-LOAN-15611,54.0,Arusha,444727.3458454269,1000000,26,0,7.256609381110149,0
TZ-LOAN-15612,66.0,Mwanza,438273.3313318406,50000,19,0,6.8438401982155925,0
TZ-LOAN-15613,55.0,Mwanza,571817.5002998125,500000,26,1,8.566009055631715,0
TZ-LOAN-15614,19.0,Mbeya,203787.6660788069,1000000,19,1,15.6253873079548,1
TZ-LOAN-15615,53.0,Mbeya,676161.4976111801,50000,29,0,1.8524060336595507,0
TZ-LOAN-15616,43.0,Arusha,1024191.0951994034,500000,17,0,2.802009795677734,0
TZ-LOAN-15617,28.0,Dodoma,690647.4116950285,1000000,24,0,1.523679998156128,0
TZ-LOAN-15618,25.0,Mbeya,1112396.3434403962,50000,27,0,1.9808345558623848,0
TZ-LOAN-15619,61.0,Mwanza,1050199.4557630776,1000000,27,0,2.001089188277228,0
TZ-LOAN-15620,57.0,Mwanza,883320.5141743564,50000,28,1,10.19245849995945,0
TZ-LOAN-15621,60.0,Dodoma,,100000,25,0,0.32481741807467557,0
TZ-LOAN-15622,39.0,Dodoma,656750.1164736318,100000,31,0,1.1326125545868249,0
TZ-LOAN-15623,37.0,Mbeya,879139.931708978,500000,24,0,4.715204419526418,0
TZ-LOAN-15624,25.0,Dodoma,532498.8171487902,50000,22,0,7.244994842035308,0
TZ-LOAN-15625,46.0,Mwanza,85243.77455976082,100000,25,0,5.976338254853508,0
TZ-LOAN-15626,57.0,Mbeya,797601.2162308879,500000,27,0,0.23847611650998984,0
TZ-LOAN-15627,43.0,Arusha,310679.4110195086,250000,19,0,3.0237989154510907,0
TZ-LOAN-15628,47.0,Dar es Salaam,361357.63154288457,100000,23,0,1.0196073507321566,0
TZ-LOAN-15629,34.0,Mbeya,650067.1843987365,100000,19,0,22.173849789820895,0
TZ-LOAN-15630,37.0,Arusha,621462.5367339591,1500000,22,0,34.02582738361411,1
TZ-LOAN-15631,69.0,Mwanza,226377.3181053109,1000000,25,0,0.26119788310748615,1
TZ-LOAN-15632,33.0,Mbeya,699647.4692399421,250000,26,1,5.508948583293578,0
TZ-LOAN-15633,63.0,Mbeya,939841.8982583146,50000,29,1,8.384969988532339,0
TZ-LOAN-15634,60.0,Mbeya,311497.52892026515,500000,28,0,1.9635826060859516,0
TZ-LOAN-15635,24.0,Dodoma,1031744.9992546279,250000,21,0,5.914913827184699,0
TZ-LOAN-15636,33.0,Dodoma,181948.75246101682,50000,32,0,1.0392340687976467,0
TZ-LOAN-15637,62.0,Mwanza,1285197.243311286,100000,27,0,0.6845950679659817,0
TZ-LOAN-15638,64.0,Arusha,526621.870854955,1500000,23,0,12.971497541109807,1
TZ-LOAN-15639,65.0,Mbeya,693685.0990480673,500000,29,0,5.143599252313922,0
TZ-LOAN-15640,44.0,Dar es Salaam,82389.92825429898,500000,19,0,8.48990431448675,1
TZ-LOAN-15641,40.0,Dar es Salaam,631359.1800592075,250000,28,2,3.804060101644736,0
TZ-LOAN-15642,41.0,Dar es Salaam,718544.6533154575,1000000,31,0,0.8404684148868901,0
TZ-LOAN-15643,26.0,Dodoma,624151.3687701516,50000,25,0,2.3632771906830214,0
TZ-LOAN-15644,52.0,Mwanza,481075.6768842879,1500000,26,1,10.670838468970416,1
TZ-LOAN-15645,68.0,Mbeya,366030.64444165555,1500000,24,0,0.07864821160830031,1
TZ-LOAN-15646,37.0,Mwanza,989157.9858611933,250000,25,0,1.1607804124797076,0
TZ-LOAN-15647,54.0,Dodoma,659242.1404993851,1000000,22,3,1.4603691644747587,1
TZ-LOAN-15648,59.0,Mbeya,1112225.7129550318,1000000,23,0,1.525808273246353,0
TZ-LOAN-15649,34.0,Mbeya,492055.2935615231,1000000,33,0,0.5189570416597501,0
TZ-LOAN-15650,64.0,Mwanza,519561.5919883349,500000,34,0,9.426605777220027,0
TZ-LOAN-15651,48.0,Dar es Salaam,894678.2733788489,50000,24,0,0.8688744392311559,0
TZ-LOAN-15652,25.0,Dar es Salaam,163107.5113989308,50000,23,0,8.850216481668136,0
TZ-LOAN-15653,32.0,Arusha,285960.9919541231,250000,23,0,,0
TZ-LOAN-15654,48.0,Arusha,979245.491405949,100000,23,0,3.0561596741885277,0
TZ-LOAN-15655,47.0,Mwanza,298419.8212330416,250000,23,0,3.107397284721827,0
TZ-LOAN-15656,63.0,Mbeya,104284.69540923566,50000,31,0,6.243958710173549,0
TZ-LOAN-15657,37.0,Dodoma,1210558.1564219273,500000,21,0,6.570795729516025,0
TZ-LOAN-15658,56.0,Dodoma,231854.70563773834,250000,28,0,5.1178213258785386,0
TZ-LOAN-15659,29.0,Arusha,705235.8194984508,100000,21,0,7.430981974965607,0
TZ-LOAN-15660,66.0,Arusha,670725.5578172813,1500000,27,1,0.04168921216697436,1
TZ-LOAN-15661,34.0,Dodoma,-193188.49498542515,250000,20,0,3.514073112260783,0
TZ-LOAN-15662,59.0,Dar es Salaam,569804.8930496573,1000000,28,1,3.7119533495345247,0
TZ-LOAN-15663,47.0,Mwanza,784523.9748437329,100000,27,1,1.3678429616802537,0
TZ-LOAN-15664,46.0,Arusha,756292.8144556582,1000000,23,0,4.063832221368763,0
TZ-LOAN-15665,36.0,Arusha,921056.2051410505,500000,25,0,3.1476457557922446,0
TZ-LOAN-15666,63.0,Dodoma,533752.6055283698,50000,23,0,3.1943586188567124,0
TZ-LOAN-15667,28.0,Dar es Salaam,,250000,23,0,0.6303707981581473,0
TZ-LOAN-15668,51.0,Dodoma,443201.2795759784,250000,27,1,2.8569716269329555,0
TZ-LOAN-15669,67.0,Arusha,226859.77507616748,1000000,22,0,7.2713829006946575,1
TZ-LOAN-15670,24.0,Dodoma,260681.4872956302,1000000,21,0,2.6380788909621806,1
TZ-LOAN-15671,61.0,Mwanza,211366.8634413756,50000,18,1,3.342257459840577,0
TZ-LOAN-15672,51.0,Arusha,952875.7903673581,250000,31,0,17.135717197095538,0
TZ-LOAN-15673,37.0,Arusha,195627.94728243304,50000,25,0,10.270205771250618,0
TZ-LOAN-15674,67.0,Arusha,732211.652194791,1000000,18,0,13.204305792303328,0
TZ-LOAN-15675,55.0,Arusha,570222.7417782701,1500000,26,0,0.40429652140795913,1
TZ-LOAN-15676,41.0,Arusha,619205.4279648105,1000000,24,0,4.819279613902343,0
TZ-LOAN-15677,27.0,Mbeya,1059082.1885599098,100000,22,0,1.2642257614965198,0
TZ-LOAN-15678,49.0,Mbeya,518471.789835418,1000000,38,1,2.5896175458850674,0
TZ-LOAN-15679,69.0,Dodoma,833480.4684649049,1000000,26,0,5.693269379905136,0
TZ-LOAN-15680,32.0,Mbeya,661269.0054143335,1500000,30,1,4.324601626226304,1
TZ-LOAN-15681,54.0,Arusha,604394.3283101906,50000,29,0,3.5233901775489977,0
TZ-LOAN-15682,37.0,Arusha,1339990.737315942,100000,23,0,8.42211232528075,0
TZ-LOAN-15683,20.0,Arusha,217597.4762853891,100000,31,2,5.737940763282397,0
TZ-LOAN-15684,54.0,Mbeya,1036739.5506312335,250000,26,0,8.603107479906084,0
TZ-LOAN-15685,57.0,Mbeya,846921.9696469917,1500000,17,0,13.43625848054273,0
TZ-LOAN-15686,25.0,Dar es Salaam,506142.50161046477,500000,25,0,6.2234671094650444,0
TZ-LOAN-15687,57.0,Arusha,1138795.5552324837,250000,20,0,2.5159030614256443,0
TZ-LOAN-15688,61.0,Dar es Salaam,95566.96628343896,250000,18,0,1.1962271518724954,1
TZ-LOAN-15689,40.0,Dar es Salaam,493470.0028102785,250000,25,0,1.579826979254153,0
TZ-LOAN-15690,57.0,Dar es Salaam,287455.3387192772,100000,25,0,2.5261239806946034,0
TZ-LOAN-15691,28.0,Arusha,773625.0394614381,50000,29,0,6.737120542437177,0
TZ-LOAN-15692,63.0,Mbeya,316080.7696438467,1000000,20,0,0.20491562606975056,1
TZ-LOAN-15693,25.0,Arusha,779919.1840223958,100000,24,1,8.417615291719864,0
TZ-LOAN-15694,46.0,Mbeya,594069.0752535338,1000000,18,0,7.096876384202329,0
TZ-LOAN-15695,47.0,Arusha,506193.8172031747,1000000,12,0,3.4599058339129876,0
TZ-LOAN-15696,27.0,Mwanza,766594.1738099932,500000,29,0,2.5513524457776353,0
TZ-LOAN-15697,56.0,Mwanza,569413.5128185807,250000,14,0,0.5978440643925844,0
TZ-LOAN-15698,45.0,Arusha,323409.5470822884,500000,23,1,1.710350408211002,0
TZ-LOAN-15699,66.0,Arusha,1490411.8968904936,250000,28,0,0.5805800422194374,0
TZ-LOAN-15700,53.0,Arusha,503849.84509125666,100000,36,0,8.54310206989928,0
TZ-LOAN-15701,30.0,Mwanza,-15282.724045604467,1000000,24,0,3.559997500900576,0
TZ-LOAN-15702,49.0,Arusha,397370.39308358345,500000,26,0,1.4170346523948718,0
TZ-LOAN-15703,53.0,Dodoma,269816.9934881809,1500000,20,1,0.09127480520534645,1
TZ-LOAN-15704,150.0,Dodoma,897843.6848121546,100000,27,1,3.7108570316620773,0
TZ-LOAN-15705,43.0,Dodoma,746495.7978774759,100000,25,0,6.9733889438348,0
TZ-LOAN-15706,39.0,Arusha,769613.8405371032,1500000,27,0,7.272732941036059,0
TZ-LOAN-15707,21.0,Dar es Salaam,538993.2602488267,250000,18,0,1.2067043907513384,0
TZ-LOAN-15708,48.0,Dar es Salaam,566194.9258829235,1000000,27,1,26.55398629217059,1
TZ-LOAN-15709,35.0,Mbeya,538720.6689176995,250000,29,0,4.205683420368907,0
TZ-LOAN-15710,55.0,Dodoma,625642.0447593591,250000,23,0,2.0173881974709333,0
TZ-LOAN-15711,41.0,Mwanza,900600.0306094505,100000,30,0,2.494549058318657,0
TZ-LOAN-15712,40.0,Dodoma,750822.623751604,250000,33,0,0.6644399938787798,0
TZ-LOAN-15713,39.0,Dodoma,800033.8488862601,50000,37,0,3.399731961615515,0
TZ-LOAN-15714,19.0,Mbeya,,1500000,34,0,6.99781881370503,0
TZ-LOAN-15715,48.0,Dodoma,915332.7312145215,1500000,18,0,2.6331670341154414,0
TZ-LOAN-15716,28.0,Dar es Salaam,,1000000,31,1,10.08149462871251,0
TZ-LOAN-15717,45.0,Mwanza,757654.4218036756,1500000,24,0,3.2385023118873906,0
TZ-LOAN-15718,63.0,Dar es Salaam,1006641.872357947,250000,25,0,11.543510036117812,0
TZ-LOAN-15719,49.0,Dodoma,450486.22459906637,250000,27,0,6.073547265303027,0
TZ-LOAN-15720,22.0,Arusha,393277.22601454786,500000,17,0,0.2829030888660978,0
TZ-LOAN-15721,55.0,Mwanza,294223.5202439432,1000000,31,0,0.3468439859067996,1
TZ-LOAN-15722,27.0,Mwanza,704874.3690860767,1000000,23,2,8.04985028873848,1
TZ-LOAN-15723,57.0,Mbeya,93880.32763426297,1500000,31,0,2.206682140894798,1
TZ-LOAN-15724,63.0,Mbeya,788646.2288179032,250000,18,0,1.0489472883738327,0
TZ-LOAN-15725,41.0,Mwanza,617242.0716498342,50000,38,0,10.024286280395426,0
TZ-LOAN-15726,52.0,Mwanza,990391.9099463171,500000,21,0,20.463729072736044,0
TZ-LOAN-15727,61.0,Dar es Salaam,448424.8068605028,50000,23,0,8.27082289410699,0
TZ-LOAN-15728,65.0,Dodoma,589004.514374748,250000,28,0,6.457276256689303,0
TZ-LOAN-15729,40.0,Mwanza,986660.9999880106,1000000,26,0,0.004795097443909345,0
TZ-LOAN-15730,34.0,Arusha,1064940.6940334458,1000000,21,0,0.5601016947304092,0
TZ-LOAN-15731,18.0,Dodoma,445954.290274454,50000,23,1,5.557633486894007,0
TZ-LOAN-15732,48.0,Mwanza,704534.369776148,100000,34,0,2.6344744294340443,0
TZ-LOAN-15733,48.0,Mbeya,738325.6933052144,250000,29,0,0.0983373361836958,0
TZ-LOAN-15734,59.0,Mbeya,762096.0216863445,1000000,28,0,6.752120629156847,0
TZ-LOAN-15735,59.0,Mbeya,571227.3022053133,1500000,25,0,2.7130012977689515,1
TZ-LOAN-15736,51.0,Arusha,1034415.0194370905,100000,21,0,5.3767991024899775,0
TZ-LOAN-15737,26.0,Dar es Salaam,83088.95491353644,1000000,21,1,3.158715444029969,1
TZ-LOAN-15738,39.0,Dodoma,523660.9295596748,1500000,25,0,0.13427553174212278,1
TZ-LOAN-15739,30.0,Dar es Salaam,784379.2198318841,1000000,26,0,5.05197101112582,0
TZ-LOAN-15740,42.0,Dar es Salaam,787167.443584803,100000,31,3,7.757873354547681,0
TZ-LOAN-15741,65.0,Dar es Salaam,1055827.709184429,50000,24,0,0.8478764171048575,0
TZ-LOAN-15742,35.0,Mbeya,1009467.6179603861,250000,32,0,11.085807070729421,0
TZ-LOAN-15743,68.0,Dodoma,564337.5124078329,100000,26,0,1.0017867196380312,0
TZ-LOAN-15744,29.0,Mbeya,1039961.3730591814,100000,23,2,2.7481496205667493,0
TZ-LOAN-15745,57.0,Dar es Salaam,435787.47686676355,1000000,29,0,3.7452768350424455,0
TZ-LOAN-15746,34.0,Mwanza,929266.2148375512,1500000,22,0,1.883409910970062,0
TZ-LOAN-15747,32.0,Arusha,1193156.743526298,100000,24,0,3.470309983927467,0
TZ-LOAN-15748,59.0,Arusha,1014483.2320564907,250000,37,0,6.3355639954908325,0
TZ-LOAN-15749,32.0,Dar es Salaam,681731.115057237,50000,26,0,6.26678173352563,0
TZ-LOAN-15750,32.0,Mbeya,550466.3684683633,1500000,24,0,12.773388719421057,1
TZ-LOAN-15751,56.0,Dodoma,191422.61112221412,50000,29,0,9.905803654912482,0
TZ-LOAN-15752,30.0,Mbeya,743161.8913742612,50000,21,0,21.033843739447956,0
TZ-LOAN-15753,34.0,Dodoma,315434.83160872426,250000,27,0,4.524031692528432,0
TZ-LOAN-15754,49.0,Mwanza,412059.60091581894,1000000,27,0,2.5584188285861065,0
TZ-LOAN-15755,26.0,Dodoma,292776.2597789985,1500000,21,0,1.3728297595244912,1
TZ-LOAN-15756,57.0,Dodoma,511882.30020300345,1500000,34,2,1.3983669412539457,1
TZ-LOAN-15757,37.0,Mwanza,641609.1756539053,250000,34,1,0.8180328900684917,0
TZ-LOAN-15758,43.0,Arusha,732084.3743497116,1500000,18,0,6.4853217598382615,0
TZ-LOAN-15759,44.0,Dodoma,469848.009375811,100000,21,0,5.310085151599262,0
TZ-LOAN-15760,38.0,Mwanza,970785.111918555,500000,34,0,1.7286340143469212,0
TZ-LOAN-15761,35.0,Dodoma,587538.4226030102,500000,23,0,11.134489303484594,0
TZ-LOAN-15762,30.0,Mbeya,413683.2700203443,500000,22,0,4.0180070727538615,0
TZ-LOAN-15763,33.0,Mwanza,717887.6801730309,50000,24,3,0.3575822075039877,0
TZ-LOAN-15764,26.0,Dar es Salaam,1239065.8500631447,1500000,29,0,0.3171006668065388,0
TZ-LOAN-15765,29.0,Dodoma,750548.1699605354,250000,22,1,0.772677644833877,0
TZ-LOAN-15766,61.0,Dodoma,541143.3117879179,1500000,24,0,1.1866140684307251,1
TZ-LOAN-15767,55.0,Mbeya,191761.5931643888,250000,24,1,10.9212262365152,0
TZ-LOAN-15768,36.0,Mbeya,584176.3037083789,1500000,26,1,7.535498327797242,1
TZ-LOAN-15769,24.0,Dar es Salaam,720478.4375264347,50000,34,0,1.1265052540743838,0
TZ-LOAN-15770,52.0,Mwanza,533725.7326233289,100000,26,1,1.4283694659752908,0
TZ-LOAN-15771,65.0,Dar es Salaam,150384.60852770013,500000,25,0,5.063843281178279,1
TZ-LOAN-15772,35.0,Dar es Salaam,394830.38314896985,500000,25,0,10.2600297327438,0
TZ-LOAN-15773,33.0,Arusha,1086361.5382663272,1500000,28,2,1.9043195002304767,1
TZ-LOAN-15774,56.0,Dar es Salaam,1080200.3011191383,50000,36,0,3.727432198592038,0
TZ-LOAN-15775,21.0,Dodoma,384008.24923862057,500000,40,3,11.05356539220525,1
TZ-LOAN-15776,42.0,Dar es Salaam,851827.0361598266,1500000,31,0,7.362132817081638,0
TZ-LOAN-15777,49.0,Mbeya,296428.1645689479,1000000,21,0,11.105461414804939,1
TZ-LOAN-15778,57.0,Mbeya,1071294.8845984857,1500000,19,0,1.6291621576776825,0
TZ-LOAN-15779,30.0,Dodoma,723570.7543682709,250000,24,0,5.871004557308364,0
TZ-LOAN-15780,62.0,Arusha,934892.4495849601,500000,14,0,0.6052627138325346,0
TZ-LOAN-15781,34.0,Dar es Salaam,-150000.0,500000,30,0,4.788270848729791,1
TZ-LOAN-15782,66.0,Mwanza,853291.1305774665,1000000,21,2,1.8122115485902213,1
TZ-LOAN-15783,54.0,Mbeya,647697.780894649,100000,25,0,6.044597000288025,0
TZ-LOAN-15784,23.0,Dodoma,905578.7212372527,1500000,23,0,0.7650250242133604,0
TZ-LOAN-15785,36.0,Mwanza,924460.3394293549,100000,29,1,5.476791977406928,0
TZ-LOAN-15786,30.0,Dar es Salaam,669735.4068424249,1500000,21,1,,1
TZ-LOAN-15787,43.0,Dar es Salaam,469751.1082712256,1000000,19,0,9.730021809696126,1
TZ-LOAN-15788,31.0,Dar es Salaam,883908.8546538483,100000,30,0,5.808984090843073,0
TZ-LOAN-15789,48.0,Mwanza,631953.6501784617,50000,29,1,3.6997715199134857,0
TZ-LOAN-15790,21.0,Dar es Salaam,388164.5139417072,1000000,33,0,7.666081379323896,1
TZ-LOAN-15791,56.0,Arusha,373954.3305626943,1500000,32,3,1.6734014540342368,1
TZ-LOAN-15792,25.0,Mwanza,206850.67510628555,250000,17,0,5.6577411353431035,0
TZ-LOAN-15793,42.0,Mbeya,496912.65213108103,250000,20,1,6.446341479695288,0
TZ-LOAN-15794,30.0,Arusha,980807.6138223135,250000,36,0,2.4923546339206313,0
TZ-LOAN-15795,49.0,Dodoma,703348.9399116302,1500000,27,0,22.53410394339548,1
TZ-LOAN-15796,55.0,Dar es Salaam,491069.6882230878,500000,25,0,2.2009793548084535,0
TZ-LOAN-15797,55.0,Dodoma,891456.7814540239,1000000,21,0,0.44137634625207334,0
TZ-LOAN-15798,45.0,Mbeya,400257.01348298334,1000000,32,0,1.8082535091790564,0
TZ-LOAN-15799,47.0,Dodoma,678605.0822998335,100000,18,0,0.5236765452005883,0
TZ-LOAN-15800,20.0,Mbeya,596110.8881823454,1000000,26,0,2.072308462562741,0
TZ-LOAN-15801,45.0,Dodoma,883739.1876765057,1000000,26,0,0.6841004480453796,0
TZ-LOAN-15802,20.0,Mbeya,176831.48872414976,100000,16,0,2.8949411987951406,0
TZ-LOAN-15803,62.0,Mwanza,394940.67625560326,1000000,26,0,7.5248370504983235,1
TZ-LOAN-15804,51.0,Mwanza,158526.30227163993,1000000,22,1,0.34912530133841146,1
TZ-LOAN-15805,33.0,Dodoma,572120.983457219,50000,24,0,4.140345417123613,0
TZ-LOAN-15806,39.0,Arusha,1013428.2510897291,1500000,30,0,0.2240851531280669,0
TZ-LOAN-15807,49.0,Arusha,498365.8371039418,100000,32,0,10.797151920158512,0
TZ-LOAN-15808,55.0,Mwanza,496794.8185413048,50000,23,0,12.715814080767451,0
TZ-LOAN-15809,25.0,Dar es Salaam,,500000,26,0,3.389892480775222,0
TZ-LOAN-15810,25.0,Dar es Salaam,970564.86753659,100000,27,0,7.331693888217088,0
TZ-LOAN-15811,23.0,Arusha,623428.679819363,1500000,19,0,4.493616426147044,1
TZ-LOAN-15812,31.0,Dodoma,,1000000,31,0,2.0826015463155847,0
TZ-LOAN-15813,49.0,Arusha,326913.6377366161,1000000,24,0,1.4061201704550352,1
TZ-LOAN-15814,52.0,Mwanza,1063392.3001776242,50000,14,3,7.106413200414281,1
TZ-LOAN-15815,27.0,Dodoma,1294611.8881811155,50000,30,3,2.810421064401351,0
TZ-LOAN-15816,20.0,Mwanza,806364.7373566175,500000,31,0,12.643569114095122,0
TZ-LOAN-15817,29.0,Arusha,24700.51359715988,500000,18,0,18.58473781456095,1
TZ-LOAN-15818,66.0,Arusha,482530.92128066474,1500000,19,1,1.18109754256496,1
TZ-LOAN-15819,48.0,Mwanza,,1000000,19,0,4.117000395820699,0
TZ-LOAN-15820,46.0,Dodoma,523555.1008500912,250000,26,0,3.849431034986377,0
TZ-LOAN-15821,22.0,Dodoma,1031659.5662750292,500000,19,0,10.128512945809245,0
TZ-LOAN-15822,69.0,Mbeya,826447.1793307596,1000000,24,0,5.871826647923697,0
TZ-LOAN-15823,42.0,Mwanza,438057.34977026103,500000,20,3,4.6745335252971305,1
TZ-LOAN-15824,58.0,Arusha,659679.4432313759,100000,25,1,5.681958207209564,0
TZ-LOAN-15825,48.0,Mwanza,381850.033808273,50000,27,0,2.46703702448595,0
TZ-LOAN-15826,38.0,Mwanza,595224.5364762675,1000000,29,0,16.130949293355272,0
TZ-LOAN-15827,37.0,Dar es Salaam,483622.02787023445,500000,17,0,,0
TZ-LOAN-15828,56.0,Mbeya,1002428.5400699114,50000,26,1,0.1478082880546296,0
TZ-LOAN-15829,39.0,Dodoma,1284803.6170492985,250000,24,0,2.6857601819701604,0
TZ-LOAN-15830,21.0,Dar es Salaam,220643.50002927438,500000,26,0,0.8395847004083418,0
TZ-LOAN-15831,30.0,Mbeya,73035.11413707433,1000000,31,0,3.935095525800332,1
TZ-LOAN-15832,150.0,Dar es Salaam,576448.2734445843,100000,28,0,0.045253692382542385,0
TZ-LOAN-15833,59.0,Mbeya,194475.29035139526,50000,21,2,3.077996139617346,0
TZ-LOAN-15834,67.0,Mbeya,,50000,25,2,1.747252398042751,0
TZ-LOAN-15835,66.0,Mwanza,874680.8341417781,100000,21,0,1.1304917282092835,0
TZ-LOAN-15836,37.0,Mbeya,1098242.5691800476,1000000,29,0,2.940779505622552,0
TZ-LOAN-15837,69.0,Arusha,710418.3676145843,1500000,33,0,9.639578781644852,0
TZ-LOAN-15838,30.0,Arusha,592053.4325451263,250000,20,1,5.326777645534806,0
TZ-LOAN-15839,34.0,Arusha,56484.52502807474,1500000,33,0,0.8714196255215523,1
TZ-LOAN-15840,53.0,Arusha,657855.5447557395,100000,22,0,3.454479170159794,0
TZ-LOAN-15841,50.0,Dar es Salaam,671386.1781648385,250000,22,0,13.417113720210699,0
TZ-LOAN-15842,18.0,Dodoma,841687.0442638237,1000000,32,0,2.892176035754318,0
TZ-LOAN-15843,32.0,Dodoma,437453.56954127265,500000,27,1,3.1795471502808024,0
TZ-LOAN-15844,30.0,Mbeya,519484.2199292421,500000,25,0,14.181491568727616,0
TZ-LOAN-15845,34.0,Dodoma,,1500000,36,0,0.7298026219174097,1
TZ-LOAN-15846,41.0,Dar es Salaam,-37387.842065219535,1000000,25,1,6.64091007007901,0
TZ-LOAN-15847,25.0,Arusha,317450.872760965,250000,27,1,1.7773883053450752,0
TZ-LOAN-15848,67.0,Arusha,178902.25572409504,1500000,21,0,10.045536446174664,1
TZ-LOAN-15849,44.0,Arusha,751013.6886261833,100000,28,0,0.2794797998859725,0
TZ-LOAN-15850,62.0,Dodoma,494559.7829999428,1500000,29,1,23.23077771750546,1
TZ-LOAN-15851,40.0,Dodoma,488528.86097756325,1000000,31,0,7.318227902074607,0
TZ-LOAN-15852,63.0,Mwanza,354676.08614743635,1000000,20,0,1.6727013980387853,1
TZ-LOAN-15853,25.0,Mwanza,-319769.62975373,500000,22,0,7.153444767271888,0
TZ-LOAN-15854,25.0,Dodoma,1102493.2246242652,100000,30,0,12.81778634914279,0
TZ-LOAN-15855,43.0,Arusha,349918.8431669635,500000,24,0,0.5990858408679939,0
TZ-LOAN-15856,64.0,Dodoma,526273.9790450279,250000,29,0,12.242586267910829,0
TZ-LOAN-15857,30.0,Dar es Salaam,213532.35041320685,250000,34,0,2.2327983799174222,0
TZ-LOAN-15858,56.0,Mwanza,941579.1030321901,50000,30,1,0.03240128517587364,0
TZ-LOAN-15859,54.0,Arusha,693028.6811111973,1000000,20,0,0.5962885712053982,0
TZ-LOAN-15860,66.0,Mwanza,402090.4144202394,100000,20,0,10.805164187829288,0
TZ-LOAN-15861,45.0,Mbeya,532331.1165967928,100000,21,0,20.275561983290817,0
TZ-LOAN-15862,42.0,Mbeya,1153453.976637461,500000,18,0,11.286721028537244,0
TZ-LOAN-15863,33.0,Mbeya,628109.1704356165,1500000,19,1,2.912831261556205,1
TZ-LOAN-15864,19.0,Dodoma,595479.9387152282,1500000,18,1,16.27382393497578,1
TZ-LOAN-15865,35.0,Mwanza,367585.5541582204,500000,29,0,2.6115416520395778,0
TZ-LOAN-15866,34.0,Dar es Salaam,81625.65485830908,1500000,22,0,0.603476751258767,1
TZ-LOAN-15867,47.0,Mwanza,601988.3979261967,100000,15,3,2.08471486031151,1
TZ-LOAN-15868,56.0,Arusha,747645.5336973853,500000,32,0,,0
TZ-LOAN-15869,30.0,Dodoma,979875.3392983009,1500000,28,0,4.916770171640924,0
TZ-LOAN-15870,49.0,Mwanza,-24548.96034989669,50000,26,1,2.0775674518274787,0
TZ-LOAN-15871,67.0,Dodoma,312471.1018930913,1000000,27,0,4.893212856646951,1
TZ-LOAN-15872,46.0,Dodoma,475777.6728330649,50000,23,0,2.8030198887329765,0
TZ-LOAN-15873,63.0,Dar es Salaam,648955.7454280395,1500000,20,3,0.2540912048573122,1
TZ-LOAN-15874,47.0,Arusha,-150000.0,250000,25,0,1.1227704176896427,0
TZ-LOAN-15875,35.0,Dar es Salaam,613493.3942938191,100000,27,1,0.09711372135356793,0
TZ-LOAN-15876,150.0,Dar es Salaam,772428.8175709833,50000,28,0,1.4704610197843593,0
TZ-LOAN-15877,60.0,Dodoma,379012.06676626723,50000,29,2,6.727010472213431,0
TZ-LOAN-15878,38.0,Dodoma,930242.4326701084,500000,27,0,1.0741323862785952,0
TZ-LOAN-15879,47.0,Dar es Salaam,780035.7325098442,500000,18,0,3.7544787370933514,0
TZ-LOAN-15880,38.0,Mbeya,554050.3207615762,500000,33,0,6.046664365932023,0
TZ-LOAN-15881,65.0,Mbeya,1130272.3975666745,1500000,23,0,3.977920065060947,0
TZ-LOAN-15882,150.0,Dar es Salaam,1116924.8106715302,250000,27,0,0.0774494476765874,0
TZ-LOAN-15883,57.0,Dodoma,929868.6065581426,50000,25,0,2.2576130677284665,0
TZ-LOAN-15884,36.0,Dodoma,-255567.0311703377,1000000,21,0,2.913671754455862,0
TZ-LOAN-15885,69.0,Arusha,1123683.5278153927,500000,27,0,2.0984795671384573,0
TZ-LOAN-15886,32.0,Dodoma,888427.5567415803,250000,24,0,3.951196266000347,0
TZ-LOAN-15887,26.0,Mwanza,1251922.5913138809,1500000,34,0,3.599033864992001,0
TZ-LOAN-15888,69.0,Mwanza,1021239.3775200616,250000,30,1,1.0378906238850778,0
TZ-LOAN-15889,27.0,Dodoma,1123502.8032491857,500000,29,0,6.971109173961349,0
TZ-LOAN-15890,61.0,Dar es Salaam,913596.4550541136,100000,32,0,0.878698608296946,0
TZ-LOAN-15891,48.0,Mwanza,1054607.9595936537,50000,32,0,3.0713599576746056,0
TZ-LOAN-15892,40.0,Dodoma,1248237.1222203318,500000,20,0,7.05913174009694,0
TZ-LOAN-15893,69.0,Dodoma,714966.4215134617,1000000,27,3,5.974442400610851,1
TZ-LOAN-15894,47.0,Mwanza,178330.8367765611,50000,21,0,2.829805878201636,0
TZ-LOAN-15895,50.0,Dodoma,557761.7299954573,250000,24,0,7.7776000486477335,0
TZ-LOAN-15896,69.0,Dar es Salaam,766983.679815031,1000000,31,0,,0
TZ-LOAN-15897,26.0,Mbeya,672466.2753114674,50000,25,1,2.426893448479939,0
TZ-LOAN-15898,64.0,Mwanza,276031.41015217203,1000000,17,1,11.29348125931045,1
TZ-LOAN-15899,18.0,Mwanza,160679.71244150633,250000,19,0,0.7655200149231317,0
TZ-LOAN-15900,61.0,Dodoma,427651.1994095512,500000,29,0,2.2195911276044864,0
TZ-LOAN-15901,52.0,Dar es Salaam,892321.8667952453,1000000,31,3,5.983491162194827,1
TZ-LOAN-15902,28.0,Mwanza,1124101.9312468907,500000,20,2,,0
TZ-LOAN-15903,51.0,Dodoma,924970.2841333104,250000,32,0,1.9473170761774874,0
TZ-LOAN-15904,33.0,Dodoma,967228.1861342408,250000,22,0,4.119040906808604,0
TZ-LOAN-15905,26.0,Dodoma,625755.3280509327,1000000,23,1,0.05955198929616875,0
TZ-LOAN-15906,49.0,Arusha,127375.26268821082,1000000,22,0,2.316870631322328,1
TZ-LOAN-15907,32.0,Arusha,513433.8257351884,250000,39,0,2.0093703680416506,0
TZ-LOAN-15908,29.0,Dar es Salaam,572370.6764382864,1000000,26,0,9.240725582971152,0
TZ-LOAN-15909,50.0,Mbeya,500884.2539492953,1000000,28,0,0.38427936240867533,0
TZ-LOAN-15910,62.0,Arusha,666408.4596123878,1000000,16,0,0.32063741271743673,0
TZ-LOAN-15911,31.0,Dar es Salaam,782425.9279678852,1500000,19,0,2.923276208395965,0
TZ-LOAN-15912,25.0,Dodoma,905904.5564730492,1000000,26,0,2.6160854433412384,0
TZ-LOAN-15913,25.0,Dodoma,566564.0406900998,50000,34,1,0.8810608689471568,0
TZ-LOAN-15914,44.0,Mbeya,78872.17830662197,250000,29,1,1.528172588017262,1
TZ-LOAN-15915,29.0,Mwanza,505136.68421265954,250000,24,1,18.285835565989178,0
TZ-LOAN-15916,18.0,Arusha,663113.1190975951,100000,22,0,3.5993305082974505,0
TZ-LOAN-15917,60.0,Arusha,1016842.3766400225,500000,18,1,0.45977101392228986,0
TZ-LOAN-15918,57.0,Dodoma,479657.6473447684,100000,20,0,0.25513413578942484,0
TZ-LOAN-15919,59.0,Dar es Salaam,803763.0885198205,1000000,21,0,0.21421324480099588,0
TZ-LOAN-15920,68.0,Mbeya,737026.3698906297,1000000,25,0,2.4634474181306447,0
TZ-LOAN-15921,28.0,Mbeya,663170.1599370165,50000,33,0,10.035320614813063,0
TZ-LOAN-15922,56.0,Mwanza,929159.9957973774,50000,19,0,8.946310750749385,0
TZ-LOAN-15923,60.0,Mwanza,451747.64097422577,50000,24,1,2.2934307427481837,0
TZ-LOAN-15924,48.0,Dar es Salaam,477444.0651069451,50000,29,2,7.445481538460996,0
TZ-LOAN-15925,34.0,Dar es Salaam,646429.7530717315,50000,19,0,6.976644389015066,0
TZ-LOAN-15926,50.0,Mbeya,457956.04847189004,50000,21,0,3.298517961900138,0
TZ-LOAN-15927,49.0,Dodoma,802403.6873163799,50000,30,0,2.5908263149824347,0
TZ-LOAN-15928,46.0,Dar es Salaam,436042.30869016016,50000,24,0,0.995601063279931,0
TZ-LOAN-15929,38.0,Dar es Salaam,717891.2623235403,1500000,17,3,1.633992801331394,1
TZ-LOAN-15930,38.0,Mwanza,619948.1693639731,50000,26,0,2.0677039147744933,0
TZ-LOAN-15931,57.0,Mwanza,714477.7894330117,250000,24,1,8.375694604598587,0
TZ-LOAN-15932,40.0,Mwanza,512077.58148108824,50000,25,0,4.025457386017744,0
TZ-LOAN-15933,23.0,Dodoma,548273.5116419519,500000,27,0,1.121436819286321,0
TZ-LOAN-15934,39.0,Mbeya,678802.7803991149,50000,21,0,0.5036762041122852,0
TZ-LOAN-15935,67.0,Dodoma,,1500000,30,0,3.432484986441588,0
TZ-LOAN-15936,55.0,Mwanza,648739.4253826531,1000000,27,1,5.487813220738867,0
TZ-LOAN-15937,54.0,Arusha,1161608.706953925,1500000,40,0,8.543077157501312,0
TZ-LOAN-15938,62.0,Arusha,352778.92437761475,1500000,24,0,7.98050298467743,1
TZ-LOAN-15939,68.0,Mbeya,630738.8615141859,1000000,30,1,8.690782200277955,0
TZ-LOAN-15940,25.0,Mwanza,177911.2933649046,50000,24,0,2.9696536548081798,0
TZ-LOAN-15941,58.0,Mwanza,761624.4436002158,50000,22,2,10.036814141012178,0
TZ-LOAN-15942,66.0,Dodoma,,1000000,27,0,2.940407800665885,1
TZ-LOAN-15943,52.0,Mbeya,566506.9232370271,500000,24,0,0.9203431537048863,0
TZ-LOAN-15944,68.0,Dodoma,538380.7024006023,100000,32,0,2.5323302828457113,0
TZ-LOAN-15945,28.0,Mwanza,734267.3379803514,250000,35,0,2.077767204390812,0
TZ-LOAN-15946,41.0,Dar es Salaam,,1000000,33,0,2.4893564200296456,0
TZ-LOAN-15947,66.0,Arusha,471408.2906918053,50000,22,0,5.37378446961299,0
TZ-LOAN-15948,38.0,Mwanza,1080756.9392257694,250000,30,0,5.348907351600388,0
TZ-LOAN-15949,68.0,Dar es Salaam,735370.0371423579,50000,32,0,1.2738259296847867,0
TZ-LOAN-15950,19.0,Arusha,481684.7443933196,100000,23,0,1.8984792954152494,0
TZ-LOAN-15951,57.0,Dar es Salaam,574749.8984566308,100000,24,1,4.5237244238414664,0
TZ-LOAN-15952,36.0,Mbeya,1143606.4856812235,1000000,22,0,0.4393958245152094,0
TZ-LOAN-15953,56.0,Dar es Salaam,579450.5365246709,250000,20,0,5.834415971946067,0
TZ-LOAN-15954,45.0,Dar es Salaam,443217.0130542837,1500000,15,1,0.9855050153887768,1
TZ-LOAN-15955,34.0,Mbeya,444501.15496208216,250000,23,0,9.50936087661522,0
TZ-LOAN-15956,23.0,Dar es Salaam,485262.0557031268,1500000,31,1,2.567376132941637,1
TZ-LOAN-15957,36.0,Arusha,,100000,26,0,1.2474752776195674,0
TZ-LOAN-15958,55.0,Dar es Salaam,266105.6454952271,50000,27,0,5.510397591842108,0
TZ-LOAN-15959,45.0,Dar es Salaam,312739.9709159066,1500000,29,0,4.0375270018013,1
TZ-LOAN-15960,19.0,Mbeya,401203.887691589,1500000,23,0,0.943321918493627,1
TZ-LOAN-15961,55.0,Arusha,827471.3055359293,1000000,23,0,8.776974939205399,0
TZ-LOAN-15962,54.0,Mbeya,535628.813818138,500000,20,2,3.019175445700684,1
TZ-LOAN-15963,68.0,Dar es Salaam,587851.4932717879,100000,29,0,,0
TZ-LOAN-15964,69.0,Mbeya,1031026.407576469,1500000,24,0,7.952638078158293,0
TZ-LOAN-15965,21.0,Mbeya,1038502.1449815254,100000,37,1,0.7160878006925147,0
TZ-LOAN-15966,39.0,Dar es Salaam,565362.5170586795,1000000,18,0,17.216116408753926,1
TZ-LOAN-15967,43.0,Dar es Salaam,460740.9467949773,50000,21,1,2.915277646830448,0
TZ-LOAN-15968,66.0,Mwanza,390670.90589793865,250000,33,0,6.5138535229416945,0
TZ-LOAN-15969,60.0,Dar es Salaam,857832.7309124713,100000,20,0,3.0071055318550717,0
TZ-LOAN-15970,53.0,Dar es Salaam,588587.8299433137,1000000,38,0,1.038582488129308,0
TZ-LOAN-15971,30.0,Mwanza,534051.532903163,1000000,19,3,7.096444344859252,1
TZ-LOAN-15972,69.0,Arusha,405900.6274587342,1000000,38,0,,0
TZ-LOAN-15973,49.0,Mwanza,419100.07729658345,250000,21,0,5.735093501493268,0
TZ-LOAN-15974,34.0,Mbeya,746017.4574479733,100000,20,0,1.4878049998074274,0
TZ-LOAN-15975,58.0,Mwanza,255368.52023382136,1500000,34,0,1.3794808521122868,1
TZ-LOAN-15976,53.0,Mwanza,948460.6081363815,1000000,32,0,3.057334772146424,0
TZ-LOAN-15977,63.0,Arusha,489846.6068555245,250000,22,0,8.470606369525107,0
TZ-LOAN-15978,36.0,Dodoma,605109.2167244622,50000,24,1,4.754838593071637,0
TZ-LOAN-15979,52.0,Arusha,248906.61255783372,500000,24,1,0.33427325714292855,1
TZ-LOAN-15980,63.0,Mwanza,646290.2185272906,100000,27,3,6.618752196078319,0
TZ-LOAN-15981,57.0,Mbeya,551503.717192832,250000,21,0,4.334777405970673,0
TZ-LOAN-15982,45.0,Mbeya,634975.82034306,500000,17,1,4.885056485277477,0
TZ-LOAN-15983,18.0,Dodoma,1091512.669508567,500000,28,0,2.1815149318314355,0
TZ-LOAN-15984,59.0,Dar es Salaam,703309.4137370719,250000,19,0,4.061474308835314,0
TZ-LOAN-15985,35.0,Mwanza,411602.2447562588,1500000,21,0,2.3251894832510605,1
TZ-LOAN-15986,65.0,Dar es Salaam,436604.02683602954,1500000,22,3,0.42509774359354796,1
TZ-LOAN-15987,57.0,Mbeya,828539.3557741306,250000,26,3,9.303306454483714,1
TZ-LOAN-15988,50.0,Dar es Salaam,1039607.9872980271,250000,20,1,5.6664336342122565,0
TZ-LOAN-15989,29.0,Arusha,734575.4062253151,1000000,24,0,5.549969249995121,0
TZ-LOAN-15990,25.0,Arusha,856613.8233664308,50000,29,1,1.0763653039808536,0
TZ-LOAN-15991,41.0,Dodoma,832921.3170010115,1500000,19,0,5.447220702982209,0
TZ-LOAN-15992,33.0,Dar es Salaam,1075719.3240072564,1000000,24,0,1.3200271071406047,0
TZ-LOAN-15993,67.0,Dodoma,65122.948182190186,500000,30,0,5.816309073502931,1
TZ-LOAN-15994,21.0,Arusha,850165.6817913585,500000,35,0,2.0288043938768134,0
TZ-LOAN-15995,55.0,Arusha,945120.8131710691,500000,25,1,0.8569899048366182,0
TZ-LOAN-15996,61.0,Dodoma,248382.88815932797,250000,19,1,11.83638345723641,0
TZ-LOAN-15997,44.0,Arusha,384299.5447980752,100000,30,0,,0
TZ-LOAN-15998,26.0,Dar es Salaam,394765.175411554,1000000,37,0,7.172967378296674,0
TZ-LOAN-15999,64.0,Mwanza,431362.94108678494,100000,26,0,0.5366771498962029,0
TZ-LOAN-16000,33.0,Mwanza,505484.8847193422,50000,26,1,5.771465069873937,0
TZ-LOAN-16001,29.0,Arusha,722780.8439164824,50000,25,0,,0
TZ-LOAN-16002,48.0,Mwanza,,1000000,24,0,3.554768607143956,0
TZ-LOAN-16003,41.0,Mwanza,974395.0873305609,500000,24,0,1.0412481661635051,0
TZ-LOAN-16004,31.0,Mwanza,398653.0816496655,1500000,27,0,10.071325472157486,1
TZ-LOAN-16005,62.0,Arusha,396589.10038910515,50000,23,0,2.5665148602360492,0
TZ-LOAN-16006,42.0,Mwanza,1044746.5520048669,100000,21,0,0.07773286822678371,0
TZ-LOAN-16007,51.0,Dodoma,844023.1806255933,100000,26,0,4.946474961575056,0
TZ-LOAN-16008,20.0,Dodoma,674859.4525606988,1500000,17,2,,1
TZ-LOAN-16009,41.0,Mwanza,792001.0026664902,250000,32,0,9.821262122202251,0
TZ-LOAN-16010,59.0,Mbeya,641058.8654445678,500000,22,3,2.838251446958158,1
TZ-LOAN-16011,26.0,Mbeya,807375.4049142844,250000,30,0,2.64783814965873,0
TZ-LOAN-16012,43.0,Dodoma,549179.9910482778,1000000,27,0,3.026535208228899,0
TZ-LOAN-16013,37.0,Dodoma,730641.4803317692,50000,21,2,9.825353363360147,0
TZ-LOAN-16014,57.0,Mwanza,196836.18488915113,1500000,30,0,4.419390725896654,1
TZ-LOAN-16015,27.0,Arusha,443664.7115523707,1500000,20,0,5.533662143283298,1
TZ-LOAN-16016,36.0,Dodoma,446896.6469628969,1500000,23,0,6.372171020646816,1
TZ-LOAN-16017,20.0,Mwanza,537682.9900379258,250000,27,0,13.86418556068258,0
TZ-LOAN-16018,41.0,Dodoma,372046.02356607554,250000,30,0,9.086020045823814,0
TZ-LOAN-16019,22.0,Dodoma,489936.91225307545,1000000,26,3,13.105987171422122,1
TZ-LOAN-16020,20.0,Mwanza,195675.7812805638,100000,22,1,,0
TZ-LOAN-16021,44.0,Mwanza,814610.1429184701,100000,16,0,1.2093390698722022,0
TZ-LOAN-16022,33.0,Dar es Salaam,625245.9443265817,1000000,17,0,1.1369472113955719,0
TZ-LOAN-16023,66.0,Arusha,138437.71766719496,1500000,28,0,9.752642210134256,1
TZ-LOAN-16024,32.0,Dar es Salaam,399551.02683599805,100000,32,0,8.877203661741607,0
TZ-LOAN-16025,52.0,Dar es Salaam,750980.4282686501,1000000,33,0,5.254994245648168,0
TZ-LOAN-16026,29.0,Dar es Salaam,487093.4160842631,100000,18,0,0.32505254383000526,0
TZ-LOAN-16027,58.0,Dar es Salaam,440917.56195857096,1000000,26,0,1.9139811781501321,0
TZ-LOAN-16028,61.0,Dar es Salaam,627622.1968975771,100000,26,2,6.62507988796211,0
TZ-LOAN-16029,43.0,Dodoma,753079.2605534649,1500000,32,0,1.4288779463018804,0
TZ-LOAN-16030,64.0,Dar es Salaam,219094.2628882518,250000,29,0,4.891614260268028,0
TZ-LOAN-16031,51.0,Mwanza,815038.5443653638,250000,25,0,3.9125289712271947,0
TZ-LOAN-16032,40.0,Arusha,409912.01551778696,1500000,20,0,1.5236147281302028,1
TZ-LOAN-16033,48.0,Mbeya,644621.6095250604,100000,22,0,13.61617688509069,0
TZ-LOAN-16034,67.0,Mbeya,639373.9577925472,1500000,21,0,1.4835404181161729,0
TZ-LOAN-16035,37.0,Dodoma,491880.1645280678,1000000,20,3,11.259039528189085,1
TZ-LOAN-16036,29.0,Dar es Salaam,342902.0761607857,250000,27,0,3.8927837782332326,0
TZ-LOAN-16037,40.0,Mwanza,564294.0355723209,50000,22,0,0.48160752672712853,0
TZ-LOAN-16038,21.0,Mbeya,1137599.0927225584,100000,24,0,8.967547658615912,0
TZ-LOAN-16039,40.0,Dar es Salaam,241497.49086091074,50000,26,0,7.837451819166251,0
TZ-LOAN-16040,65.0,Mbeya,1157693.9057314626,50000,22,1,8.888529329587824,0
TZ-LOAN-16041,65.0,Mbeya,572083.6486770402,500000,27,0,5.082607492207117,0
TZ-LOAN-16042,18.0,Dar es Salaam,660611.4251265917,50000,32,3,6.217305289288339,0
TZ-LOAN-16043,42.0,Arusha,,50000,21,0,11.878897114395121,0
TZ-LOAN-16044,19.0,Arusha,418619.1749967558,1500000,27,1,0.6830999134673682,1
TZ-LOAN-16045,47.0,Dodoma,499127.10498859425,500000,23,0,0.4334453866056359,0
TZ-LOAN-16046,20.0,Mwanza,336291.50873662636,500000,24,2,0.6680892045805691,1
TZ-LOAN-16047,38.0,Dar es Salaam,587324.6127887385,500000,24,0,10.203860390077686,0
TZ-LOAN-16048,42.0,Mbeya,,1000000,25,1,4.138357567932889,1
TZ-LOAN-16049,37.0,Arusha,1205234.34273072,500000,34,0,0.9683198852626627,0
TZ-LOAN-16050,66.0,Mwanza,300207.7442958617,1500000,22,0,0.7640782555233603,1
TZ-LOAN-16051,69.0,Mwanza,680807.1550245762,1000000,21,0,2.947753097059342,0
TZ-LOAN-16052,39.0,Dar es Salaam,724353.8845705474,100000,28,1,,0
TZ-LOAN-16053,38.0,Dar es Salaam,328903.83540444874,1000000,20,1,8.178311927385064,1
TZ-LOAN-16054,50.0,Dar es Salaam,856048.2486358515,100000,28,0,9.527544331627759,0
TZ-LOAN-16055,69.0,Arusha,530501.8961355116,500000,35,0,7.325491738865171,0
TZ-LOAN-16056,55.0,Dodoma,-97716.89547492017,500000,32,0,0.3180004595451994,0
TZ-LOAN-16057,32.0,Dodoma,847954.8836313696,100000,22,1,6.367809700474051,0
TZ-LOAN-16058,63.0,Dodoma,314917.73476929084,250000,25,0,3.6590376738267887,0
TZ-LOAN-16059,69.0,Mwanza,335667.5161582703,1500000,26,2,6.4806636664397965,1
TZ-LOAN-16060,32.0,Mwanza,856370.6248677195,1000000,25,0,3.3109830435227794,0
TZ-LOAN-16061,63.0,Arusha,545851.5552744651,1500000,21,0,3.303778002195071,1
TZ-LOAN-16062,42.0,Dar es Salaam,925331.6451654502,1500000,21,1,0.674144947785394,0
TZ-LOAN-16063,38.0,Dar es Salaam,1013049.8286095957,50000,19,0,11.781260836000948,0
TZ-LOAN-16064,41.0,Mbeya,456521.4619033106,500000,24,0,2.3469931128497015,0
TZ-LOAN-16065,22.0,Mbeya,,1000000,30,0,4.365846024735648,0
TZ-LOAN-16066,23.0,Mbeya,423361.7595821355,1500000,23,0,1.1606456703217853,1
TZ-LOAN-16067,66.0,Mwanza,1319934.7751396531,1000000,23,0,2.301366800426607,0
TZ-LOAN-16068,60.0,Dodoma,442112.8986406354,1500000,25,0,10.22336219530984,1
TZ-LOAN-16069,65.0,Arusha,957826.2322880012,500000,27,0,1.176076647162814,0
TZ-LOAN-16070,61.0,Dodoma,903137.0077644726,1500000,19,0,1.1540242043359472,0
TZ-LOAN-16071,64.0,Dar es Salaam,744826.3466326802,100000,21,1,1.5088989683891743,0
TZ-LOAN-16072,40.0,Mbeya,448837.05157499504,500000,21,0,4.274344938541928,0
TZ-LOAN-16073,21.0,Dodoma,604580.7524175772,1000000,21,1,3.6770199887569572,1
TZ-LOAN-16074,44.0,Dar es Salaam,,250000,32,0,0.9638113707754054,1
TZ-LOAN-16075,35.0,Mbeya,717326.0115146751,1500000,29,1,5.887774597881866,1
TZ-LOAN-16076,38.0,Dodoma,754884.5993085155,100000,29,1,11.904897375618235,0
TZ-LOAN-16077,45.0,Dodoma,690049.8257184115,500000,27,0,1.1084035922074158,0
TZ-LOAN-16078,52.0,Dodoma,-241991.85138776724,50000,26,3,5.588269557586192,0
TZ-LOAN-16079,39.0,Mbeya,270309.0664730567,500000,33,0,4.414093502409934,0
TZ-LOAN-16080,57.0,Mwanza,425572.7051454012,1000000,26,0,1.994475891245291,0
TZ-LOAN-16081,40.0,Mbeya,737497.6799567138,1000000,29,0,4.80945681003199,0
TZ-LOAN-16082,20.0,Arusha,736801.6716928954,50000,28,0,1.1780350439445162,0
TZ-LOAN-16083,57.0,Mbeya,598932.8624086463,100000,18,1,8.977477199678273,0
TZ-LOAN-16084,67.0,Dodoma,840573.660981187,1000000,18,0,0.11231244922723217,0
TZ-LOAN-16085,27.0,Dar es Salaam,342127.28740913,100000,25,0,4.185815022268561,0
TZ-LOAN-16086,42.0,Dar es Salaam,833070.5017081988,100000,18,0,1.9193511883116632,0
TZ-LOAN-16087,69.0,Dodoma,792422.6314519673,500000,26,1,10.658338246550926,0
TZ-LOAN-16088,66.0,Mwanza,763266.4198513732,100000,23,0,3.4594025959796504,0
TZ-LOAN-16089,25.0,Mwanza,595387.8706743033,1500000,24,0,8.10978067910472,1
TZ-LOAN-16090,28.0,Mbeya,1199223.1474493784,1000000,22,0,12.873304223678737,0
TZ-LOAN-16091,22.0,Mbeya,797958.7065469635,1000000,27,0,2.0349529913618203,0
TZ-LOAN-16092,62.0,Dar es Salaam,359499.24102393235,250000,36,2,10.61558203264684,0
TZ-LOAN-16093,54.0,Dodoma,724491.6427207952,100000,23,0,6.478228383835,0
TZ-LOAN-16094,62.0,Dodoma,875745.0131222656,250000,18,0,0.5724233898502616,0
TZ-LOAN-16095,55.0,Mbeya,473567.42032270716,500000,28,0,0.548627635544316,0
TZ-LOAN-16096,46.0,Arusha,976781.6740793297,250000,29,0,8.500791454931035,0
TZ-LOAN-16097,22.0,Mbeya,764610.1117148031,100000,23,0,3.158530598061735,0
TZ-LOAN-16098,26.0,Mbeya,-52743.501299604075,1000000,29,0,3.4174723013289916,0
TZ-LOAN-16099,65.0,Mwanza,739901.5932013779,500000,24,0,11.093358908044005,0
TZ-LOAN-16100,19.0,Mbeya,528191.2536761854,100000,33,0,11.706803042443173,0
TZ-LOAN-16101,18.0,Mbeya,811153.9443625208,500000,24,0,0.597894399962206,0
TZ-LOAN-16102,57.0,Arusha,933264.4520755443,50000,30,0,2.3392164059511305,0
TZ-LOAN-16103,68.0,Dar es Salaam,708548.6141425454,100000,25,0,11.279784858405089,0
TZ-LOAN-16104,47.0,Dar es Salaam,1149575.6701834085,50000,15,2,8.56994789715676,0
TZ-LOAN-16105,28.0,Mbeya,596387.9346309513,250000,28,0,6.3828755713831615,0
TZ-LOAN-16106,45.0,Dodoma,837445.3469161626,100000,21,0,0.5377434496786762,0
TZ-LOAN-16107,61.0,Mbeya,891482.7720912042,50000,18,0,4.853662865078095,0
TZ-LOAN-16108,29.0,Mwanza,620796.2093321802,1500000,29,0,4.35959205607828,0
TZ-LOAN-16109,56.0,Arusha,883632.2923933347,1000000,36,2,0.9146110521625728,0
TZ-LOAN-16110,43.0,Mbeya,471598.1038513494,250000,23,1,7.432978253225432,0
TZ-LOAN-16111,30.0,Dar es Salaam,523229.47429363447,100000,23,0,1.8696649473492746,0
TZ-LOAN-16112,25.0,Mbeya,,100000,33,1,4.846160114391981,0
TZ-LOAN-16113,45.0,Arusha,722422.7349110141,1000000,30,0,2.2457958481984925,0
TZ-LOAN-16114,47.0,Arusha,747575.5027563032,1000000,23,0,0.44085231383183077,0
TZ-LOAN-16115,26.0,Dodoma,1003778.9475737688,50000,24,0,3.7200438140474006,0
TZ-LOAN-16116,56.0,Dodoma,,50000,34,0,1.831052282141904,0
TZ-LOAN-16117,48.0,Dodoma,564561.3330057701,50000,22,0,0.369917609823015,0
TZ-LOAN-16118,38.0,Mbeya,296546.0937997169,500000,27,0,1.1064071562608175,0
TZ-LOAN-16119,64.0,Dar es Salaam,779855.1207559921,250000,27,0,4.822887084683053,0
TZ-LOAN-16120,51.0,Mwanza,983225.9517243926,100000,21,1,0.5344862535084424,0
TZ-LOAN-16121,48.0,Dar es Salaam,876555.492141183,250000,23,1,0.4576515384377825,0
TZ-LOAN-16122,69.0,Arusha,975343.2574571862,1000000,18,0,14.413944118529178,0
TZ-LOAN-16123,42.0,Dar es Salaam,586433.1406405272,1500000,27,0,0.5687748038273132,0
TZ-LOAN-16124,29.0,Mbeya,510014.30954730633,250000,13,0,2.3585031681940776,0
TZ-LOAN-16125,18.0,Dodoma,428929.5943304603,250000,21,1,0.7159516833223147,0
TZ-LOAN-16126,39.0,Dar es Salaam,633231.0600159214,50000,26,0,14.006512608744973,0
TZ-LOAN-16127,57.0,Arusha,626422.7612093542,1000000,22,1,3.2808121294164394,0
TZ-LOAN-16128,54.0,Arusha,,250000,25,2,0.5889609153810618,0
TZ-LOAN-16129,64.0,Mwanza,611210.7628893476,100000,19,0,7.322716312354323,0
TZ-LOAN-16130,18.0,Dar es Salaam,-150000.0,50000,25,0,7.588547691559048,0
TZ-LOAN-16131,18.0,Mbeya,416991.7841083568,250000,25,0,11.573261212395746,0
TZ-LOAN-16132,59.0,Arusha,932485.7040654472,1000000,18,0,6.115020223535035,0
TZ-LOAN-16133,59.0,Mwanza,672955.4186731133,1500000,34,0,0.28135078614784215,0
TZ-LOAN-16134,38.0,Arusha,597666.8197144154,100000,28,1,3.9960013144111155,0
TZ-LOAN-16135,32.0,Mwanza,425771.22402523854,1500000,22,0,2.4228651163933375,1
TZ-LOAN-16136,34.0,Arusha,250426.06688267423,1000000,24,0,6.903173044748755,1
TZ-LOAN-16137,39.0,Mbeya,1042389.2577648031,1000000,24,0,4.469332823330157,0
TZ-LOAN-16138,55.0,Mbeya,816391.6124395421,1000000,26,1,6.458568069019751,0
TZ-LOAN-16139,52.0,Arusha,162824.64722900983,1500000,17,0,0.994962242868507,1
TZ-LOAN-16140,62.0,Dodoma,878942.690212897,500000,29,1,2.873008790721773,0
TZ-LOAN-16141,33.0,Mbeya,926744.3510699328,100000,19,0,2.8290877569808104,0
TZ-LOAN-16142,25.0,Mbeya,687312.8366902788,1000000,26,0,19.809904796365057,0
TZ-LOAN-16143,64.0,Mwanza,1129433.2687255277,500000,27,1,0.09647561079019389,0
TZ-LOAN-16144,34.0,Mwanza,715015.8926368649,50000,19,0,8.465264647427299,0
TZ-LOAN-16145,34.0,Dar es Salaam,224952.94161524303,500000,29,0,0.5107818442677776,0
TZ-LOAN-16146,43.0,Dar es Salaam,759550.7003144963,50000,31,0,0.41896311769870265,0
TZ-LOAN-16147,30.0,Mbeya,723469.1905138188,1500000,14,1,1.988798057858259,1
TZ-LOAN-16148,34.0,Mbeya,469010.9453665535,500000,22,0,6.032661951484127,0
TZ-LOAN-16149,55.0,Arusha,822067.6510632276,1500000,30,0,5.6729539679271115,0
TZ-LOAN-16150,34.0,Dodoma,,1000000,21,0,4.942703135213835,1
TZ-LOAN-16151,65.0,Arusha,947170.0482328369,500000,20,1,7.448308826706614,0
TZ-LOAN-16152,31.0,Mbeya,386563.4889183642,500000,25,1,1.322289619015458,0
TZ-LOAN-16153,62.0,Mwanza,354516.1624648903,1000000,25,0,5.023485108976057,1
TZ-LOAN-16154,23.0,Dar es Salaam,615852.5683077569,50000,23,0,5.081073950669319,0
TZ-LOAN-16155,52.0,Dodoma,779891.8784130906,1000000,26,0,5.311433322686793,0
TZ-LOAN-16156,150.0,Mwanza,,100000,20,0,4.512600358894797,0
TZ-LOAN-16157,31.0,Mbeya,427202.25026828656,500000,19,3,1.2520784724145206,1
TZ-LOAN-16158,64.0,Dodoma,498173.2126424335,100000,24,1,12.284447978824492,0
TZ-LOAN-16159,25.0,Dodoma,310087.2957867614,1000000,24,1,18.649471613744605,1
TZ-LOAN-16160,32.0,Dar es Salaam,,1500000,25,0,5.842814542854616,1
TZ-LOAN-16161,44.0,Dodoma,972506.3643532728,1000000,25,3,2.9356518573138817,1
TZ-LOAN-16162,30.0,Mbeya,648721.1187068372,250000,24,1,3.852201752141087,0
TZ-LOAN-16163,66.0,Dar es Salaam,907824.2764278359,100000,22,0,0.5735286662570087,0
TZ-LOAN-16164,48.0,Mbeya,1086620.4013178574,250000,31,0,2.2580366036256843,0
TZ-LOAN-16165,52.0,Dodoma,473594.4442889099,100000,19,0,,0
TZ-LOAN-16166,23.0,Mbeya,594028.0240833906,1500000,18,0,3.9672941229832306,1
TZ-LOAN-16167,22.0,Mwanza,1301357.8583187484,250000,30,3,4.112039027719377,0
TZ-LOAN-16168,39.0,Dodoma,1083303.0235939836,250000,21,0,15.393381741152542,0
TZ-LOAN-16169,66.0,Arusha,148278.64225629426,100000,17,1,10.87334255987458,0
TZ-LOAN-16170,40.0,Arusha,766144.494818272,1000000,22,0,4.204946745816215,0
TZ-LOAN-16171,42.0,Mwanza,650167.9977019086,50000,25,2,1.5666465040922426,0
TZ-LOAN-16172,51.0,Arusha,897935.9332576287,1000000,22,0,0.6217620447543458,0
TZ-LOAN-16173,43.0,Arusha,426506.3697544834,50000,37,0,9.962703129428416,0
TZ-LOAN-16174,64.0,Dar es Salaam,398117.4883877983,100000,25,0,12.634366277978424,0
TZ-LOAN-16175,22.0,Mbeya,447178.78541191714,500000,23,0,3.408909269761839,0
TZ-LOAN-16176,43.0,Dodoma,478421.43614047015,1000000,27,0,0.4966081889053928,0
TZ-LOAN-16177,37.0,Arusha,894597.2500427043,250000,26,0,4.659874572391348,0
TZ-LOAN-16178,23.0,Dodoma,295639.648055336,1000000,20,2,2.2900701545088316,1
TZ-LOAN-16179,23.0,Mwanza,463215.83001220436,100000,23,0,0.8590489613206853,0
TZ-LOAN-16180,67.0,Arusha,113296.2828495676,500000,23,0,12.575389677481933,1
TZ-LOAN-16181,35.0,Dar es Salaam,952135.3470237119,500000,19,0,1.3685608841075816,0
TZ-LOAN-16182,21.0,Dodoma,1031309.0298293422,1000000,26,0,6.20943812730426,0
TZ-LOAN-16183,34.0,Mwanza,551877.970740864,1000000,26,0,2.805140192358123,0
TZ-LOAN-16184,31.0,Dar es Salaam,-150000.0,1500000,24,2,8.799004170324077,1
TZ-LOAN-16185,31.0,Mbeya,785966.5706848692,1000000,21,0,6.033798479005528,0
TZ-LOAN-16186,30.0,Mwanza,1092344.6022134768,100000,22,1,0.6571538858487945,0
TZ-LOAN-16187,24.0,Dar es Salaam,772583.2242691752,50000,18,1,2.9856565641207644,0
TZ-LOAN-16188,61.0,Dodoma,,1500000,27,0,1.504096987424912,1
TZ-LOAN-16189,32.0,Dar es Salaam,164353.22840406786,50000,20,2,6.251558128912045,0
TZ-LOAN-16190,36.0,Mwanza,315462.12120095367,250000,21,2,3.933870982399108,0
TZ-LOAN-16191,60.0,Mbeya,671965.8350937396,100000,32,0,2.078950270195477,0
TZ-LOAN-16192,64.0,Mbeya,453401.74303976167,1500000,34,2,1.9983607014298153,1
TZ-LOAN-16193,61.0,Mwanza,708490.3117972276,500000,24,0,,0
TZ-LOAN-16194,52.0,Dodoma,484122.7951291298,1500000,21,0,1.202859185677154,1
TZ-LOAN-16195,34.0,Mbeya,332556.07061167655,250000,22,0,6.249494701642902,0
TZ-LOAN-16196,52.0,Arusha,296890.5105640787,500000,17,0,,0
TZ-LOAN-16197,36.0,Arusha,1118706.352811969,1500000,21,0,2.1971466827058914,0
TZ-LOAN-16198,37.0,Mbeya,916696.3247550928,500000,21,1,9.042970060322288,0
TZ-LOAN-16199,53.0,Dodoma,1169155.3855483877,1000000,25,0,3.3122446625911546,0
TZ-LOAN-16200,52.0,Dodoma,811985.2702265308,500000,16,0,,0
TZ-LOAN-16201,49.0,Dodoma,,1500000,30,2,7.597532474892034,1
TZ-LOAN-16202,65.0,Dodoma,1047002.2767469813,500000,42,0,9.419339272691898,0
TZ-LOAN-16203,61.0,Dodoma,640079.5995914696,100000,30,0,9.477995949914739,0
TZ-LOAN-16204,57.0,Dar es Salaam,716252.5310871057,1000000,25,2,5.68254593084354,1
TZ-LOAN-16205,41.0,Mbeya,637152.6862773444,1000000,22,2,6.919954947503188,1
TZ-LOAN-16206,34.0,Mwanza,-234071.26578520436,250000,27,0,7.500837164358868,0
TZ-LOAN-16207,24.0,Arusha,1131420.503688456,1000000,26,0,0.9265865994070399,0
TZ-LOAN-16208,60.0,Mbeya,797301.1837873261,50000,23,2,1.7851237994111757,0
TZ-LOAN-16209,67.0,Arusha,748946.918260553,100000,20,0,0.550412334188148,0
TZ-LOAN-16210,18.0,Mbeya,,250000,17,0,1.0497261826411495,0
TZ-LOAN-16211,52.0,Mbeya,699028.3461158393,50000,20,0,7.531863321219014,0
TZ-LOAN-16212,49.0,Arusha,470816.3192461257,500000,19,0,14.697745986452135,0
TZ-LOAN-16213,53.0,Dodoma,834973.8056921813,50000,23,0,5.598701610617745,0
TZ-LOAN-16214,30.0,Arusha,257870.4966802603,250000,32,0,10.859877004943677,0
TZ-LOAN-16215,23.0,Arusha,705820.5297411641,1000000,26,0,1.913457155104126,0
TZ-LOAN-16216,31.0,Arusha,818472.0411713314,100000,35,0,9.347380780893586,0
TZ-LOAN-16217,54.0,Dodoma,590399.259853129,250000,23,0,2.068388212902402,0
TZ-LOAN-16218,65.0,Mbeya,761260.3377413074,50000,27,0,11.229451498334509,0
TZ-LOAN-16219,32.0,Mwanza,352599.68232972495,50000,27,1,7.998572645005727,0
TZ-LOAN-16220,64.0,Mwanza,360251.96873121074,250000,24,2,20.551511700886273,1
TZ-LOAN-16221,21.0,Mbeya,721015.136307918,1500000,34,1,8.78020647297087,1
TZ-LOAN-16222,57.0,Arusha,,1500000,26,0,2.5392308221825255,0
TZ-LOAN-16223,33.0,Mbeya,87540.30334948667,250000,24,0,0.5831173043794792,1
TZ-LOAN-16224,45.0,Dar es Salaam,806606.19053323,1500000,30,0,10.368215919166317,0
TZ-LOAN-16225,33.0,Mbeya,487039.54988709884,250000,24,0,4.23371809459311,0
TZ-LOAN-16226,21.0,Dar es Salaam,592158.1738077763,1000000,24,1,9.764627724575627,1
TZ-LOAN-16227,62.0,Mwanza,248144.62293048884,250000,26,0,2.4480033313227016,0
TZ-LOAN-16228,43.0,Mwanza,394514.82794398756,500000,24,3,0.14688264663476933,1
TZ-LOAN-16229,45.0,Mwanza,939837.5976590933,100000,19,1,0.2692015569146965,0
TZ-LOAN-16230,49.0,Arusha,659859.012194064,100000,26,3,5.550871550882452,0
TZ-LOAN-16231,62.0,Dar es Salaam,535166.4794871324,500000,29,0,0.6078027703557239,0
TZ-LOAN-16232,19.0,Dar es Salaam,615053.4942106896,50000,34,0,6.841525623511259,0
TZ-LOAN-16233,48.0,Dar es Salaam,796763.5473992904,50000,19,0,2.7188330803714944,0
TZ-LOAN-16234,20.0,Mbeya,782148.3488490013,50000,26,0,4.140345327463695,0
TZ-LOAN-16235,25.0,Arusha,627491.8998809598,50000,23,3,8.077616356631607,1
TZ-LOAN-16236,41.0,Mwanza,977887.7332690004,1000000,23,0,1.4589287003032538,0
TZ-LOAN-16237,32.0,Mbeya,941138.7910719998,500000,25,0,2.662822281076248,0
TZ-LOAN-16238,60.0,Arusha,774011.6087391187,100000,30,0,6.538475465612522,0
TZ-LOAN-16239,48.0,Mwanza,666383.5348730212,500000,32,3,12.531331185055341,1
TZ-LOAN-16240,26.0,Dar es Salaam,847196.3285358617,100000,20,0,1.7145629869331955,0
TZ-LOAN-16241,56.0,Dar es Salaam,744280.226540355,50000,22,1,4.873877329687193,0
TZ-LOAN-16242,62.0,Dar es Salaam,968240.0215417843,1000000,19,0,15.10155524621128,0
TZ-LOAN-16243,19.0,Dodoma,919868.4130214923,250000,17,1,5.232740151581957,0
TZ-LOAN-16244,25.0,Dar es Salaam,344523.8295746814,250000,24,0,11.164786944084454,0
TZ-LOAN-16245,24.0,Mwanza,324211.0487774881,1500000,25,0,14.044591735968503,1
TZ-LOAN-16246,61.0,Mbeya,439625.1366787771,50000,29,0,13.249563755410144,0
TZ-LOAN-16247,68.0,Mbeya,942841.6070200764,50000,23,1,7.103954607049152,0
TZ-LOAN-16248,56.0,Dodoma,177107.30096862634,500000,24,0,4.015876041766735,1
TZ-LOAN-16249,59.0,Dodoma,768427.216732398,1000000,22,0,0.5087952541416014,0
TZ-LOAN-16250,33.0,Mwanza,758762.9273278884,1000000,20,0,1.2596840132097769,0
TZ-LOAN-16251,52.0,Arusha,998794.4176058578,500000,24,2,1.4770064555469165,0
TZ-LOAN-16252,47.0,Dodoma,704101.6071991662,1000000,26,0,0.16912625312460114,0
TZ-LOAN-16253,27.0,Dodoma,247037.18282482983,1000000,26,0,0.5374994452524786,1
TZ-LOAN-16254,55.0,Mwanza,362193.5118055631,250000,30,0,1.7460621344055434,0
TZ-LOAN-16255,35.0,Mbeya,295401.34343065263,1000000,22,0,0.47562616694892534,1
TZ-LOAN-16256,67.0,Mwanza,488616.81010005786,50000,29,0,0.9288475170822272,0
TZ-LOAN-16257,22.0,Dar es Salaam,595129.5297728219,250000,29,0,0.2797712112475818,0
TZ-LOAN-16258,46.0,Arusha,300367.54213368293,50000,17,0,2.6938339178763773,0
TZ-LOAN-16259,56.0,Dodoma,1091198.5971956868,50000,25,0,,0
TZ-LOAN-16260,51.0,Arusha,252415.5884142677,500000,29,0,8.363056008377391,0
TZ-LOAN-16261,60.0,Mwanza,1053831.0271587442,1500000,29,1,11.763628396766109,0
TZ-LOAN-16262,62.0,Mbeya,1005548.9094318021,1000000,22,1,,0
TZ-LOAN-16263,40.0,Arusha,919490.7649067106,1000000,25,0,1.4014933628425488,0
TZ-LOAN-16264,22.0,Dodoma,,1000000,20,0,6.059855132591244,1
TZ-LOAN-16265,47.0,Dar es Salaam,752735.2637530704,1000000,32,0,7.0085000192384115,0
TZ-LOAN-16266,23.0,Arusha,266788.6599348146,250000,32,1,3.916536181100927,0
TZ-LOAN-16267,63.0,Mwanza,923272.1105101248,100000,33,2,8.225599973162119,0
TZ-LOAN-16268,61.0,Mwanza,627804.5655391193,50000,19,0,0.3696637052584165,0
TZ-LOAN-16269,21.0,Arusha,527203.9356239944,1500000,30,1,4.516632989235487,1
TZ-LOAN-16270,46.0,Mwanza,282876.5460031192,1500000,22,0,3.268607250471613,1
TZ-LOAN-16271,40.0,Arusha,-93251.83558870503,100000,23,0,8.179212707794019,0
TZ-LOAN-16272,23.0,Arusha,338437.7428892732,100000,25,0,0.6846033380157615,0
TZ-LOAN-16273,49.0,Mbeya,983839.4586838719,100000,27,0,1.195246756658582,0
TZ-LOAN-16274,59.0,Mwanza,529149.9714575588,250000,21,1,4.090060770348811,0
TZ-LOAN-16275,35.0,Mbeya,599201.3428654858,100000,27,0,14.706724439678972,0
TZ-LOAN-16276,32.0,Mwanza,846666.3074865359,250000,33,2,,0
TZ-LOAN-16277,57.0,Mbeya,1191700.6634348794,500000,19,0,6.800736453419053,0
TZ-LOAN-16278,49.0,Dar es Salaam,1047501.3964836916,500000,25,0,1.1495771566791988,0
TZ-LOAN-16279,26.0,Mwanza,358299.49885514355,1500000,23,0,0.5571660755063577,1
TZ-LOAN-16280,54.0,Mbeya,67228.82856877812,500000,24,0,2.510701534845445,1
TZ-LOAN-16281,27.0,Dar es Salaam,1357884.277730031,250000,18,0,4.373978813380067,0
TZ-LOAN-16282,37.0,Dar es Salaam,1330697.4834978362,250000,31,1,8.772836980296866,0
TZ-LOAN-16283,23.0,Dar es Salaam,706536.0789287848,50000,32,0,5.035070185128512,0
TZ-LOAN-16284,65.0,Mbeya,268853.52632545354,100000,19,3,3.3830940775654876,1
TZ-LOAN-16285,20.0,Dar es Salaam,938967.9601681817,1000000,25,0,1.6820327584217059,0
TZ-LOAN-16286,59.0,Dodoma,617604.894196217,1000000,23,1,1.7304631259110717,0
TZ-LOAN-16287,28.0,Mwanza,616105.6630680169,100000,26,3,7.360935411429169,1
TZ-LOAN-16288,60.0,Dodoma,918337.6529315386,1000000,34,0,0.6055284197706055,0
TZ-LOAN-16289,34.0,Dodoma,750312.4240619896,1000000,21,0,0.791895009308059,0
TZ-LOAN-16290,49.0,Mwanza,294255.5266955164,1000000,32,1,6.3601230758189455,1
TZ-LOAN-16291,21.0,Dodoma,552577.4194754078,1500000,30,1,16.226359439367492,1
TZ-LOAN-16292,21.0,Dar es Salaam,848345.878598404,250000,21,0,0.6404977354133629,0
TZ-LOAN-16293,34.0,Arusha,803075.6667215056,250000,28,0,4.700690195836576,0
TZ-LOAN-16294,58.0,Dodoma,,250000,20,0,1.366847520121088,0
TZ-LOAN-16295,36.0,Mwanza,930026.8863427592,100000,32,0,0.13047678109840088,0
TZ-LOAN-16296,22.0,Mbeya,,500000,24,2,8.92692880459235,1
TZ-LOAN-16297,49.0,Mbeya,703600.9325657216,1500000,28,0,3.5525309403073084,0
TZ-LOAN-16298,39.0,Dar es Salaam,-362673.73005328,1500000,16,1,0.12089972256944334,0
TZ-LOAN-16299,23.0,Dodoma,515104.9418471558,1000000,23,1,11.290607187685076,1
TZ-LOAN-16300,52.0,Arusha,879170.8725726933,50000,22,1,3.835962980108204,0
TZ-LOAN-16301,39.0,Mbeya,532881.6598648572,250000,32,0,6.6792875465889505,0
TZ-LOAN-16302,18.0,Arusha,510131.7824848664,1500000,26,0,2.753941423311223,1
TZ-LOAN-16303,37.0,Dar es Salaam,337564.11446755443,1500000,27,2,1.0221197616074704,1
TZ-LOAN-16304,39.0,Mwanza,951009.7678187436,50000,34,0,3.132803531369901,0
TZ-LOAN-16305,65.0,Mwanza,814538.9820621712,1000000,24,0,1.6960864573644026,0
TZ-LOAN-16306,28.0,Dar es Salaam,897624.3793469255,1500000,25,1,1.760110631133588,0
TZ-LOAN-16307,30.0,Arusha,132135.8114126331,1500000,33,0,5.162411254189835,1
TZ-LOAN-16308,59.0,Arusha,601864.9870203098,500000,30,0,0.49401948145641555,0
TZ-LOAN-16309,20.0,Arusha,565966.6976749981,50000,18,2,2.5293109113717533,0
TZ-LOAN-16310,26.0,Dar es Salaam,565828.4880204343,1000000,23,1,3.9554033264196957,1
TZ-LOAN-16311,29.0,Mbeya,465191.73688461323,1000000,24,0,6.186915011722563,0
TZ-LOAN-16312,40.0,Mbeya,546168.7184659954,250000,21,0,5.0105948994424185,0
TZ-LOAN-16313,31.0,Dodoma,904893.4348119956,500000,20,0,10.86861037002987,0
TZ-LOAN-16314,50.0,Mwanza,76144.59399565123,1000000,34,0,24.387705395011523,1
TZ-LOAN-16315,35.0,Mwanza,1183188.4304091362,500000,26,0,13.856821282203022,0
TZ-LOAN-16316,66.0,Dodoma,795152.3375079385,250000,29,0,7.222846649639715,0
TZ-LOAN-16317,58.0,Arusha,637300.4313019362,50000,27,2,,0
TZ-LOAN-16318,26.0,Dar es Salaam,922050.2439118779,1500000,22,0,0.18037309387435285,0
TZ-LOAN-16319,40.0,Mwanza,214449.5764494695,1500000,29,0,3.812473567624639,1
TZ-LOAN-16320,27.0,Arusha,450589.7284546958,100000,25,1,5.449009588176842,0
TZ-LOAN-16321,36.0,Mbeya,613677.3702828338,100000,28,0,2.663141656897365,0
TZ-LOAN-16322,64.0,Arusha,1059668.1111296532,100000,40,0,2.429011774970541,0
TZ-LOAN-16323,22.0,Dodoma,636051.0256620327,1500000,24,0,3.9101814132202635,0
TZ-LOAN-16324,64.0,Dar es Salaam,785016.4013555439,500000,28,2,11.856457084550723,0
TZ-LOAN-16325,69.0,Mwanza,473126.3012191617,100000,26,0,1.511802166326751,0
TZ-LOAN-16326,40.0,Dodoma,796052.6206902473,50000,21,1,2.546257825174851,0
TZ-LOAN-16327,47.0,Mbeya,1153171.877892337,1000000,30,2,5.2934178807738705,0
TZ-LOAN-16328,42.0,Mbeya,948658.0075022343,500000,31,0,1.029019159483049,0
TZ-LOAN-16329,45.0,Dar es Salaam,625563.2036666361,1500000,27,2,9.006128076272994,1
TZ-LOAN-16330,51.0,Mwanza,852647.2541796409,50000,31,1,,0
TZ-LOAN-16331,62.0,Mbeya,823255.0863821635,1500000,20,0,2.1713453878478255,0
TZ-LOAN-16332,65.0,Dodoma,801976.3015091827,500000,31,0,6.4036754129300455,0
TZ-LOAN-16333,64.0,Mbeya,983586.0082581227,500000,33,2,1.6379844577925353,0
TZ-LOAN-16334,42.0,Mwanza,981343.31115124,500000,36,0,7.446308640659375,0
TZ-LOAN-16335,27.0,Arusha,611852.4209375347,250000,22,0,0.3665540432497424,0
TZ-LOAN-16336,31.0,Mbeya,842563.7184433307,1000000,23,1,2.7821841205440934,0
TZ-LOAN-16337,59.0,Mbeya,535071.5236520618,100000,23,1,1.5166111079322409,0
TZ-LOAN-16338,63.0,Mbeya,373078.2811053267,250000,25,0,8.483166186617328,0
TZ-LOAN-16339,47.0,Arusha,,1000000,26,0,6.98671714806418,0
TZ-LOAN-16340,58.0,Mwanza,627116.5544781252,1500000,19,1,9.22141646185535,1
TZ-LOAN-16341,42.0,Dodoma,151525.70324660238,100000,18,0,5.271489803519222,0
TZ-LOAN-16342,31.0,Mwanza,908099.767825016,250000,22,0,7.931596534015126,0
TZ-LOAN-16343,52.0,Dar es Salaam,-180197.62678071938,250000,27,0,2.8882851399693017,0
TZ-LOAN-16344,69.0,Dodoma,1464445.0818458963,50000,16,0,5.66691030106234,0
TZ-LOAN-16345,65.0,Arusha,1100563.7401388956,250000,26,0,0.15806053960923777,0
TZ-LOAN-16346,51.0,Dar es Salaam,571697.3827483059,500000,24,1,10.631601227929917,0
TZ-LOAN-16347,27.0,Mbeya,652827.908169132,1500000,26,0,5.772321652965886,0
TZ-LOAN-16348,52.0,Mbeya,740891.5620761849,250000,22,1,10.053177859780307,0
TZ-LOAN-16349,28.0,Mwanza,473251.88360331743,500000,32,1,7.367085833283024,0
TZ-LOAN-16350,28.0,Arusha,707785.7442760809,1000000,25,0,1.687000100985456,0
TZ-LOAN-16351,38.0,Arusha,606800.0066895017,1000000,22,0,1.5933203446514645,0
TZ-LOAN-16352,38.0,Mbeya,621718.1848307102,500000,23,2,8.038167146805048,1
TZ-LOAN-16353,39.0,Mbeya,704438.3190441916,50000,36,0,1.0210520476758882,0
TZ-LOAN-16354,62.0,Arusha,255941.6604938017,50000,20,0,0.5863850731930261,0
TZ-LOAN-16355,24.0,Arusha,661870.9172400944,1000000,17,0,0.0757824321913697,0
TZ-LOAN-16356,34.0,Mwanza,699034.3239852432,1500000,24,1,1.772159064757837,1
TZ-LOAN-16357,19.0,Mbeya,688654.8864067743,250000,22,0,0.5227211921204241,0
TZ-LOAN-16358,29.0,Arusha,585250.7733691536,1000000,20,0,8.089531594342663,0
TZ-LOAN-16359,59.0,Dar es Salaam,991357.3327908115,1000000,24,1,3.313515026464073,0
TZ-LOAN-16360,35.0,Dar es Salaam,543904.2335355347,500000,24,2,1.4552067033579539,0
TZ-LOAN-16361,28.0,Dar es Salaam,718197.772046957,50000,26,0,4.607608676132518,0
TZ-LOAN-16362,33.0,Dodoma,1039189.2601776638,1500000,19,0,0.3647485544320118,0
TZ-LOAN-16363,66.0,Dar es Salaam,626187.1579939063,500000,21,1,6.475348967343612,0
TZ-LOAN-16364,68.0,Arusha,714338.9802402654,1000000,25,1,3.4796857940760093,0
TZ-LOAN-16365,35.0,Dodoma,621084.6091055309,100000,32,0,0.03248715948095986,0
TZ-LOAN-16366,52.0,Mbeya,1021210.9380690798,250000,27,0,1.922559486367866,0
TZ-LOAN-16367,43.0,Arusha,572682.6315241114,1000000,23,0,6.935320754446051,0
TZ-LOAN-16368,33.0,Dar es Salaam,1035006.3731864616,500000,21,0,1.0419839222549412,0
TZ-LOAN-16369,23.0,Mbeya,618923.6316058806,100000,15,1,16.334721343391955,0
TZ-LOAN-16370,61.0,Dar es Salaam,392162.08296559495,100000,22,0,11.347161083050432,0
TZ-LOAN-16371,60.0,Mwanza,853811.9511722364,1000000,25,0,7.530769153277759,0
TZ-LOAN-16372,64.0,Dodoma,558599.6498733032,1500000,27,0,0.4090249063729013,1
TZ-LOAN-16373,64.0,Mbeya,836150.2697297488,50000,26,1,2.1835197283130854,0
TZ-LOAN-16374,65.0,Dar es Salaam,-168821.31547712022,100000,24,0,1.7705151643313424,0
TZ-LOAN-16375,59.0,Mwanza,651561.5785684839,250000,25,0,0.7403271866951522,0
TZ-LOAN-16376,29.0,Dodoma,-150000.0,500000,25,0,39.36217929063905,0
TZ-LOAN-16377,30.0,Dar es Salaam,331022.3940406166,500000,21,0,0.7961372615070488,0
TZ-LOAN-16378,21.0,Arusha,484027.6994480602,500000,28,0,1.894073626077373,0
TZ-LOAN-16379,56.0,Mwanza,477889.05671220453,1000000,23,0,10.607215014475493,0
TZ-LOAN-16380,19.0,Mbeya,635604.2615448256,500000,26,0,0.7796759602707166,0
TZ-LOAN-16381,43.0,Dar es Salaam,239802.06161451322,500000,30,0,3.1699402492324156,0
TZ-LOAN-16382,44.0,Mbeya,744882.1340779141,250000,26,0,18.584364335175295,0
TZ-LOAN-16383,44.0,Arusha,1059864.4355617363,50000,21,1,1.4203661804824605,0
TZ-LOAN-16384,32.0,Mbeya,734278.5490843479,1500000,20,1,6.071095880629153,1
TZ-LOAN-16385,25.0,Mwanza,892696.5827687026,1000000,23,0,0.417123529641722,0
TZ-LOAN-16386,24.0,Dodoma,978368.7363841387,1000000,26,0,4.592364821665282,0
TZ-LOAN-16387,64.0,Dar es Salaam,1020946.8536552531,500000,19,0,2.07038189273877,0
TZ-LOAN-16388,63.0,Dodoma,1211041.6078463916,250000,25,0,,0
TZ-LOAN-16389,57.0,Dar es Salaam,500239.40051722096,100000,14,0,2.83601000063733,0
TZ-LOAN-16390,29.0,Mbeya,434454.804451665,500000,27,0,1.7762273060713094,0
TZ-LOAN-16391,30.0,Mbeya,885039.6944974205,500000,19,1,3.9483772483456065,0
TZ-LOAN-16392,60.0,Mwanza,862479.8658972199,1000000,23,0,0.7522945062154185,0
TZ-LOAN-16393,34.0,Mbeya,882702.5898847068,1000000,24,0,8.421668645585326,0
TZ-LOAN-16394,34.0,Arusha,1216784.7362750755,500000,29,0,6.945679812871353,0
TZ-LOAN-16395,53.0,Mwanza,653410.9726395482,1000000,28,0,3.9369395494602126,0
TZ-LOAN-16396,38.0,Dar es Salaam,777846.9678938554,250000,27,2,2.28680582558248,0
TZ-LOAN-16397,25.0,Mbeya,355883.5245549575,100000,32,0,12.338841412371176,0
TZ-LOAN-16398,22.0,Dar es Salaam,1290596.3371927873,100000,28,0,5.031875947861949,0
TZ-LOAN-16399,43.0,Mbeya,549036.5236372667,100000,26,0,1.675966201309976,0
TZ-LOAN-16400,33.0,Mwanza,557535.221551751,500000,36,0,8.217782145705288,0
TZ-LOAN-16401,53.0,Arusha,545975.0326975272,1500000,23,0,5.039559521031184,1
TZ-LOAN-16402,45.0,Dar es Salaam,456531.24240669864,500000,29,0,0.6791708759532786,0
TZ-LOAN-16403,46.0,Dodoma,431168.8853457052,500000,20,1,0.6065080940049952,0
TZ-LOAN-16404,64.0,Mbeya,492888.7151331424,250000,23,0,13.911580959879508,0
TZ-LOAN-16405,29.0,Mwanza,240261.22158471664,100000,25,0,1.6977687659690053,0
TZ-LOAN-16406,54.0,Dar es Salaam,414404.6239210285,1000000,26,0,5.445527102255373,1
TZ-LOAN-16407,47.0,Mwanza,1234688.9334342857,1000000,21,3,0.18557080741086082,1
TZ-LOAN-16408,40.0,Dar es Salaam,870696.5430924105,50000,24,0,4.065309221671832,0
TZ-LOAN-16409,33.0,Arusha,927771.2530183154,50000,20,0,1.314158013863376,0
TZ-LOAN-16410,31.0,Mbeya,1003162.6362250745,1500000,20,3,0.7519420680891787,1
TZ-LOAN-16411,27.0,Dar es Salaam,1200240.369308717,1000000,29,0,7.42512066932014,0
TZ-LOAN-16412,24.0,Dodoma,118573.23456684686,100000,20,0,8.291635152159998,0
TZ-LOAN-16413,62.0,Mbeya,281035.06541403785,500000,23,0,6.280055281795156,0
TZ-LOAN-16414,69.0,Mbeya,408882.9017315944,1000000,27,0,0.05624944252737806,0
TZ-LOAN-16415,54.0,Mwanza,509081.0610531207,1500000,27,0,1.6767288661000335,1
TZ-LOAN-16416,46.0,Mbeya,559829.1828244253,1500000,23,0,2.2389510526817338,1
TZ-LOAN-16417,20.0,Dar es Salaam,515906.73415818776,1000000,23,0,5.869647035326302,0
TZ-LOAN-16418,32.0,Arusha,715792.6739396162,50000,19,1,7.043593215951562,0
TZ-LOAN-16419,53.0,Dar es Salaam,660588.6172235648,100000,20,0,4.942357530942385,0
TZ-LOAN-16420,64.0,Mbeya,433149.5614465251,1000000,22,0,7.781579643121708,1
TZ-LOAN-16421,63.0,Dodoma,-2664.6330962709617,500000,34,0,2.7869652312054782,0
TZ-LOAN-16422,69.0,Dodoma,352139.3883863905,500000,31,3,3.90273850995613,1
TZ-LOAN-16423,36.0,Dar es Salaam,485228.4040062274,250000,31,1,0.3320355964795476,0
TZ-LOAN-16424,30.0,Dar es Salaam,575876.1689576842,500000,36,0,2.785772504217865,0
TZ-LOAN-16425,59.0,Dar es Salaam,311099.76220683893,1000000,34,1,2.83374559183535,1
TZ-LOAN-16426,38.0,Dar es Salaam,502758.06005107396,1000000,24,0,4.7275693629730515,0
TZ-LOAN-16427,54.0,Mwanza,310703.7834543241,500000,29,1,2.3732428227985674,0
TZ-LOAN-16428,44.0,Dar es Salaam,612254.1945355001,50000,22,0,1.362029987481561,0
TZ-LOAN-16429,69.0,Mwanza,328072.6014912154,100000,32,0,1.3563952973614002,0
TZ-LOAN-16430,46.0,Mbeya,395328.60308886063,1500000,28,0,0.7186180418297089,1
TZ-LOAN-16431,37.0,Dar es Salaam,257394.76070325827,1000000,12,0,6.036937306433266,1
TZ-LOAN-16432,42.0,Dar es Salaam,603949.7913290649,500000,26,0,4.871829342847587,0
TZ-LOAN-16433,23.0,Dodoma,390065.6690142805,1500000,35,0,4.328581278165226,1
TZ-LOAN-16434,53.0,Mbeya,922035.2800026288,500000,22,0,3.7859718242808293,0
TZ-LOAN-16435,19.0,Mbeya,771755.0800078698,1000000,31,0,2.290671734417808,0
TZ-LOAN-16436,39.0,Dar es Salaam,,250000,27,0,7.320563167092201,0
TZ-LOAN-16437,49.0,Mbeya,410754.35079686344,100000,18,1,12.756781544582335,0
TZ-LOAN-16438,33.0,Arusha,764156.0915948909,1000000,23,1,2.8989959521823865,0
TZ-LOAN-16439,35.0,Dodoma,857210.266804591,1500000,28,0,2.630445991380213,0
TZ-LOAN-16440,22.0,Mbeya,692806.5236604891,500000,25,0,0.8880288107716915,0
TZ-LOAN-16441,53.0,Arusha,1131110.5566400792,250000,28,0,5.554064147236019,0
TZ-LOAN-16442,47.0,Dar es Salaam,787891.1954224447,1000000,26,1,4.083270796837958,0
TZ-LOAN-16443,62.0,Dodoma,924082.1652704102,100000,26,0,22.113408314755564,0
TZ-LOAN-16444,36.0,Dodoma,690069.6246607935,250000,30,0,4.389235819084634,0
TZ-LOAN-16445,40.0,Dodoma,852699.335977093,1500000,24,0,,0
TZ-LOAN-16446,51.0,Arusha,410965.6301992474,500000,32,0,4.138431537924686,0
TZ-LOAN-16447,30.0,Mwanza,512480.4910361619,50000,31,0,20.89795456129615,0
TZ-LOAN-16448,60.0,Dodoma,754809.066044714,100000,23,2,6.424742708339815,0
TZ-LOAN-16449,46.0,Arusha,752629.8444672145,250000,21,0,0.6881406283380093,0
TZ-LOAN-16450,53.0,Mwanza,802283.5468829742,1000000,32,1,,0
TZ-LOAN-16451,39.0,Arusha,980117.8676836188,1000000,20,0,1.7739903964193593,0
TZ-LOAN-16452,69.0,Arusha,222508.6484553764,250000,23,0,9.718395463127727,0
TZ-LOAN-16453,69.0,Arusha,357664.23571691115,1000000,21,0,4.7229732791001355,1
TZ-LOAN-16454,64.0,Dodoma,718871.7923222759,250000,22,1,8.306340866197521,0
TZ-LOAN-16455,53.0,Dar es Salaam,432690.91045896173,100000,13,0,0.9694170110042267,0
TZ-LOAN-16456,26.0,Dodoma,1663330.4723868086,1000000,24,0,11.931730878661622,0
TZ-LOAN-16457,56.0,Dodoma,804715.8857510408,100000,21,2,0.3004010222627098,0
TZ-LOAN-16458,68.0,Dodoma,626500.7453209528,500000,22,0,2.3487158128166237,0
TZ-LOAN-16459,36.0,Dodoma,495359.21807484224,500000,24,3,0.07125048169656606,1
TZ-LOAN-16460,55.0,Mwanza,505951.31504208664,500000,22,1,1.0184174998921633,0
TZ-LOAN-16461,23.0,Mwanza,659042.1983945533,500000,22,0,16.380653459987528,0
TZ-LOAN-16462,69.0,Arusha,683594.5797863773,1000000,19,0,0.40873717784909785,0
TZ-LOAN-16463,64.0,Mbeya,512990.2565919461,250000,24,0,0.7856472611739694,0
TZ-LOAN-16464,32.0,Mbeya,568054.3260440294,1000000,25,0,12.941281026944953,0
TZ-LOAN-16465,37.0,Dar es Salaam,1053285.372570379,1500000,29,0,6.192382409310822,0
TZ-LOAN-16466,26.0,Arusha,1065351.4887953103,1000000,16,0,2.612504313157404,0
TZ-LOAN-16467,49.0,Dar es Salaam,725610.1939804631,100000,15,0,0.35622247273803176,0
TZ-LOAN-16468,21.0,Mwanza,247622.08182897867,250000,29,0,7.686492361469133,0
TZ-LOAN-16469,67.0,Dodoma,811550.946991713,50000,17,0,3.3935259051772255,0
TZ-LOAN-16470,35.0,Dar es Salaam,1116284.7324833078,50000,31,0,1.9505445985479344,0
TZ-LOAN-16471,22.0,Dar es Salaam,1060934.3305887135,250000,20,1,,0
TZ-LOAN-16472,37.0,Mwanza,870327.7558429001,50000,23,0,3.5187917821579413,0
TZ-LOAN-16473,40.0,Arusha,1076726.8865857464,250000,24,2,4.006255313245323,0
TZ-LOAN-16474,28.0,Dodoma,666015.2817437066,100000,17,0,8.521457181545,0
TZ-LOAN-16475,54.0,Dodoma,838430.8909501114,100000,22,1,7.385555144978929,0
TZ-LOAN-16476,39.0,Arusha,445767.3301024459,1000000,23,0,7.284843760419063,0
TZ-LOAN-16477,21.0,Mwanza,737679.6368467136,50000,26,0,6.533683218011385,0
TZ-LOAN-16478,46.0,Mwanza,1048860.2731911573,250000,18,0,7.089687121571164,0
TZ-LOAN-16479,61.0,Dar es Salaam,-150000.0,100000,32,1,5.659834995571929,0
TZ-LOAN-16480,51.0,Mbeya,391566.97116071405,1000000,20,0,10.125656004536214,1
TZ-LOAN-16481,30.0,Mbeya,679246.6817071091,50000,25,0,4.076057671158932,0
TZ-LOAN-16482,59.0,Mwanza,,50000,21,0,3.6786479894781587,0
TZ-LOAN-16483,26.0,Arusha,,50000,17,0,6.041510454872281,0
TZ-LOAN-16484,59.0,Arusha,514022.1422158873,100000,30,0,0.9076451930759715,0
TZ-LOAN-16485,48.0,Mbeya,1165531.884680814,100000,21,0,7.5018350053676475,0
TZ-LOAN-16486,24.0,Arusha,263097.1706116833,50000,26,0,13.756551077245849,0
TZ-LOAN-16487,21.0,Arusha,1026120.4358659204,100000,21,0,1.7567312961154655,0
TZ-LOAN-16488,36.0,Dodoma,420545.2315075691,50000,23,0,4.7214575659772375,0
TZ-LOAN-16489,59.0,Arusha,111205.179624793,500000,31,0,0.16583245570669256,1
TZ-LOAN-16490,47.0,Dodoma,721362.5469046602,100000,28,0,7.258387264384445,0
TZ-LOAN-16491,48.0,Dodoma,573617.604195835,250000,31,0,4.101133422247666,0
TZ-LOAN-16492,52.0,Mbeya,317117.1896290908,100000,24,0,5.59898991471402,0
TZ-LOAN-16493,38.0,Dodoma,,50000,23,0,0.7715443280170349,0
TZ-LOAN-16494,48.0,Mwanza,647491.763818563,250000,24,0,8.289329351761719,0
TZ-LOAN-16495,36.0,Dar es Salaam,942751.0674871453,1000000,26,2,1.478143398616317,0
TZ-LOAN-16496,48.0,Dodoma,825486.0479259333,250000,31,1,5.7726159278006115,0
TZ-LOAN-16497,49.0,Mwanza,667011.9946517796,250000,32,0,4.4964523562177705,0
TZ-LOAN-16498,19.0,Mwanza,793654.2719653205,100000,28,3,5.303569643274657,0
TZ-LOAN-16499,69.0,Arusha,641835.7602866429,1500000,20,0,0.2577155058604843,0
TZ-LOAN-16500,27.0,Mwanza,221082.72709088866,250000,25,0,6.771083382866029,0
TZ-LOAN-16501,19.0,Arusha,223731.80443296704,250000,17,2,7.929821151888397,1
TZ-LOAN-16502,19.0,Mwanza,589049.4413045964,50000,19,0,3.2200313243399705,0
TZ-LOAN-16503,41.0,Mbeya,,100000,26,0,2.6285208473907296,0
TZ-LOAN-16504,34.0,Mbeya,905294.8035520295,50000,32,0,2.096892540237682,0
TZ-LOAN-16505,49.0,Mbeya,877191.2671324242,100000,21,0,13.147251579293718,0
TZ-LOAN-16506,33.0,Mbeya,831539.9047276848,1000000,31,0,7.033878481998494,0
TZ-LOAN-16507,33.0,Mbeya,565915.1860768457,1500000,27,0,5.996895644414418,1
TZ-LOAN-16508,63.0,Mwanza,235804.34896695812,250000,21,0,12.991941908862882,0
TZ-LOAN-16509,56.0,Dodoma,773621.3411198072,100000,24,0,,0
TZ-LOAN-16510,48.0,Dodoma,807550.7939786506,250000,27,0,4.9731277395591125,0
TZ-LOAN-16511,60.0,Dodoma,-66559.43874330574,250000,22,0,5.792716491966794,0
TZ-LOAN-16512,41.0,Mbeya,399698.54402520123,500000,25,0,27.900144249466834,0
TZ-LOAN-16513,18.0,Mbeya,442683.6867818312,50000,28,1,2.7859721101095247,0
TZ-LOAN-16514,28.0,Mwanza,685505.0603370309,1500000,25,0,2.5556371126781037,0
TZ-LOAN-16515,38.0,Dodoma,408991.87017029186,100000,26,0,0.441358623438027,0
TZ-LOAN-16516,21.0,Arusha,638559.6293526079,1000000,22,0,,0
TZ-LOAN-16517,24.0,Mbeya,,1500000,19,0,3.585140983368654,1
TZ-LOAN-16518,43.0,Dar es Salaam,602255.1585386816,500000,28,0,0.9387732031305438,0
TZ-LOAN-16519,64.0,Dar es Salaam,435081.71188977617,50000,20,0,0.3786355079513736,0
TZ-LOAN-16520,67.0,Dar es Salaam,458304.48377999675,1000000,21,0,16.746774408099444,1
TZ-LOAN-16521,29.0,Mwanza,325919.88206579216,1000000,22,0,15.122448969095439,1
TZ-LOAN-16522,48.0,Arusha,764020.2321721496,250000,30,0,1.9672634968871594,0
TZ-LOAN-16523,34.0,Mbeya,821330.7885774105,50000,22,0,7.800130349003029,0
TZ-LOAN-16524,50.0,Mwanza,418814.6149623983,500000,30,0,10.300118613404392,0
TZ-LOAN-16525,28.0,Dodoma,1106192.0288051134,100000,26,2,3.1250793665483867,0
TZ-LOAN-16526,45.0,Dodoma,555619.5657673853,100000,32,2,1.2660625366426728,0
TZ-LOAN-16527,49.0,Mbeya,1109055.6871389681,500000,23,0,0.6951887803439032,0
TZ-LOAN-16528,18.0,Mbeya,457361.847850519,250000,27,2,0.7588979653622923,0
TZ-LOAN-16529,64.0,Dar es Salaam,42026.66702016932,250000,19,1,7.9711003356679955,1
TZ-LOAN-16530,45.0,Arusha,770659.3474737054,1000000,27,0,2.425917838867227,0
TZ-LOAN-16531,59.0,Dar es Salaam,724563.5315356961,50000,25,0,5.912812423021695,0
TZ-LOAN-16532,24.0,Arusha,660318.138592275,1000000,22,0,3.8684622783379083,0
TZ-LOAN-16533,19.0,Mwanza,457330.2564668032,100000,33,0,2.509894197945161,0
TZ-LOAN-16534,59.0,Mwanza,639628.3323542543,500000,27,0,0.6608943338392668,0
TZ-LOAN-16535,41.0,Arusha,496622.1626391418,50000,27,1,2.028193023006088,0
TZ-LOAN-16536,21.0,Mwanza,559295.1301004748,500000,19,0,9.168345301516919,0
TZ-LOAN-16537,61.0,Arusha,902489.6767295225,50000,22,0,8.340579850643358,0
TZ-LOAN-16538,36.0,Mwanza,705265.168859028,1500000,27,1,0.1438937814058523,1
TZ-LOAN-16539,43.0,Dodoma,832985.4161995932,100000,22,1,0.7557226047916181,0
TZ-LOAN-16540,28.0,Mbeya,580439.448012263,100000,34,1,7.050911430822342,0
TZ-LOAN-16541,57.0,Mwanza,547394.7962585675,1500000,22,1,2.045354729419542,1
TZ-LOAN-16542,67.0,Mwanza,303955.2407334069,50000,27,0,5.158382595245139,0
TZ-LOAN-16543,60.0,Dodoma,538989.0162295409,250000,25,0,4.135401715062072,0
TZ-LOAN-16544,28.0,Dar es Salaam,-346334.3666767416,50000,24,0,5.278731264807038,0
TZ-LOAN-16545,62.0,Dodoma,472933.4101083096,100000,31,0,0.2759599533651801,0
TZ-LOAN-16546,20.0,Mwanza,625437.7468427483,500000,28,0,,0
TZ-LOAN-16547,29.0,Dodoma,819102.0962810467,1000000,33,0,0.1059626675944908,0
TZ-LOAN-16548,20.0,Dodoma,569396.6367425129,500000,25,0,0.04032465141479645,0
TZ-LOAN-16549,59.0,Dodoma,754302.0626734998,100000,30,0,,0
TZ-LOAN-16550,44.0,Arusha,-3936.5984170736047,500000,26,0,25.176627595823472,0
TZ-LOAN-16551,66.0,Dodoma,,250000,20,0,0.37648727515774394,0
TZ-LOAN-16552,19.0,Dodoma,146149.16212597897,250000,26,0,10.377254534754076,0
TZ-LOAN-16553,66.0,Mwanza,287508.9453022002,50000,23,0,0.8663476738828733,0
TZ-LOAN-16554,33.0,Arusha,593850.3356408417,500000,26,0,0.5776339386902971,0
TZ-LOAN-16555,19.0,Dar es Salaam,1032879.1963620663,500000,22,0,7.547293195048134,0
TZ-LOAN-16556,47.0,Arusha,761362.0290410176,100000,23,2,9.376098272151197,0
TZ-LOAN-16557,37.0,Arusha,655469.2991411352,50000,21,0,7.855484287526049,0
TZ-LOAN-16558,55.0,Arusha,644140.8831598694,50000,25,0,1.3789577565305275,0
TZ-LOAN-16559,45.0,Mwanza,435911.33203865984,500000,27,0,10.594768891023914,0
TZ-LOAN-16560,42.0,Mbeya,486804.9759881949,1000000,20,0,0.3730004856221269,0
TZ-LOAN-16561,49.0,Mwanza,778212.8136412392,500000,25,0,2.092580489233926,0
TZ-LOAN-16562,27.0,Mwanza,234391.84446665167,500000,28,2,3.1104912944269287,1
TZ-LOAN-16563,59.0,Dar es Salaam,827916.2150849063,500000,22,0,0.3506923064455687,0
TZ-LOAN-16564,57.0,Dar es Salaam,533447.8798643441,250000,27,0,4.33563745496838,0
TZ-LOAN-16565,50.0,Dar es Salaam,897667.1224608696,1500000,26,0,4.097896501699585,0
TZ-LOAN-16566,30.0,Mbeya,938328.037169625,50000,13,0,24.257000253965685,0
TZ-LOAN-16567,58.0,Arusha,148074.796248278,1500000,27,0,4.859862983352133,1
TZ-LOAN-16568,59.0,Mbeya,475525.77103183453,250000,25,0,2.5337171431946226,0
TZ-LOAN-16569,64.0,Arusha,393341.6936178129,1000000,22,0,7.807641811233701,1
TZ-LOAN-16570,54.0,Mbeya,106181.61047805718,100000,26,0,2.039593108865701,0
TZ-LOAN-16571,33.0,Mwanza,340240.0171371768,1000000,32,0,3.8057240341873673,1
TZ-LOAN-16572,62.0,Mwanza,1382376.753579602,50000,23,2,0.2853370670436478,0
TZ-LOAN-16573,39.0,Arusha,832852.9688637321,100000,27,0,1.9479522086370704,0
TZ-LOAN-16574,37.0,Arusha,1225186.390581726,1500000,23,0,3.7550258220166826,0
TZ-LOAN-16575,67.0,Arusha,898729.5320055007,1000000,23,0,6.058544819040904,0
TZ-LOAN-16576,60.0,Dodoma,427447.0516974573,50000,25,0,0.5214320767200071,0
TZ-LOAN-16577,44.0,Dar es Salaam,535468.6409977871,1000000,29,0,7.977347856298622,0
TZ-LOAN-16578,58.0,Dodoma,,100000,21,0,11.520881123428046,0
TZ-LOAN-16579,33.0,Dodoma,781251.861041911,100000,19,0,1.6497280661224396,0
TZ-LOAN-16580,51.0,Mwanza,476797.3952874999,1000000,22,0,7.248228326457657,0
TZ-LOAN-16581,49.0,Mwanza,197002.0488262379,250000,20,0,0.9943800913885531,0
TZ-LOAN-16582,43.0,Arusha,1636328.3562166216,1000000,20,0,3.7055550846065315,0
TZ-LOAN-16583,42.0,Mwanza,607655.0982971583,1500000,32,2,7.988420427263092,1
TZ-LOAN-16584,19.0,Arusha,552278.332045214,1000000,18,0,2.4428073124182723,0
TZ-LOAN-16585,29.0,Dodoma,684000.3391715905,1000000,20,0,0.13326144921971728,0
TZ-LOAN-16586,57.0,Dar es Salaam,577181.4232066914,250000,22,0,3.8822893428326037,0
TZ-LOAN-16587,26.0,Mwanza,686818.6723116451,500000,20,0,9.311978652083093,0
TZ-LOAN-16588,29.0,Dodoma,1036084.1858349259,100000,29,0,0.5732811434763186,0
TZ-LOAN-16589,43.0,Arusha,612635.4560940729,1500000,17,1,0.15044793644897245,1
TZ-LOAN-16590,26.0,Mwanza,301186.8682016716,50000,30,0,8.278476802786795,0
TZ-LOAN-16591,27.0,Dar es Salaam,601506.8616564167,100000,20,0,,0
TZ-LOAN-16592,49.0,Mwanza,510679.4655770268,100000,26,0,2.265486397743974,0
TZ-LOAN-16593,51.0,Arusha,1077169.6811740554,500000,19,2,0.4549985805527407,0
TZ-LOAN-16594,65.0,Dodoma,1001335.7194212712,100000,19,1,0.5080543519980233,0
TZ-LOAN-16595,37.0,Dodoma,682257.5001292396,100000,20,2,4.7666328080306055,0
TZ-LOAN-16596,56.0,Dar es Salaam,266379.24355422304,250000,21,0,4.017373940725361,0
TZ-LOAN-16597,19.0,Dar es Salaam,282232.3209680162,250000,24,0,1.7293941358884288,0
TZ-LOAN-16598,18.0,Dodoma,654536.9784753661,250000,29,0,3.014134021038804,0
TZ-LOAN-16599,68.0,Mbeya,750896.8907963842,250000,15,0,2.4567309652177283,0
TZ-LOAN-16600,53.0,Dodoma,537613.1542021835,250000,24,0,5.938085069451043,0
TZ-LOAN-16601,41.0,Arusha,505949.1247378298,1500000,30,0,,1
TZ-LOAN-16602,44.0,Mwanza,,50000,42,0,7.243028436341071,0
TZ-LOAN-16603,19.0,Mbeya,642981.8119268161,500000,18,0,0.02208695996855419,0
TZ-LOAN-16604,48.0,Dodoma,-64828.70562191948,1000000,25,0,0.5243224219594618,0
TZ-LOAN-16605,31.0,Mwanza,319602.01136908703,1500000,29,0,2.805130735590052,1
TZ-LOAN-16606,19.0,Dar es Salaam,461884.7463657948,250000,35,1,9.545924230247078,0
TZ-LOAN-16607,46.0,Dodoma,1012250.9584855762,500000,30,1,1.3523170937350435,0
TZ-LOAN-16608,32.0,Mbeya,405855.9074213212,1000000,21,0,10.557844164132103,1
TZ-LOAN-16609,29.0,Arusha,704140.442549362,100000,38,0,0.5827458152457089,0
TZ-LOAN-16610,54.0,Mwanza,717962.8252792988,1500000,24,0,0.37688994290820144,0
TZ-LOAN-16611,45.0,Mwanza,1039374.9516982287,100000,11,0,12.233414695012886,0
TZ-LOAN-16612,37.0,Dodoma,1028773.222089245,500000,26,0,0.8835482213448551,0
TZ-LOAN-16613,56.0,Arusha,632749.109361525,50000,24,1,3.116012572765443,0
TZ-LOAN-16614,41.0,Arusha,507354.5776431671,50000,19,0,1.972307187124212,0
TZ-LOAN-16615,38.0,Dar es Salaam,450850.0691522929,500000,31,0,0.7987106164746931,0
TZ-LOAN-16616,27.0,Dodoma,577681.0332602657,50000,24,0,4.999870287060688,0
TZ-LOAN-16617,63.0,Mwanza,519789.99370292004,50000,24,1,16.57593071630442,0
TZ-LOAN-16618,31.0,Dar es Salaam,816088.2228074695,100000,35,0,5.366323065892315,0
TZ-LOAN-16619,54.0,Mwanza,776092.9452455613,50000,27,0,2.1824472430873456,0
TZ-LOAN-16620,35.0,Dar es Salaam,827540.3573435047,50000,24,1,6.22045016351652,0
TZ-LOAN-16621,41.0,Dodoma,1027785.1134308504,500000,24,0,0.7730348264549759,0
TZ-LOAN-16622,31.0,Dar es Salaam,1208860.736420053,50000,34,0,4.337697017215654,0
TZ-LOAN-16623,51.0,Dar es Salaam,687399.018022267,1500000,30,0,3.1692755476454653,0
TZ-LOAN-16624,29.0,Arusha,979839.1314186959,250000,25,0,2.2313071665365696,0
TZ-LOAN-16625,39.0,Arusha,544501.9448497355,250000,26,0,6.72705404911642,0
TZ-LOAN-16626,23.0,Mwanza,1005502.0950749047,500000,24,0,0.6305784731638621,0
TZ-LOAN-16627,53.0,Arusha,968452.7471527532,250000,32,0,3.804887306478633,0
TZ-LOAN-16628,62.0,Dodoma,952524.7909828974,100000,20,2,9.634368909019745,0
TZ-LOAN-16629,53.0,Dodoma,678220.9523574571,1500000,35,0,1.1264176703230413,0
TZ-LOAN-16630,39.0,Dar es Salaam,449492.5508027334,1500000,27,0,1.536304069181933,1
TZ-LOAN-16631,31.0,Mwanza,231641.46864035702,500000,15,0,5.403937385270118,0
TZ-LOAN-16632,33.0,Dodoma,637988.8377436702,50000,22,3,7.404936741834545,1
TZ-LOAN-16633,53.0,Dar es Salaam,1109903.762674755,250000,25,1,1.6657380562614945,0
TZ-LOAN-16634,42.0,Mwanza,557046.529590778,100000,21,0,2.2306387683191904,0
TZ-LOAN-16635,49.0,Dodoma,885537.9756380164,500000,32,0,6.733685501669457,0
TZ-LOAN-16636,50.0,Mbeya,903185.4201556793,500000,27,0,1.6796275864565604,0
TZ-LOAN-16637,62.0,Dar es Salaam,564894.1337218481,50000,30,0,5.486777963803755,0
TZ-LOAN-16638,53.0,Dodoma,1044903.4512558558,1000000,22,1,0.8648357349904865,0
TZ-LOAN-16639,37.0,Mbeya,-222598.22334415116,250000,37,0,2.649281651000273,0
TZ-LOAN-16640,35.0,Dar es Salaam,283174.9163785475,100000,20,0,5.834624971010958,0
TZ-LOAN-16641,55.0,Dodoma,375310.31109246204,500000,24,2,3.080047035412801,1
TZ-LOAN-16642,20.0,Dar es Salaam,404085.49313978304,250000,24,1,0.09712397004933124,0
TZ-LOAN-16643,40.0,Arusha,750878.8853557686,100000,26,1,2.607582482726281,0
TZ-LOAN-16644,49.0,Mbeya,737011.3409161705,1500000,29,0,1.7007419632797618,0
TZ-LOAN-16645,62.0,Mwanza,768197.1716525024,1500000,31,0,0.5339308951062056,0
TZ-LOAN-16646,33.0,Mwanza,828824.448239746,100000,20,0,0.0459000969219054,0
TZ-LOAN-16647,22.0,Dar es Salaam,364968.6292563052,1500000,34,0,0.23291885844581725,1
TZ-LOAN-16648,21.0,Dar es Salaam,284547.1799578043,500000,29,0,14.903987545871683,0
TZ-LOAN-16649,38.0,Arusha,768895.9046023589,250000,35,0,6.927857265969067,0
TZ-LOAN-16650,57.0,Mbeya,460930.3779060683,100000,26,0,14.045575855298535,0
TZ-LOAN-16651,68.0,Dar es Salaam,178857.48638960882,500000,33,0,0.6096173958621309,1
TZ-LOAN-16652,31.0,Mwanza,941403.2853624445,250000,36,0,4.225780804299536,0
TZ-LOAN-16653,56.0,Mbeya,1068530.5719506894,250000,23,0,0.4348127002646421,0
TZ-LOAN-16654,48.0,Mbeya,1117148.266909598,500000,13,0,0.13586117648021087,0
TZ-LOAN-16655,31.0,Arusha,-150000.0,250000,32,3,3.139430331905511,0
TZ-LOAN-16656,23.0,Dar es Salaam,837779.6287918708,1000000,29,0,5.197146548272923,0
TZ-LOAN-16657,29.0,Mbeya,1060960.4670085732,100000,27,0,0.32836174331793455,0
TZ-LOAN-16658,33.0,Arusha,457575.2629929697,100000,22,0,2.271121633007182,0
TZ-LOAN-16659,34.0,Mwanza,983203.3052162277,250000,31,0,0.4724710726325334,0
TZ-LOAN-16660,62.0,Arusha,732618.8702429626,500000,20,1,2.2478972847641963,0
TZ-LOAN-16661,40.0,Arusha,924113.4957027773,50000,16,2,3.1913606753479544,0
TZ-LOAN-16662,31.0,Arusha,705827.9062627805,1500000,25,3,2.0589104815914676,1
TZ-LOAN-16663,24.0,Dar es Salaam,1038877.0129244005,250000,30,0,4.293046588774617,0
TZ-LOAN-16664,63.0,Arusha,717057.128762461,50000,26,0,4.392447152369552,0
TZ-LOAN-16665,49.0,Mwanza,204806.28215977474,250000,22,0,2.0243414270626934,0
TZ-LOAN-16666,32.0,Mbeya,1085577.9896944165,50000,27,0,2.4681910206149658,0
TZ-LOAN-16667,61.0,Dodoma,365740.7777083664,250000,32,0,2.908615985877793,0
TZ-LOAN-16668,34.0,Dar es Salaam,1025917.4630731742,500000,29,0,2.3552473323234064,0
TZ-LOAN-16669,58.0,Dodoma,622927.1355679034,1500000,16,0,7.149092945216538,1
TZ-LOAN-16670,64.0,Arusha,1002803.295559312,50000,31,0,0.7538092487759263,0
TZ-LOAN-16671,61.0,Dar es Salaam,990430.5844600295,1000000,25,1,9.72579220743799,0
TZ-LOAN-16672,51.0,Mwanza,779042.8922946114,500000,27,1,2.011732510732757,0
TZ-LOAN-16673,22.0,Dodoma,802560.5952881393,1500000,19,0,6.436062954289459,0
TZ-LOAN-16674,62.0,Mbeya,776788.5851577697,250000,24,0,10.761170761882594,0
TZ-LOAN-16675,44.0,Mwanza,45852.57311567664,50000,34,0,10.921908580521052,0
TZ-LOAN-16676,69.0,Mwanza,685499.0656694607,1500000,18,0,3.010732000963134,0
TZ-LOAN-16677,40.0,Dodoma,,100000,21,0,1.4826263452272561,0
TZ-LOAN-16678,57.0,Mbeya,701356.1431236989,500000,31,0,4.653982528156203,0
TZ-LOAN-16679,31.0,Dar es Salaam,307117.2360850354,50000,20,1,1.0164779744362877,0
TZ-LOAN-16680,32.0,Mwanza,294514.41763217753,500000,20,1,7.817470217376197,1
TZ-LOAN-16681,60.0,Dar es Salaam,1131480.3505261706,50000,16,0,6.2126136311497016,0
TZ-LOAN-16682,50.0,Mwanza,970834.2164372569,100000,19,0,,0
TZ-LOAN-16683,48.0,Arusha,648757.2245167537,1000000,29,0,2.8392511893929266,0
TZ-LOAN-16684,52.0,Mwanza,705430.5950747072,100000,26,2,4.075763967656636,0
TZ-LOAN-16685,34.0,Dar es Salaam,575625.1922770974,250000,30,1,0.5419735514142333,0
TZ-LOAN-16686,45.0,Mbeya,820962.9127938568,500000,23,0,5.8180844736256905,0
TZ-LOAN-16687,36.0,Dodoma,447183.69003535854,1000000,27,1,3.33582510197565,1
TZ-LOAN-16688,63.0,Mbeya,,500000,23,0,3.5589830458173384,0
TZ-LOAN-16689,40.0,Mwanza,574073.9476957668,1500000,28,0,9.386330215826597,1
TZ-LOAN-16690,49.0,Dar es Salaam,524045.9012506313,50000,23,1,7.399095090550709,0
TZ-LOAN-16691,57.0,Arusha,656513.9055454528,250000,27,0,3.830660130636638,0
TZ-LOAN-16692,30.0,Mbeya,472655.9510223168,250000,20,0,2.1933491175646185,0
TZ-LOAN-16693,37.0,Arusha,748604.7048489449,500000,29,0,2.956884489032795,0
TZ-LOAN-16694,52.0,Dodoma,488791.2232059801,250000,19,0,2.15979242801962,0
TZ-LOAN-16695,22.0,Arusha,790557.0808456508,500000,18,1,0.8220472046357412,0
TZ-LOAN-16696,26.0,Dodoma,1014801.961673443,50000,22,1,5.189128632540073,0
TZ-LOAN-16697,46.0,Arusha,434203.49395754794,50000,29,1,5.88041033775467,0
TZ-LOAN-16698,23.0,Mwanza,610827.3628114486,500000,26,0,17.738641870082276,0
TZ-LOAN-16699,42.0,Arusha,788399.2139106265,100000,20,1,3.041314683030083,0
TZ-LOAN-16700,48.0,Mbeya,,100000,19,0,29.558486788345665,0
TZ-LOAN-16701,39.0,Mbeya,789296.1682479995,50000,23,0,1.0357271908592713,0
TZ-LOAN-16702,19.0,Mbeya,816619.6581955219,1000000,24,0,5.34474560956633,0
TZ-LOAN-16703,62.0,Dodoma,974978.5328882912,100000,27,0,26.265422819547585,0
TZ-LOAN-16704,22.0,Dodoma,468202.9861745264,500000,18,0,5.112771739776914,0
TZ-LOAN-16705,44.0,Mwanza,367167.42793085764,50000,28,0,3.010776061651978,0
TZ-LOAN-16706,42.0,Dodoma,557726.7831308768,250000,22,0,3.6206336578596128,0
TZ-LOAN-16707,25.0,Mwanza,359674.29813587,250000,29,0,9.338166394942093,0
TZ-LOAN-16708,18.0,Arusha,819349.4612142491,100000,26,0,13.993472318648017,0
TZ-LOAN-16709,37.0,Dar es Salaam,301474.60994707665,1000000,21,0,3.025008769762466,1
TZ-LOAN-16710,61.0,Mbeya,1349904.9254758065,1500000,14,0,7.400169498780698,0
TZ-LOAN-16711,40.0,Mbeya,1038778.3584721251,100000,25,0,13.5669536711342,0
TZ-LOAN-16712,49.0,Mwanza,653772.7308800942,1000000,22,2,1.657268283798044,1
TZ-LOAN-16713,28.0,Dodoma,910218.3478993928,100000,34,0,3.397805397400182,0
TZ-LOAN-16714,56.0,Arusha,158959.44070676254,250000,26,3,26.927612851064957,1
TZ-LOAN-16715,64.0,Mwanza,1407011.9994198675,1000000,15,0,2.1807446309693974,0
TZ-LOAN-16716,41.0,Mbeya,472935.61633985315,250000,23,0,4.8338159724665095,0
TZ-LOAN-16717,28.0,Mwanza,613850.7758301921,500000,25,0,5.350584176702431,0
TZ-LOAN-16718,46.0,Dar es Salaam,93220.01384346897,500000,28,0,0.8370569016655631,1
TZ-LOAN-16719,43.0,Dar es Salaam,795886.1914222684,50000,23,0,8.215413663215191,0
TZ-LOAN-16720,33.0,Dar es Salaam,318096.75287686737,250000,21,0,2.662805768270445,0
TZ-LOAN-16721,52.0,Arusha,680496.7284698088,250000,34,1,3.4689710848976225,0
TZ-LOAN-16722,37.0,Dar es Salaam,486717.6701226386,50000,24,2,5.147891672474646,0
TZ-LOAN-16723,63.0,Arusha,326676.81952089694,500000,20,3,2.6422729779738368,1
TZ-LOAN-16724,20.0,Mwanza,,500000,22,0,1.9658238345105963,0
TZ-LOAN-16725,18.0,Arusha,717736.4102256563,1000000,26,0,3.953036358945253,0
TZ-LOAN-16726,64.0,Mbeya,265552.7081393527,1000000,28,1,2.129244267599867,1
TZ-LOAN-16727,18.0,Dodoma,425356.4986929269,1500000,25,1,2.8469521057556273,1
TZ-LOAN-16728,34.0,Dar es Salaam,848982.0143793434,500000,32,3,0.5737304963963001,1
TZ-LOAN-16729,19.0,Dodoma,1430743.962462294,1500000,29,1,9.313369329263187,0
TZ-LOAN-16730,46.0,Mwanza,793276.6458659015,100000,21,0,2.652652693977992,0
TZ-LOAN-16731,37.0,Arusha,374821.50734681374,250000,23,0,0.4320614598657426,0
TZ-LOAN-16732,23.0,Arusha,539865.7489783067,1000000,20,0,7.803804269466044,0
TZ-LOAN-16733,25.0,Dodoma,659476.7018457735,100000,37,1,0.09910222507431571,0
TZ-LOAN-16734,46.0,Mwanza,545172.5148092877,1000000,24,0,4.5732878380803825,0
TZ-LOAN-16735,65.0,Dodoma,920917.4500210799,50000,20,0,6.06445829212349,0
TZ-LOAN-16736,68.0,Mbeya,715242.0449042674,250000,31,0,1.0610823961181661,0
TZ-LOAN-16737,50.0,Dar es Salaam,,1500000,26,2,0.7035536796355855,1
TZ-LOAN-16738,20.0,Dar es Salaam,555666.8629107112,1500000,15,1,0.6045315698212721,1
TZ-LOAN-16739,52.0,Arusha,1047650.065916377,1000000,29,0,25.050669729072638,0
TZ-LOAN-16740,22.0,Mwanza,600054.3247155362,500000,14,0,7.034257592776391,0
TZ-LOAN-16741,44.0,Mwanza,358643.0392586025,1500000,28,0,1.8749981751326548,1
TZ-LOAN-16742,61.0,Arusha,1303196.1143126665,50000,30,0,2.0440360000061837,0
TZ-LOAN-16743,29.0,Mwanza,102506.67591166496,50000,20,0,5.229502757307634,0
TZ-LOAN-16744,37.0,Mwanza,428378.3824085217,500000,34,2,3.05942109050235,0
TZ-LOAN-16745,62.0,Dar es Salaam,461891.64445088163,50000,32,0,1.5827412289747367,0
TZ-LOAN-16746,37.0,Mbeya,1402491.881916969,250000,31,0,0.29395723792722284,0
TZ-LOAN-16747,26.0,Mbeya,1192057.6652439535,1000000,35,1,7.658997656231201,0
TZ-LOAN-16748,56.0,Arusha,1098178.4430926593,50000,30,0,10.956375505677563,0
TZ-LOAN-16749,21.0,Mbeya,550802.4012871005,250000,28,0,1.1531027103648592,0
TZ-LOAN-16750,68.0,Mbeya,1377853.4011525325,500000,24,0,0.3275222132689647,0
TZ-LOAN-16751,36.0,Dar es Salaam,760505.6011522914,1000000,27,2,0.6313633235947126,1
TZ-LOAN-16752,55.0,Mbeya,943179.0110909366,500000,20,0,2.6743904941873535,0
TZ-LOAN-16753,44.0,Mbeya,703908.6143318621,1000000,23,1,1.7787215086424513,0
TZ-LOAN-16754,62.0,Mbeya,635160.0286030245,50000,27,0,0.3814785185884447,0
TZ-LOAN-16755,60.0,Dodoma,574466.3978220862,50000,29,1,3.033643382340702,0
TZ-LOAN-16756,30.0,Mbeya,587108.0019742514,1000000,28,1,1.1402710876373043,0
TZ-LOAN-16757,30.0,Dodoma,,250000,29,0,0.3464748320952813,0
TZ-LOAN-16758,39.0,Dar es Salaam,760159.9396326164,250000,17,0,5.3636722169072035,0
TZ-LOAN-16759,45.0,Mbeya,640558.5889388948,250000,23,0,4.24907854891119,0
TZ-LOAN-16760,69.0,Mwanza,1102857.1978096564,100000,27,0,8.754946837108935,0
TZ-LOAN-16761,64.0,Dodoma,-240025.92062221922,1500000,22,2,1.7996977614299947,0
TZ-LOAN-16762,62.0,Mbeya,802966.1743763585,1500000,28,0,0.7298864836412593,0
TZ-LOAN-16763,39.0,Mwanza,865321.6119976938,1500000,25,0,2.232691568829745,0
TZ-LOAN-16764,60.0,Arusha,994088.8604765509,250000,23,1,7.541339483411215,0
TZ-LOAN-16765,36.0,Dodoma,630538.5676839916,50000,22,2,1.3836404690153714,0
TZ-LOAN-16766,25.0,Dar es Salaam,712376.0202151872,100000,17,0,1.471861007225731,0
TZ-LOAN-16767,69.0,Arusha,945784.5149944164,250000,26,1,0.7984070542756215,0
TZ-LOAN-16768,25.0,Mwanza,1097349.921284054,50000,29,0,21.530650001570756,0
TZ-LOAN-16769,59.0,Dodoma,559839.2044463695,100000,24,0,17.1034035619719,0
TZ-LOAN-16770,43.0,Dodoma,730092.7349382681,50000,28,0,5.365485024659854,0
TZ-LOAN-16771,65.0,Mbeya,-150000.0,1000000,28,0,1.2091992414218806,0
TZ-LOAN-16772,68.0,Arusha,12791.877236344619,50000,27,0,7.274072525994809,1
TZ-LOAN-16773,43.0,Mbeya,442996.22005562444,100000,29,0,4.384550032614184,0
TZ-LOAN-16774,40.0,Dar es Salaam,-150000.0,250000,21,0,6.9228020976424425,0
TZ-LOAN-16775,60.0,Arusha,977761.350082491,1500000,21,0,9.845241533005387,0
TZ-LOAN-16776,30.0,Dodoma,806733.5632780083,100000,26,0,1.917107081672381,0
TZ-LOAN-16777,45.0,Mwanza,515420.9380672639,250000,28,2,12.249555611936952,0
TZ-LOAN-16778,26.0,Dar es Salaam,385454.45030437416,250000,27,2,11.4413566142096,0
TZ-LOAN-16779,37.0,Mbeya,,500000,18,0,3.9607563850862837,0
TZ-LOAN-16780,36.0,Mbeya,1114402.4662456077,1000000,21,0,5.76911707856068,0
TZ-LOAN-16781,65.0,Dar es Salaam,461467.1932533961,500000,27,1,2.6469501449024238,0
TZ-LOAN-16782,56.0,Arusha,680426.8892718974,1500000,27,0,5.322543523180997,0
TZ-LOAN-16783,68.0,Dar es Salaam,423887.7065414762,100000,24,2,3.980979324137835,0
TZ-LOAN-16784,29.0,Arusha,902832.209029708,500000,27,0,1.9490900030975182,0
TZ-LOAN-16785,32.0,Dar es Salaam,488382.11589606764,1500000,24,0,1.949227868039287,1
TZ-LOAN-16786,48.0,Dar es Salaam,620721.8329536758,250000,20,1,5.272968509760525,0
TZ-LOAN-16787,31.0,Dodoma,144985.36008715234,100000,20,0,15.689709545345634,0
TZ-LOAN-16788,28.0,Arusha,,500000,28,0,1.1254038859603623,1
TZ-LOAN-16789,43.0,Dar es Salaam,652301.9579964519,50000,26,1,2.4923171978606966,0
TZ-LOAN-16790,59.0,Mbeya,252452.85344067146,1500000,28,3,8.191996142027131,1
TZ-LOAN-16791,44.0,Mbeya,1281525.9918003506,1500000,25,0,0.6563068490228701,0
TZ-LOAN-16792,28.0,Arusha,31543.066366325133,1000000,14,1,25.72093955851768,1
TZ-LOAN-16793,55.0,Dar es Salaam,409947.41040076874,50000,20,2,5.66817092032021,0
TZ-LOAN-16794,51.0,Arusha,655010.2601802652,100000,25,0,12.084397316030506,0
TZ-LOAN-16795,60.0,Dar es Salaam,540460.1186612647,500000,22,0,9.102447564986647,0
TZ-LOAN-16796,36.0,Dodoma,318756.3630008243,250000,19,0,7.505943914001808,0
TZ-LOAN-16797,23.0,Mwanza,362621.6481514196,500000,22,0,0.16727236309808285,0
TZ-LOAN-16798,63.0,Mbeya,352803.7767502284,100000,24,0,2.608557600154118,0
TZ-LOAN-16799,69.0,Arusha,563983.4915539811,100000,33,0,1.1273712932106699,0
TZ-LOAN-16800,55.0,Mbeya,1235578.7268552273,100000,23,0,10.25265076881324,0
TZ-LOAN-16801,66.0,Dar es Salaam,673381.1889674629,100000,30,0,5.701646336561779,0
TZ-LOAN-16802,59.0,Mbeya,1004870.1468162572,1500000,20,0,0.5662539879083605,0
TZ-LOAN-16803,45.0,Dar es Salaam,802092.9037484425,500000,26,0,2.2282939226952054,0
TZ-LOAN-16804,18.0,Arusha,984158.7193946661,50000,28,0,0.35913532672582005,0
TZ-LOAN-16805,52.0,Mwanza,-189989.2907780758,250000,32,1,6.735303400020738,0
TZ-LOAN-16806,57.0,Dodoma,558662.5936555312,250000,26,1,2.7091566521894257,0
TZ-LOAN-16807,25.0,Dodoma,1042140.6269452141,1000000,21,1,1.3352895620258547,0
TZ-LOAN-16808,69.0,Mbeya,478479.2531751999,1500000,27,1,,1
TZ-LOAN-16809,64.0,Arusha,1178741.9494608836,100000,29,2,0.21476942481255476,0
TZ-LOAN-16810,24.0,Arusha,1095167.0461303284,100000,23,0,1.4872791572791333,0
TZ-LOAN-16811,28.0,Dodoma,509260.7851617613,100000,23,2,0.9637035272636534,0
TZ-LOAN-16812,56.0,Dar es Salaam,499050.944286093,1500000,32,0,13.342488605766082,1
TZ-LOAN-16813,21.0,Dodoma,345918.24729365937,50000,30,0,2.366905881890031,0
TZ-LOAN-16814,42.0,Mbeya,461121.73044086073,100000,32,0,4.391038019952188,0
TZ-LOAN-16815,29.0,Dodoma,280223.2807493254,1000000,24,0,3.4952423028842077,1
TZ-LOAN-16816,43.0,Dar es Salaam,778643.3541299016,1000000,27,0,5.38236892853064,0
TZ-LOAN-16817,55.0,Mbeya,213186.05199606996,50000,25,0,,0
TZ-LOAN-16818,63.0,Dar es Salaam,831119.9048570666,1500000,33,0,0.643598248780243,0
TZ-LOAN-16819,29.0,Mwanza,838423.6090700746,100000,18,1,,0
TZ-LOAN-16820,60.0,Mbeya,151638.67844482325,500000,26,0,1.0746181645704005,1
TZ-LOAN-16821,68.0,Dar es Salaam,,500000,26,1,3.2969138701377703,0
TZ-LOAN-16822,54.0,Dodoma,804082.7883245666,250000,27,0,1.346116680725409,0
TZ-LOAN-16823,63.0,Mwanza,874909.4064334607,50000,28,0,2.845824367074132,0
TZ-LOAN-16824,41.0,Dar es Salaam,422400.4395371683,500000,26,0,0.1487022418230367,0
TZ-LOAN-16825,33.0,Dodoma,836713.7355419355,250000,27,1,4.938277127953991,0
TZ-LOAN-16826,30.0,Mwanza,987918.0349166197,1000000,27,2,10.525298465840415,1
TZ-LOAN-16827,42.0,Arusha,620417.4802985968,250000,26,0,0.2437980080821406,0
TZ-LOAN-16828,69.0,Arusha,1250576.7377745083,100000,29,3,1.2297569595112448,0
TZ-LOAN-16829,21.0,Mwanza,663219.3904738813,100000,23,1,1.9119451708168143,0
TZ-LOAN-16830,28.0,Dar es Salaam,992235.7401357424,1000000,29,0,1.6930566338293032,0
TZ-LOAN-16831,49.0,Dar es Salaam,737902.6421775965,50000,25,0,0.20611638806359456,0
TZ-LOAN-16832,66.0,Mbeya,825656.4598570603,1500000,28,1,0.5634838836482312,0
TZ-LOAN-16833,24.0,Dar es Salaam,148600.31970956834,100000,25,0,12.178399420223851,0
TZ-LOAN-16834,63.0,Dar es Salaam,761316.1214646089,100000,19,0,6.212906422849466,0
TZ-LOAN-16835,28.0,Arusha,429507.4696228202,250000,19,0,15.902853644458519,0
TZ-LOAN-16836,45.0,Arusha,396080.5082666937,250000,26,0,,0
TZ-LOAN-16837,58.0,Dar es Salaam,1173230.9553397936,250000,26,0,10.561193094976222,0
TZ-LOAN-16838,40.0,Dodoma,585868.9255812953,500000,22,0,8.478771497859976,0
TZ-LOAN-16839,62.0,Arusha,349009.45070735103,1000000,21,1,10.394850484527325,1
TZ-LOAN-16840,40.0,Dar es Salaam,542260.5115673376,50000,28,1,0.19970650060974932,0
TZ-LOAN-16841,67.0,Arusha,259864.9313234259,250000,28,0,5.285178352510025,0
TZ-LOAN-16842,45.0,Dar es Salaam,1080165.340458881,50000,22,0,4.1808048604403965,0
TZ-LOAN-16843,60.0,Mwanza,441295.7767500455,250000,27,0,3.939660830385023,0
TZ-LOAN-16844,64.0,Arusha,808789.9801831008,100000,33,1,3.509768889016371,0
TZ-LOAN-16845,43.0,Dar es Salaam,1056832.0142630977,50000,25,0,7.947601560678876,0
TZ-LOAN-16846,42.0,Arusha,-150000.0,500000,35,0,17.21899956923574,0
TZ-LOAN-16847,46.0,Dodoma,809606.7296818357,250000,28,0,8.828085858388503,0
TZ-LOAN-16848,36.0,Mwanza,340974.18352867104,1500000,25,0,10.216333987786392,1
TZ-LOAN-16849,50.0,Dar es Salaam,1383730.8707341054,1000000,24,0,3.307299877684371,0
TZ-LOAN-16850,53.0,Mwanza,930914.0403849867,100000,20,1,5.865751516961327,0
TZ-LOAN-16851,31.0,Dar es Salaam,592218.0683717582,250000,21,0,2.685542842089557,0
TZ-LOAN-16852,31.0,Mwanza,418149.8807333108,50000,22,0,2.233671516011825,0
TZ-LOAN-16853,52.0,Mwanza,615801.034148112,250000,28,2,11.282392565575423,0
TZ-LOAN-16854,47.0,Mbeya,548004.8832945442,100000,27,0,11.78052313761128,0
TZ-LOAN-16855,45.0,Dar es Salaam,1235883.366199852,1000000,28,0,5.731982823158458,0
TZ-LOAN-16856,34.0,Arusha,282339.5833355293,1000000,33,0,9.095926398300731,1
TZ-LOAN-16857,20.0,Arusha,690440.426987061,1000000,23,0,2.2342780001206224,0
TZ-LOAN-16858,33.0,Arusha,644498.580009887,1500000,28,1,2.8436918739937718,1
TZ-LOAN-16859,63.0,Mwanza,614776.9098965392,100000,32,1,8.602302471121341,0
TZ-LOAN-16860,47.0,Dodoma,617415.0035184972,1500000,29,0,2.5379067960285395,0
TZ-LOAN-16861,69.0,Arusha,,1500000,24,0,0.20394132549328006,0
TZ-LOAN-16862,46.0,Mwanza,911919.8198996299,250000,16,1,2.179351089013808,0
TZ-LOAN-16863,62.0,Arusha,832695.3339477305,100000,22,0,2.539402359489304,0
TZ-LOAN-16864,32.0,Mbeya,775673.483411836,100000,25,0,0.8399410606738971,0
TZ-LOAN-16865,63.0,Mwanza,-260196.80864358065,250000,18,0,2.1089198336917834,0
TZ-LOAN-16866,42.0,Dar es Salaam,739938.4622489491,500000,23,1,13.622576169353852,0
TZ-LOAN-16867,68.0,Mwanza,153308.19194897526,1500000,31,0,9.7784476955205,1
TZ-LOAN-16868,55.0,Mbeya,843896.0489407476,1000000,32,0,2.9522667357444337,0
TZ-LOAN-16869,59.0,Dar es Salaam,1092349.2102711545,50000,21,0,6.187468175006626,0
TZ-LOAN-16870,64.0,Arusha,372128.26622343477,1500000,22,0,0.8234886356066493,1
TZ-LOAN-16871,69.0,Mwanza,571465.783297188,50000,27,0,6.982751051332194,0
TZ-LOAN-16872,55.0,Mbeya,470193.28848410095,250000,26,0,3.229264673253657,0
TZ-LOAN-16873,40.0,Dar es Salaam,1020629.5327270402,50000,30,0,6.4109009256600915,0
TZ-LOAN-16874,42.0,Dodoma,678508.3655816219,500000,22,0,5.164449365689351,0
TZ-LOAN-16875,59.0,Mwanza,1168498.8141699,100000,18,0,1.3248081251213828,0
TZ-LOAN-16876,24.0,Mwanza,774126.2608842163,1000000,33,2,8.999711438439313,1
TZ-LOAN-16877,39.0,Arusha,722735.0541907458,50000,22,0,,0
TZ-LOAN-16878,34.0,Dodoma,670462.0347808509,50000,21,0,7.666956180124709,0
TZ-LOAN-16879,35.0,Arusha,895397.629777201,250000,32,0,0.49350450941391377,0
TZ-LOAN-16880,66.0,Dodoma,128694.14052639698,250000,17,0,4.777111656092624,0
TZ-LOAN-16881,58.0,Dar es Salaam,675603.186656153,100000,27,0,1.7257369223432488,0
TZ-LOAN-16882,27.0,Dar es Salaam,628986.0668816105,1000000,27,0,9.8626443886656,0
TZ-LOAN-16883,27.0,Mwanza,867625.6481473298,50000,33,0,14.92950045408865,0
TZ-LOAN-16884,24.0,Mwanza,593689.5182377889,100000,21,0,0.2872327005373016,0
TZ-LOAN-16885,65.0,Dar es Salaam,338379.66975119896,1000000,20,0,6.441899630485989,1
TZ-LOAN-16886,67.0,Dodoma,652205.2024759097,100000,24,0,0.5433734310791092,0
TZ-LOAN-16887,55.0,Arusha,325147.841339497,50000,18,2,9.74232487280688,0
TZ-LOAN-16888,44.0,Dar es Salaam,72421.33622375433,250000,17,0,0.6649395998725703,1
TZ-LOAN-16889,69.0,Dar es Salaam,868136.7444456479,250000,21,1,1.0846076946412686,0
TZ-LOAN-16890,50.0,Mbeya,823718.4718084012,250000,13,1,1.4492231267835631,0
TZ-LOAN-16891,18.0,Mwanza,790127.2831980723,500000,24,0,,0
TZ-LOAN-16892,61.0,Dodoma,1040878.5265837433,100000,36,1,1.7303317589659946,0
TZ-LOAN-16893,51.0,Arusha,450490.43290882243,50000,29,0,4.532752355763741,0
TZ-LOAN-16894,21.0,Mbeya,220665.7571686235,100000,26,0,4.2424906859788125,0
TZ-LOAN-16895,34.0,Mbeya,628991.0669575867,250000,30,2,2.573010559012359,0
TZ-LOAN-16896,21.0,Dar es Salaam,545749.9100882269,1500000,31,0,3.877098812881752,1
TZ-LOAN-16897,60.0,Mwanza,397311.2849689794,1500000,21,0,0.6289036127349596,1
TZ-LOAN-16898,43.0,Dar es Salaam,626045.2539536612,100000,23,0,10.44439978776592,0
TZ-LOAN-16899,21.0,Mbeya,466518.4561386246,1000000,12,0,1.1601435365561021,0
TZ-LOAN-16900,18.0,Mbeya,99198.41499295062,1500000,17,0,10.610769225777135,1
TZ-LOAN-16901,24.0,Arusha,517646.9927618719,1500000,28,0,3.6567114694347684,1
TZ-LOAN-16902,47.0,Dar es Salaam,309087.4499888428,100000,38,0,4.758759536184817,0
TZ-LOAN-16903,67.0,Dar es Salaam,719494.4214832769,500000,32,0,1.4872954149028097,0
TZ-LOAN-16904,26.0,Dodoma,453189.5725278035,500000,23,0,1.257261594317955,0
TZ-LOAN-16905,52.0,Arusha,983489.4422423155,250000,28,1,3.3736193628907944,0
TZ-LOAN-16906,25.0,Mwanza,1131159.8201803598,50000,18,1,1.5555000085994373,0
TZ-LOAN-16907,41.0,Dar es Salaam,853814.4119035718,1000000,24,0,2.7507699901943794,0
TZ-LOAN-16908,36.0,Dar es Salaam,184692.14540500398,50000,24,0,2.9010566595627667,0
TZ-LOAN-16909,53.0,Mwanza,1101558.7996637118,50000,16,0,1.5798407205944474,0
TZ-LOAN-16910,67.0,Arusha,1122716.1351121296,1000000,18,0,1.724649395955349,0
TZ-LOAN-16911,69.0,Dar es Salaam,655637.1533923822,500000,23,1,18.04284431086336,0
TZ-LOAN-16912,60.0,Mwanza,1046877.8481006597,1500000,24,0,4.427052965681112,0
TZ-LOAN-16913,44.0,Dodoma,484497.45858599653,250000,22,0,8.915226342566754,0
TZ-LOAN-16914,49.0,Dar es Salaam,90126.21954512317,100000,25,0,0.23410751148089232,0
TZ-LOAN-16915,31.0,Mwanza,421914.6684135219,500000,29,3,0.009632362469878022,1
TZ-LOAN-16916,35.0,Mbeya,1168790.259813427,250000,31,0,3.6605044539571168,0
TZ-LOAN-16917,45.0,Dar es Salaam,202676.0229165579,1500000,24,0,8.76669454124327,1
TZ-LOAN-16918,46.0,Dodoma,649856.3845794484,500000,21,3,4.719836560440726,1
TZ-LOAN-16919,33.0,Mwanza,660243.1680020636,1000000,20,0,4.8225449311233035,0
TZ-LOAN-16920,52.0,Mwanza,496107.7268096565,50000,33,0,0.750385706221252,0
TZ-LOAN-16921,64.0,Dar es Salaam,,1000000,28,1,19.21422910864658,1
TZ-LOAN-16922,48.0,Mbeya,671674.7402708608,1500000,25,0,,0
TZ-LOAN-16923,21.0,Mwanza,481351.2974195818,100000,23,0,0.5412780852981346,0
TZ-LOAN-16924,54.0,Mwanza,223382.45084962068,1000000,23,0,2.6738611328477595,1
TZ-LOAN-16925,34.0,Mbeya,714509.5828830368,1500000,32,1,0.3734624570415921,1
TZ-LOAN-16926,56.0,Dodoma,972009.9747334917,50000,27,1,2.707629336449364,0
TZ-LOAN-16927,65.0,Dar es Salaam,910871.7555960263,500000,21,0,6.216372063231958,0
TZ-LOAN-16928,63.0,Dar es Salaam,407079.35978305654,250000,22,0,1.954307571291477,0
TZ-LOAN-16929,43.0,Dar es Salaam,274631.6253866973,1500000,33,0,1.8778492561530604,1
TZ-LOAN-16930,65.0,Arusha,,1500000,30,0,3.611224564768344,1
TZ-LOAN-16931,56.0,Dar es Salaam,1120337.4529386992,100000,28,2,3.4506182510020516,0
TZ-LOAN-16932,58.0,Mbeya,843679.4236878636,500000,16,1,3.1475079637219547,0
TZ-LOAN-16933,21.0,Dar es Salaam,861189.4030382701,1500000,18,0,3.637082072365543,0
TZ-LOAN-16934,47.0,Dodoma,916957.0855356484,1500000,21,0,0.2457366796260016,0
TZ-LOAN-16935,47.0,Arusha,776229.968755576,250000,27,1,3.2148063319789126,0
TZ-LOAN-16936,39.0,Mbeya,686182.5642840735,50000,27,0,24.148292555307982,0
TZ-LOAN-16937,28.0,Mbeya,848692.0689943903,1000000,19,0,7.226731891983141,0
TZ-LOAN-16938,19.0,Dodoma,486150.16873459413,500000,33,0,1.6953623724223656,0
TZ-LOAN-16939,61.0,Dar es Salaam,225661.09659010376,250000,29,0,5.6615789377477865,0
TZ-LOAN-16940,29.0,Arusha,866899.080387297,250000,30,0,2.001660704133909,0
TZ-LOAN-16941,47.0,Arusha,1021321.4317247675,1000000,26,0,1.0629603383497699,0
TZ-LOAN-16942,53.0,Arusha,314530.4181931906,500000,23,0,7.426193708511367,0
TZ-LOAN-16943,35.0,Mbeya,896576.44472477,500000,31,0,1.1759942461151667,0
TZ-LOAN-16944,43.0,Dodoma,1154229.714016457,50000,25,0,9.781730937541223,0
TZ-LOAN-16945,24.0,Mbeya,649326.1394728638,500000,26,0,2.39348344900617,0
TZ-LOAN-16946,18.0,Dar es Salaam,404599.34457747615,1500000,35,0,7.070248388280282,1
TZ-LOAN-16947,43.0,Mwanza,686905.6020580267,1000000,18,0,1.5027999417516167,0
TZ-LOAN-16948,40.0,Arusha,484839.80953978957,500000,24,0,5.288338546025733,0
TZ-LOAN-16949,43.0,Arusha,464980.9670130795,50000,25,2,1.194661262056783,0
TZ-LOAN-16950,62.0,Arusha,779955.2201814628,250000,26,0,0.11038188080227568,0
TZ-LOAN-16951,23.0,Mbeya,168881.1574910314,1500000,36,0,8.42631047445628,1
TZ-LOAN-16952,23.0,Arusha,216821.32325233187,500000,22,0,9.695362974171664,1
TZ-LOAN-16953,61.0,Arusha,655787.2641121829,1000000,21,1,10.625299911963708,1
TZ-LOAN-16954,25.0,Mwanza,643307.4383262707,500000,22,0,0.18486323739837499,0
TZ-LOAN-16955,41.0,Dodoma,,100000,26,0,7.154823369487716,0
TZ-LOAN-16956,39.0,Dar es Salaam,1212567.6165450164,50000,22,2,9.0354948695637,0
TZ-LOAN-16957,36.0,Mbeya,681354.2108227464,250000,28,0,1.8676388660491916,0
TZ-LOAN-16958,54.0,Dar es Salaam,829451.6451004384,100000,23,3,3.1786507125384267,0
TZ-LOAN-16959,35.0,Dodoma,357340.11931561044,1000000,31,1,2.6205266301010077,1
TZ-LOAN-16960,48.0,Dar es Salaam,880381.2990549612,500000,27,0,2.9000063005981973,0
TZ-LOAN-16961,54.0,Mbeya,492082.7404667967,50000,26,0,9.376929083167605,0
TZ-LOAN-16962,47.0,Mwanza,671426.249774328,1500000,26,0,2.705296719090647,0
TZ-LOAN-16963,59.0,Dar es Salaam,617345.4124792515,500000,27,0,1.800287600126935,0
TZ-LOAN-16964,50.0,Dodoma,959892.2704742092,500000,12,0,0.6985130521774974,0
TZ-LOAN-16965,27.0,Mbeya,257007.03368750017,500000,31,0,5.617179030946503,0
TZ-LOAN-16966,54.0,Dodoma,-34971.59038451186,1500000,22,0,0.4398078707341365,0
TZ-LOAN-16967,29.0,Dar es Salaam,585970.1908736227,500000,21,0,0.3156695768799961,0
TZ-LOAN-16968,47.0,Mbeya,-150000.0,50000,24,0,5.721908871329147,0
TZ-LOAN-16969,44.0,Dar es Salaam,695680.81274225,1500000,21,0,5.9255745035822995,0
TZ-LOAN-16970,56.0,Arusha,1019661.2712241734,1500000,22,0,1.1099713507533475,0
TZ-LOAN-16971,26.0,Mbeya,781211.8022539006,100000,20,0,15.754291741336957,0
TZ-LOAN-16972,38.0,Dar es Salaam,480845.500442042,1000000,25,0,7.751460201796947,0
TZ-LOAN-16973,29.0,Mbeya,-47626.04624190414,1500000,20,0,5.798632081170827,0
TZ-LOAN-16974,46.0,Mwanza,578806.3297414345,100000,30,0,7.01918812814945,0
TZ-LOAN-16975,50.0,Arusha,958387.7006773395,50000,21,0,2.6541807352689677,0
TZ-LOAN-16976,60.0,Dodoma,532385.6651998656,1000000,18,1,3.0407452260306873,1
TZ-LOAN-16977,32.0,Dar es Salaam,658496.0791033292,1500000,20,0,10.209375549851776,1
TZ-LOAN-16978,19.0,Dodoma,776408.0762920126,250000,21,2,0.12873830451463703,0
TZ-LOAN-16979,69.0,Dar es Salaam,345412.28772505524,100000,18,0,8.108087803629903,0
TZ-LOAN-16980,56.0,Mbeya,836970.7689916452,50000,28,0,2.967129587426906,0
TZ-LOAN-16981,61.0,Dodoma,1141136.5370005118,50000,19,0,3.1178116103405804,0
TZ-LOAN-16982,35.0,Arusha,598155.9944319781,50000,25,0,1.9703980804079522,0
TZ-LOAN-16983,20.0,Dar es Salaam,311280.67345030943,1000000,15,1,4.6706449260489755,1
TZ-LOAN-16984,24.0,Dodoma,630019.6918934078,500000,27,0,5.630020539400471,0
TZ-LOAN-16985,60.0,Dar es Salaam,-17315.232582660625,250000,15,0,0.8762549107978962,0
TZ-LOAN-16986,35.0,Mwanza,751070.9791929848,1000000,30,0,4.170293002939747,0
TZ-LOAN-16987,61.0,Mwanza,785682.3132945737,1000000,21,0,3.126619015133176,0
TZ-LOAN-16988,55.0,Dodoma,1152690.8881536687,1500000,25,0,7.6142067691552375,0
TZ-LOAN-16989,54.0,Mwanza,591801.5622300125,100000,27,1,3.940447357640036,0
TZ-LOAN-16990,50.0,Arusha,772545.6014439411,250000,24,3,2.8068522399471245,1
TZ-LOAN-16991,61.0,Dodoma,391613.56928422966,50000,27,0,3.7637541141463955,0
TZ-LOAN-16992,48.0,Mbeya,543071.8638424764,1000000,18,0,3.3722896473093384,0
TZ-LOAN-16993,28.0,Dodoma,192444.3690013406,250000,33,1,13.680539844606036,0
TZ-LOAN-16994,21.0,Mbeya,591563.1136150294,100000,17,0,1.8690164714645956,0
TZ-LOAN-16995,35.0,Mwanza,558407.2539444305,500000,16,0,0.1903214704766309,0
TZ-LOAN-16996,21.0,Dodoma,-150000.0,250000,25,0,5.423498902889907,0
TZ-LOAN-16997,66.0,Arusha,462920.9359002082,50000,26,3,4.629724933325388,0
TZ-LOAN-16998,51.0,Mwanza,675003.6052925276,1000000,27,0,12.03802331103221,0
TZ-LOAN-16999,46.0,Mwanza,549985.9833177003,500000,27,1,0.6248499731021246,0
TZ-LOAN-17000,41.0,Mwanza,550550.1835101458,100000,24,0,3.697480654094229,0
TZ-LOAN-17001,39.0,Mbeya,674108.6977889091,50000,22,0,0.8171322943064028,0
TZ-LOAN-17002,19.0,Mbeya,662156.882695103,500000,16,2,3.041355965183212,0
TZ-LOAN-17003,61.0,Arusha,878352.2117154915,1500000,25,0,8.031456366064788,0
TZ-LOAN-17004,23.0,Mbeya,613807.0897610495,1500000,32,0,9.73813938724604,1
TZ-LOAN-17005,59.0,Dar es Salaam,545034.3952630991,100000,32,0,8.974633207201617,0
TZ-LOAN-17006,42.0,Dar es Salaam,595757.7664738322,50000,21,0,3.963786126263205,0
TZ-LOAN-17007,38.0,Dodoma,435600.76494770224,1000000,30,0,5.025064996623358,0
TZ-LOAN-17008,33.0,Mwanza,542026.6719299986,100000,27,0,4.00995252297826,0
TZ-LOAN-17009,48.0,Dar es Salaam,1259347.6139219692,500000,20,0,4.118965459453551,0
TZ-LOAN-17010,31.0,Mbeya,376196.3717912399,50000,28,0,,0
TZ-LOAN-17011,56.0,Arusha,566403.0998362072,1500000,25,1,1.1740118528753705,1
TZ-LOAN-17012,45.0,Mbeya,533753.4010190929,1500000,25,0,2.8880856751625723,1
TZ-LOAN-17013,49.0,Mwanza,575848.5163266802,250000,24,1,4.708848536328335,0
TZ-LOAN-17014,45.0,Mwanza,550628.2073364814,50000,22,0,7.24834696401617,0
TZ-LOAN-17015,68.0,Dar es Salaam,733772.0303662999,500000,27,0,7.175106828357924,0
TZ-LOAN-17016,66.0,Dar es Salaam,136947.4695824617,500000,32,0,0.6235569051869467,1
TZ-LOAN-17017,26.0,Mbeya,961151.4417596014,250000,27,0,1.254565178848418,0
TZ-LOAN-17018,62.0,Dodoma,839774.8398926592,500000,22,0,12.124792769577283,0
TZ-LOAN-17019,39.0,Mbeya,277138.52418105956,50000,27,2,2.212092420686531,0
TZ-LOAN-17020,49.0,Dar es Salaam,-30723.181885720463,1500000,24,3,0.013581639042930327,0
TZ-LOAN-17021,22.0,Dodoma,356878.35615757963,100000,23,0,1.1144495949912556,0
TZ-LOAN-17022,40.0,Dodoma,577200.0615718632,1500000,34,0,17.458690880077835,1
TZ-LOAN-17023,22.0,Dar es Salaam,1424087.5696072325,1500000,25,0,1.8534967554215729,0
TZ-LOAN-17024,59.0,Mbeya,812977.089492282,50000,21,0,4.755893360822934,0
TZ-LOAN-17025,49.0,Arusha,107723.10524556274,500000,24,1,6.485009442502079,1
TZ-LOAN-17026,27.0,Dar es Salaam,443103.34852971684,250000,24,0,5.200530764284689,0
TZ-LOAN-17027,56.0,Mbeya,634036.2691181051,250000,27,0,2.3705899020100687,0
TZ-LOAN-17028,32.0,Arusha,726105.0662894291,1000000,31,1,2.8142372801656745,0
TZ-LOAN-17029,24.0,Mwanza,255575.3419068731,250000,24,2,9.100341426075783,1
TZ-LOAN-17030,46.0,Mwanza,609502.9316068816,250000,20,0,5.435174797867834,0
TZ-LOAN-17031,64.0,Mwanza,434708.2587168378,500000,28,0,0.11857123224499284,0
TZ-LOAN-17032,20.0,Arusha,318872.431219305,100000,33,3,1.1373744998932418,0
TZ-LOAN-17033,36.0,Dodoma,727878.6940096861,100000,19,0,1.6864484215589295,0
TZ-LOAN-17034,27.0,Mwanza,882163.1520328467,500000,29,1,2.2744851656190685,0
TZ-LOAN-17035,45.0,Mwanza,902312.3830884858,250000,32,0,,0
TZ-LOAN-17036,46.0,Dodoma,822315.9053401628,50000,15,0,2.2825600303668234,0
TZ-LOAN-17037,32.0,Arusha,,1500000,27,0,8.71518700516922,1
TZ-LOAN-17038,52.0,Arusha,864364.9284390517,1500000,26,0,3.2107076366376313,0
TZ-LOAN-17039,23.0,Dodoma,742716.3314312864,100000,26,1,3.4875711819355,0
TZ-LOAN-17040,29.0,Dar es Salaam,690182.564885604,500000,27,0,2.7877449961101144,0
TZ-LOAN-17041,64.0,Dodoma,466492.0634894605,50000,28,2,1.8586989001404641,0
TZ-LOAN-17042,55.0,Mbeya,500937.16179754154,250000,25,0,6.451288026401808,0
TZ-LOAN-17043,30.0,Mbeya,672166.0808373662,500000,30,0,1.3039868766193514,0
TZ-LOAN-17044,46.0,Dar es Salaam,1381962.3400956504,100000,29,0,5.8476928706284514,0
TZ-LOAN-17045,36.0,Dar es Salaam,740372.744027417,50000,24,0,3.7719878303499197,0
TZ-LOAN-17046,20.0,Mbeya,466643.4493249142,50000,29,0,0.5393919395113806,0
TZ-LOAN-17047,25.0,Dodoma,400283.1665091672,100000,27,0,0.09065308682574379,0
TZ-LOAN-17048,25.0,Arusha,502470.01620313915,50000,20,0,0.9282973369509916,0
TZ-LOAN-17049,37.0,Mbeya,1303188.0342647196,1500000,22,1,7.156895593647788,0
TZ-LOAN-17050,64.0,Dodoma,530223.0062162114,100000,19,0,2.427394274464466,0
TZ-LOAN-17051,21.0,Mbeya,922061.1603830855,1500000,25,0,8.170613183498041,0
TZ-LOAN-17052,68.0,Arusha,537221.526358593,500000,22,0,3.4848304693875276,0
TZ-LOAN-17053,38.0,Mbeya,728355.3623838886,1000000,22,0,0.16647399785296835,0
TZ-LOAN-17054,20.0,Mbeya,,250000,29,2,9.357208390523287,0
TZ-LOAN-17055,62.0,Arusha,478429.1450570228,500000,29,0,13.764984360939907,0
TZ-LOAN-17056,25.0,Mwanza,457666.5037541691,1500000,30,2,0.3855673562297821,1
TZ-LOAN-17057,40.0,Mbeya,1147660.908336599,250000,28,0,1.1681837399605994,0
TZ-LOAN-17058,33.0,Mbeya,,250000,20,0,6.286040270961556,0
TZ-LOAN-17059,30.0,Mbeya,887201.6956072184,1500000,18,1,29.347194949788914,1
TZ-LOAN-17060,20.0,Dar es Salaam,886182.8879368742,1500000,28,1,10.449630518249318,1
TZ-LOAN-17061,65.0,Dar es Salaam,787872.6464933197,100000,32,0,0.5209607755855566,0
TZ-LOAN-17062,26.0,Arusha,1255332.7439525195,1000000,24,0,4.672745712503195,0
TZ-LOAN-17063,31.0,Dodoma,663172.490563147,1500000,28,0,5.4711649816367425,0
TZ-LOAN-17064,30.0,Dar es Salaam,823178.7101602758,250000,16,0,4.982518460792863,0
TZ-LOAN-17065,24.0,Arusha,214726.1214217962,250000,20,0,4.197346009426383,0
TZ-LOAN-17066,32.0,Dar es Salaam,402511.79402262776,500000,28,0,1.7279960952835856,0
TZ-LOAN-17067,24.0,Dodoma,289754.30004948785,1000000,32,1,5.52073036523474,1
TZ-LOAN-17068,55.0,Dar es Salaam,1032219.0750548448,1000000,24,0,6.518068282476747,0
TZ-LOAN-17069,51.0,Mwanza,-115762.04560622491,250000,16,0,4.287352810876602,0
TZ-LOAN-17070,58.0,Dodoma,529306.9931741832,1000000,26,3,3.437371772383684,1
TZ-LOAN-17071,39.0,Dodoma,-248111.98079818685,500000,25,0,1.2360962225445644,0
TZ-LOAN-17072,41.0,Dar es Salaam,400613.63135543297,100000,23,0,3.9342576150467123,0
TZ-LOAN-17073,66.0,Dar es Salaam,502715.3150804401,250000,19,0,0.6862656429901641,0
TZ-LOAN-17074,54.0,Mbeya,1065461.3281382131,50000,31,1,0.3774769326977905,0
TZ-LOAN-17075,61.0,Mbeya,768988.3817664371,250000,31,0,,0
TZ-LOAN-17076,18.0,Dodoma,400057.5430013101,250000,19,1,,0
TZ-LOAN-17077,27.0,Mbeya,969789.1159195479,100000,28,0,5.235304130805819,0
TZ-LOAN-17078,60.0,Mbeya,655349.6763589273,1500000,22,0,13.164323439524747,1
TZ-LOAN-17079,33.0,Mbeya,661270.0576121757,1500000,22,0,2.396414474038275,0
TZ-LOAN-17080,63.0,Mwanza,289198.5476684024,50000,27,0,2.551895463277111,0
TZ-LOAN-17081,25.0,Mbeya,352995.8858290582,50000,30,0,2.670018395949753,0
TZ-LOAN-17082,66.0,Mbeya,402470.8100163427,50000,24,0,3.130089067911555,0
TZ-LOAN-17083,42.0,Mwanza,663938.3819462568,1500000,29,0,3.5958440188309613,0
TZ-LOAN-17084,67.0,Dar es Salaam,673365.7180942025,100000,17,1,7.525782115608145,0
TZ-LOAN-17085,29.0,Dodoma,1113227.7990572136,1000000,20,0,1.227606058720558,0
TZ-LOAN-17086,42.0,Arusha,765516.5503813503,50000,27,0,2.846551983829238,0
TZ-LOAN-17087,34.0,Dar es Salaam,-162269.70810163242,1000000,28,0,3.5172742817194553,0
TZ-LOAN-17088,43.0,Mwanza,728792.5963615072,500000,20,0,0.926335494224573,0
TZ-LOAN-17089,63.0,Mwanza,214995.0931497402,100000,22,0,6.052348002601038,0
TZ-LOAN-17090,65.0,Dodoma,360208.72261653905,1000000,23,0,0.28957978210399943,1
TZ-LOAN-17091,31.0,Mbeya,406349.15848210105,1500000,37,0,4.408389854608983,1
TZ-LOAN-17092,58.0,Arusha,450998.50294630945,1500000,29,1,1.1291242152303642,1
TZ-LOAN-17093,53.0,Arusha,237455.1823879091,50000,22,0,0.04252160119766013,0
TZ-LOAN-17094,40.0,Arusha,711044.6010356863,50000,31,0,1.8973177295484311,0
TZ-LOAN-17095,60.0,Dar es Salaam,226759.31447271223,1000000,23,0,2.8030623768090828,1
TZ-LOAN-17096,23.0,Mwanza,757000.2821749541,1500000,26,0,8.49958135911881,0
TZ-LOAN-17097,64.0,Arusha,1321091.3231184888,1000000,26,0,2.6199397949707386,0
TZ-LOAN-17098,22.0,Arusha,251192.28231978085,500000,18,0,12.351207582426674,1
TZ-LOAN-17099,60.0,Mbeya,564646.9086982333,100000,22,0,9.24288100683388,0
TZ-LOAN-17100,42.0,Dar es Salaam,-107037.208753741,1500000,29,2,1.070532571252582,0
TZ-LOAN-17101,35.0,Mwanza,559719.4121089601,250000,24,2,0.84633951712747,0
TZ-LOAN-17102,30.0,Dodoma,842815.1457894451,1500000,26,0,1.397524817899155,0
TZ-LOAN-17103,60.0,Mbeya,866191.7694071801,500000,19,0,2.2289509216417245,0
TZ-LOAN-17104,31.0,Mbeya,673209.119085229,1500000,26,0,4.37911082144875,0
TZ-LOAN-17105,45.0,Mbeya,916779.0274276927,500000,32,0,0.6624111545655548,0
TZ-LOAN-17106,35.0,Arusha,,1500000,24,0,3.796876004872084,0
TZ-LOAN-17107,45.0,Dodoma,,500000,32,0,4.34671647134479,0
TZ-LOAN-17108,68.0,Dar es Salaam,493243.72117710894,50000,24,0,5.407157278963948,0
TZ-LOAN-17109,150.0,Mwanza,214668.80405997846,1000000,23,0,3.9935613676459694,1
TZ-LOAN-17110,49.0,Dar es Salaam,528154.575027859,1500000,23,0,8.719753802567542,1
TZ-LOAN-17111,64.0,Mbeya,365905.17031479557,100000,22,0,5.13039463807195,0
TZ-LOAN-17112,26.0,Dodoma,785404.2643593898,50000,12,0,12.921528058757739,0
TZ-LOAN-17113,57.0,Dar es Salaam,295641.93817115057,500000,21,0,6.035289457301031,0
TZ-LOAN-17114,49.0,Dar es Salaam,628153.2702228974,100000,22,2,2.864482332654863,0
TZ-LOAN-17115,37.0,Mbeya,901404.2163608931,50000,28,0,1.1766157295130106,0
TZ-LOAN-17116,45.0,Mbeya,619791.238154847,250000,25,0,0.05288221123094856,0
TZ-LOAN-17117,50.0,Dar es Salaam,366105.85317566106,1500000,26,0,0.47376728070469365,1
TZ-LOAN-17118,21.0,Dar es Salaam,1002444.2172757075,1500000,36,0,1.0516039585424621,0
TZ-LOAN-17119,63.0,Arusha,86305.71657385177,500000,11,0,1.2195468331467116,1
TZ-LOAN-17120,51.0,Dodoma,551661.4832367611,50000,18,0,6.774832833029617,0
TZ-LOAN-17121,65.0,Mbeya,637501.9929855996,50000,23,0,2.439256156493287,0
TZ-LOAN-17122,20.0,Mwanza,654772.5975198894,500000,27,0,1.9618028612101124,0
TZ-LOAN-17123,43.0,Mwanza,704148.8168234243,250000,25,1,0.268942834418309,0
TZ-LOAN-17124,25.0,Mbeya,833131.945942848,1500000,30,0,3.8681058245958426,0
TZ-LOAN-17125,23.0,Dodoma,639377.7682863948,1000000,23,1,4.745475824668589,0
TZ-LOAN-17126,33.0,Mwanza,539582.5153568957,250000,20,2,10.512830977021574,0
TZ-LOAN-17127,41.0,Arusha,527723.1966020913,500000,26,2,3.4942375516263264,0
TZ-LOAN-17128,65.0,Mbeya,,1000000,17,0,0.038750580039839,0
TZ-LOAN-17129,56.0,Mwanza,886262.9972980595,50000,31,1,0.33753465392223064,0
TZ-LOAN-17130,47.0,Mwanza,456041.4561570456,250000,21,0,1.5804443535752724,0
TZ-LOAN-17131,62.0,Mbeya,904031.3327024733,250000,18,0,0.7493817101265321,0
TZ-LOAN-17132,30.0,Dodoma,655699.7246779613,1500000,33,1,7.361165948701455,1
TZ-LOAN-17133,22.0,Mbeya,493623.5579431611,1500000,23,0,0.5706441209520883,1
TZ-LOAN-17134,42.0,Dar es Salaam,835522.1647232404,1000000,23,0,,0
TZ-LOAN-17135,37.0,Mwanza,431763.82258306455,50000,21,0,5.4948722263727126,0
TZ-LOAN-17136,35.0,Dar es Salaam,841455.2122184639,250000,26,0,1.3697398819773279,0
TZ-LOAN-17137,64.0,Dodoma,713817.8363575354,1000000,27,1,17.381920526083455,1
TZ-LOAN-17138,35.0,Dar es Salaam,471102.5932724238,250000,27,0,9.94572674998525,0
TZ-LOAN-17139,19.0,Dodoma,808590.4446003677,1500000,21,0,6.823450548584171,0
TZ-LOAN-17140,27.0,Mbeya,813976.9177065917,50000,28,2,2.101394982030671,0
TZ-LOAN-17141,62.0,Arusha,997255.8817429873,50000,17,0,0.2922784916430434,0
TZ-LOAN-17142,67.0,Arusha,939844.1037227887,100000,29,1,2.0503858236894947,0
TZ-LOAN-17143,64.0,Mbeya,797382.2062178848,1000000,22,0,2.3638762142699465,0
TZ-LOAN-17144,29.0,Mwanza,311722.7146373711,1500000,29,0,0.6815781015469267,1
TZ-LOAN-17145,64.0,Dodoma,-150000.0,1500000,20,0,0.6428091175023974,0
TZ-LOAN-17146,30.0,Dar es Salaam,228915.1366784569,1500000,29,0,5.514733292583638,1
TZ-LOAN-17147,67.0,Arusha,934778.9522846927,500000,21,0,1.3224483734686567,0
TZ-LOAN-17148,64.0,Dar es Salaam,779385.1450658896,250000,34,0,5.6661848918118025,0
TZ-LOAN-17149,28.0,Dar es Salaam,297757.2882556656,50000,21,0,3.9737001007803663,0
TZ-LOAN-17150,36.0,Dar es Salaam,612709.7183364503,250000,27,0,11.586658956459889,0
TZ-LOAN-17151,52.0,Mwanza,626374.1341266079,250000,20,0,7.976932431329708,0
TZ-LOAN-17152,56.0,Arusha,1041674.814743157,500000,34,0,0.8206719486051253,0
TZ-LOAN-17153,43.0,Dar es Salaam,436006.7299159366,50000,23,2,4.710114253538361,0
TZ-LOAN-17154,63.0,Dar es Salaam,571416.4980726938,100000,27,0,5.293979188357751,0
TZ-LOAN-17155,31.0,Arusha,-50820.88150637888,1500000,24,0,9.904482900229201,0
TZ-LOAN-17156,62.0,Dar es Salaam,1170428.837937073,1000000,35,0,5.121562297086553,0
TZ-LOAN-17157,61.0,Dodoma,328859.52709397866,250000,20,0,0.7582686014666882,0
TZ-LOAN-17158,41.0,Arusha,748073.2592717524,500000,26,0,1.4950582443633258,0
TZ-LOAN-17159,58.0,Dar es Salaam,619577.6510834409,500000,23,0,5.075019089214102,0
TZ-LOAN-17160,18.0,Mwanza,620599.7099649981,1000000,25,0,12.1488192119007,0
TZ-LOAN-17161,68.0,Dodoma,892958.5954612625,1000000,21,0,11.10636058428126,0
TZ-LOAN-17162,60.0,Mbeya,1151378.7380910902,50000,26,0,2.2250812767723334,0
TZ-LOAN-17163,39.0,Mwanza,725448.1009825976,250000,26,1,8.879626757369673,0
TZ-LOAN-17164,40.0,Mbeya,846523.4052891578,250000,30,1,3.5799085568650946,0
TZ-LOAN-17165,36.0,Mbeya,748667.4610181123,1000000,36,0,3.1213041219350375,0
TZ-LOAN-17166,35.0,Dar es Salaam,955259.4271791879,1500000,36,0,2.160743371741078,0
TZ-LOAN-17167,29.0,Dodoma,511125.0861541019,100000,19,2,5.6691686369177665,0
TZ-LOAN-17168,45.0,Dar es Salaam,972617.1663249242,250000,23,1,4.576426352091064,0
TZ-LOAN-17169,45.0,Mwanza,983149.9596942151,500000,24,1,2.3473295535144216,0
TZ-LOAN-17170,50.0,Mbeya,974761.102604873,1500000,24,0,7.195063080590492,0
TZ-LOAN-17171,36.0,Dar es Salaam,451955.63979905716,1000000,31,0,2.3849034082169935,0
TZ-LOAN-17172,45.0,Mwanza,599498.7097288427,250000,30,0,4.390007241995478,0
TZ-LOAN-17173,69.0,Mwanza,721840.0966341305,50000,28,0,2.4910519087336795,0
TZ-LOAN-17174,66.0,Mbeya,238747.38655129826,1000000,33,0,0.6214520599289951,1
TZ-LOAN-17175,54.0,Dar es Salaam,1128476.0624258043,500000,18,0,0.8788813737574148,0
TZ-LOAN-17176,43.0,Dodoma,646317.0399493473,50000,22,3,5.346319081207422,0
TZ-LOAN-17177,52.0,Mwanza,735178.3662814165,1000000,25,0,8.335954581892489,0
TZ-LOAN-17178,51.0,Dar es Salaam,476898.6680818391,1000000,22,0,3.1599120126709135,0
TZ-LOAN-17179,52.0,Dodoma,251936.73218989314,250000,21,2,1.9695643974106438,1
TZ-LOAN-17180,57.0,Mbeya,468791.0343575687,50000,23,0,2.0511131460363354,0
TZ-LOAN-17181,33.0,Dodoma,715761.2562900765,1000000,33,0,4.552131016201144,0
TZ-LOAN-17182,55.0,Mbeya,852028.6438261081,1500000,22,0,3.1526410675460985,0
TZ-LOAN-17183,30.0,Mwanza,,500000,28,1,0.0036948925069585125,0
TZ-LOAN-17184,40.0,Arusha,754017.2048725851,50000,28,0,7.380482136340751,0
TZ-LOAN-17185,39.0,Arusha,548892.087595587,1500000,20,0,0.7676090253633263,1
TZ-LOAN-17186,33.0,Mwanza,798874.5698736284,250000,28,1,,0
TZ-LOAN-17187,45.0,Dodoma,1094849.859915772,100000,25,0,2.109603140961408,0
TZ-LOAN-17188,65.0,Arusha,861436.8327316961,1000000,20,0,4.313780467782749,0
TZ-LOAN-17189,52.0,Mbeya,892862.5664758821,100000,32,0,9.659156786949957,0
TZ-LOAN-17190,62.0,Mwanza,738204.9197919893,1000000,23,1,0.8377909483486037,0
TZ-LOAN-17191,63.0,Dar es Salaam,199053.47912011942,1500000,24,0,7.517180170795667,1
TZ-LOAN-17192,25.0,Arusha,336600.04081062705,250000,26,0,0.195307568011954,0
TZ-LOAN-17193,61.0,Dodoma,786462.740199153,250000,13,0,12.714919611315494,0
TZ-LOAN-17194,39.0,Mwanza,646718.2844119743,250000,27,0,1.1256434222606844,0
TZ-LOAN-17195,38.0,Arusha,781952.8659418484,250000,32,0,7.90944677360015,0
TZ-LOAN-17196,43.0,Arusha,1152927.0253532222,50000,20,0,0.347932166111293,0
TZ-LOAN-17197,57.0,Mwanza,867810.7997688001,50000,32,0,1.9804094987511185,0
TZ-LOAN-17198,38.0,Dar es Salaam,1027665.8617228465,1000000,28,1,5.019430422901508,0
TZ-LOAN-17199,42.0,Mwanza,678404.4168412191,50000,24,0,5.37679389866426,0
TZ-LOAN-17200,58.0,Dar es Salaam,407835.29675466806,1000000,35,0,6.000063169472771,0
TZ-LOAN-17201,18.0,Mwanza,632640.1522356977,50000,31,0,2.160527222161509,0
TZ-LOAN-17202,23.0,Mbeya,408574.4558842586,50000,19,0,5.4831946035123424,0
TZ-LOAN-17203,40.0,Mbeya,1117488.4870317343,50000,21,1,2.7974665357311146,0
TZ-LOAN-17204,68.0,Mwanza,,500000,22,0,4.172631248988586,0
TZ-LOAN-17205,40.0,Dar es Salaam,806153.7489884839,250000,16,0,3.961816280084014,0
TZ-LOAN-17206,60.0,Arusha,1020782.960668431,500000,17,1,0.9204548033007371,0
TZ-LOAN-17207,60.0,Mwanza,43983.07564303244,50000,28,0,9.373475225244638,0
TZ-LOAN-17208,40.0,Arusha,826441.3854027978,50000,25,1,10.092339778481502,0
TZ-LOAN-17209,49.0,Mwanza,256806.2647086882,500000,22,0,1.1390556413024662,0
TZ-LOAN-17210,47.0,Dodoma,647823.2904603017,1500000,21,0,2.6938410969189337,0
TZ-LOAN-17211,30.0,Dar es Salaam,556487.7222598357,1000000,15,1,,1
TZ-LOAN-17212,60.0,Dodoma,848520.9836290844,250000,29,0,3.980575213280006,0
TZ-LOAN-17213,35.0,Dodoma,718456.1866882866,1000000,32,0,0.11262192548206984,0
TZ-LOAN-17214,150.0,Dar es Salaam,1053535.1520835366,1500000,25,0,7.110957815675592,0
TZ-LOAN-17215,32.0,Mwanza,469430.8517202159,250000,24,0,9.900997596703515,0
TZ-LOAN-17216,50.0,Dar es Salaam,862734.3168899852,100000,21,1,0.7668858490324508,0
TZ-LOAN-17217,38.0,Dar es Salaam,698666.9650696496,250000,34,0,11.347151769531035,0
TZ-LOAN-17218,56.0,Mbeya,159412.91897853423,1000000,23,1,9.51609997454781,1
TZ-LOAN-17219,40.0,Mbeya,374415.0624430902,250000,20,0,3.907234207851328,0
TZ-LOAN-17220,44.0,Arusha,605036.5899433495,100000,22,0,,0
TZ-LOAN-17221,62.0,Dar es Salaam,983687.7349675184,100000,20,0,1.1627487200817024,0
TZ-LOAN-17222,61.0,Dodoma,789116.9172671344,50000,23,2,3.3581560198419296,0
TZ-LOAN-17223,35.0,Dodoma,299749.75283578574,100000,35,0,3.5383014008604325,0
TZ-LOAN-17224,41.0,Mbeya,607905.131585852,500000,26,0,5.275872765346082,0
TZ-LOAN-17225,150.0,Dar es Salaam,1255341.934637909,1000000,16,0,8.088294430944444,0
TZ-LOAN-17226,64.0,Mwanza,,500000,23,0,13.628515755370783,0
TZ-LOAN-17227,57.0,Mbeya,,1500000,27,2,7.955065823399924,1
TZ-LOAN-17228,68.0,Mbeya,797521.8922268662,500000,22,0,11.986969731903024,0
TZ-LOAN-17229,59.0,Dodoma,879017.923874591,1000000,25,0,3.4594248815751927,0
TZ-LOAN-17230,24.0,Mwanza,513149.49575598224,1500000,23,0,0.19830393823812653,1
TZ-LOAN-17231,67.0,Mwanza,800772.4323114312,500000,31,1,0.266108291415492,0
TZ-LOAN-17232,65.0,Dodoma,551333.1509987572,500000,26,1,1.5632050278879333,0
TZ-LOAN-17233,37.0,Dodoma,865798.2805488314,1500000,27,0,4.759411013921096,0
TZ-LOAN-17234,44.0,Dodoma,700907.9473913851,500000,29,0,2.041526814429648,0
TZ-LOAN-17235,23.0,Mwanza,794590.3481158677,100000,29,0,0.9084709956884751,0
TZ-LOAN-17236,44.0,Mwanza,422244.9361497487,1000000,17,0,9.502130443892824,1
TZ-LOAN-17237,26.0,Mbeya,403614.0847781422,1000000,30,0,20.996782994002835,1
TZ-LOAN-17238,62.0,Arusha,933649.1913978185,1000000,30,0,0.0839077628470635,0
TZ-LOAN-17239,48.0,Mbeya,626181.0855843519,500000,24,1,0.46839007070527194,0
TZ-LOAN-17240,38.0,Dar es Salaam,735510.4226298084,100000,31,0,3.4591278260104352,0
TZ-LOAN-17241,43.0,Arusha,558081.3718740442,1000000,18,0,2.0599360127572024,0
TZ-LOAN-17242,57.0,Mwanza,919618.0322040932,250000,25,0,7.619770504376467,0
TZ-LOAN-17243,65.0,Mbeya,467657.00599110266,1000000,28,0,5.310951537295673,0
TZ-LOAN-17244,62.0,Mwanza,609319.6280297352,50000,17,0,0.35485108390290543,0
TZ-LOAN-17245,30.0,Arusha,885797.8438109395,250000,23,0,3.9360060678264928,0
TZ-LOAN-17246,66.0,Mwanza,1001890.3097492798,1000000,31,3,2.0513773857298974,1
TZ-LOAN-17247,40.0,Mbeya,492872.21269199497,500000,30,3,16.77815107255665,1
TZ-LOAN-17248,37.0,Arusha,1237905.194586765,1000000,25,0,3.224443396410846,0
TZ-LOAN-17249,54.0,Mbeya,743972.5081080849,100000,29,0,13.132146649587428,0
TZ-LOAN-17250,45.0,Mbeya,337121.5214573787,100000,21,2,0.1531960696656927,0
TZ-LOAN-17251,34.0,Mwanza,760715.6145769904,1000000,25,1,0.5450283471076228,0
TZ-LOAN-17252,45.0,Arusha,535100.2356549627,500000,32,0,2.440993097042093,0
TZ-LOAN-17253,58.0,Mwanza,780220.5461549531,500000,22,1,10.89992199812708,0
TZ-LOAN-17254,19.0,Arusha,637143.1257018986,500000,24,0,3.932940416491375,0
TZ-LOAN-17255,42.0,Dar es Salaam,672282.1070570435,1000000,26,0,8.690350198476303,0
TZ-LOAN-17256,67.0,Dar es Salaam,376521.9870241562,1000000,19,0,1.667091956948359,1
TZ-LOAN-17257,58.0,Arusha,947018.369214908,50000,25,0,,0
TZ-LOAN-17258,23.0,Mwanza,303161.7898546904,100000,25,0,1.4120719935406725,0
TZ-LOAN-17259,28.0,Dodoma,317370.53137850144,250000,28,0,5.182462670790749,0
TZ-LOAN-17260,55.0,Arusha,760208.104744246,250000,30,1,10.255907201816257,0
TZ-LOAN-17261,23.0,Mbeya,1130853.274153391,100000,25,1,3.0348412581519293,0
TZ-LOAN-17262,62.0,Dar es Salaam,,1500000,19,0,1.0759732019390795,1
TZ-LOAN-17263,28.0,Arusha,860291.6968111896,50000,27,0,5.0751997231844195,0
TZ-LOAN-17264,31.0,Arusha,972002.0530590636,100000,33,0,1.096591704025626,0
TZ-LOAN-17265,19.0,Arusha,,50000,24,0,4.223196846222626,0
TZ-LOAN-17266,57.0,Mbeya,556637.5132478955,1500000,30,0,0.539550608413147,1
TZ-LOAN-17267,20.0,Mwanza,322685.98484177765,50000,35,0,8.333615828255303,0
TZ-LOAN-17268,52.0,Dodoma,-12264.269701406476,500000,31,2,8.178053677875507,0
TZ-LOAN-17269,50.0,Mbeya,571147.850161282,100000,29,1,3.8963093225637664,0
TZ-LOAN-17270,41.0,Dodoma,1003426.2105686524,250000,30,0,0.19465332844076766,0
TZ-LOAN-17271,36.0,Dar es Salaam,312750.2045714198,1000000,24,0,1.6438081127122417,1
TZ-LOAN-17272,35.0,Dodoma,860062.9542556296,1500000,29,1,0.7441525841648922,0
TZ-LOAN-17273,66.0,Dodoma,364954.24098443834,1500000,20,0,3.705974401834845,1
TZ-LOAN-17274,69.0,Dar es Salaam,681821.7729160514,1000000,21,0,0.5364468861955168,0
TZ-LOAN-17275,41.0,Mbeya,862337.4842465053,100000,22,0,10.19059619027211,0
TZ-LOAN-17276,62.0,Mbeya,452151.3689484716,1000000,25,1,9.491079204825358,1
TZ-LOAN-17277,52.0,Dar es Salaam,701145.4042090742,50000,25,0,0.8485949677505811,0
TZ-LOAN-17278,18.0,Mbeya,525472.5989824014,1000000,30,0,5.935382357003985,0
TZ-LOAN-17279,53.0,Mwanza,861544.597681453,50000,31,0,5.961922515483133,0
TZ-LOAN-17280,42.0,Dodoma,720595.1505453911,50000,28,0,2.527154309073386,0
TZ-LOAN-17281,62.0,Mbeya,666952.3023287802,250000,22,0,0.8302675610461969,0
TZ-LOAN-17282,66.0,Dodoma,1117504.9880425932,1000000,29,0,0.7084383800292491,0
TZ-LOAN-17283,60.0,Mbeya,,250000,24,0,6.725300526452303,0
TZ-LOAN-17284,51.0,Dodoma,442894.4401621133,1000000,23,0,1.2434441941646277,0
TZ-LOAN-17285,42.0,Dar es Salaam,624240.8297606715,50000,22,0,4.624813094217571,0
TZ-LOAN-17286,33.0,Dar es Salaam,627230.3644761018,1000000,25,0,10.045162051908502,0
TZ-LOAN-17287,51.0,Dar es Salaam,674095.8717875635,1500000,22,0,4.495932216465421,0
TZ-LOAN-17288,46.0,Mwanza,1407352.7829822483,1500000,26,0,18.241056848069157,0
TZ-LOAN-17289,36.0,Mwanza,761255.567813299,250000,35,0,5.185261362283098,0
TZ-LOAN-17290,40.0,Dar es Salaam,39229.228968567215,500000,27,0,1.8887860602721804,1
TZ-LOAN-17291,36.0,Dodoma,487160.30848491046,1500000,21,0,9.568528240863277,1
TZ-LOAN-17292,42.0,Dar es Salaam,70288.37375125743,250000,20,0,1.8619341678688195,1
TZ-LOAN-17293,33.0,Dar es Salaam,551060.5228862481,500000,28,0,17.80161851377333,0
TZ-LOAN-17294,68.0,Arusha,,100000,27,0,3.2478715384703993,0
TZ-LOAN-17295,26.0,Mwanza,388522.8586794716,250000,27,0,15.314391571232262,0
TZ-LOAN-17296,18.0,Mwanza,193783.54110976402,1500000,23,0,1.014243443584611,1
TZ-LOAN-17297,59.0,Dar es Salaam,765248.0533902433,1500000,26,0,0.05731983051568733,0
TZ-LOAN-17298,36.0,Dar es Salaam,650161.8087886636,1000000,27,1,1.0915966328489537,0
TZ-LOAN-17299,50.0,Arusha,740888.6922496193,500000,19,0,0.5177461633688395,0
TZ-LOAN-17300,51.0,Arusha,618634.583429442,1500000,24,0,6.620468272773574,1
TZ-LOAN-17301,33.0,Mwanza,231710.67493867467,1000000,29,1,1.5363340726401284,1
TZ-LOAN-17302,61.0,Mwanza,804056.4107764206,500000,18,0,5.100958641524197,0
TZ-LOAN-17303,57.0,Mwanza,1226667.3680808358,250000,36,1,5.5230065379933055,0
TZ-LOAN-17304,35.0,Mwanza,772763.773581964,250000,19,0,5.827693739922173,0
TZ-LOAN-17305,51.0,Dodoma,522222.6202047302,1000000,34,0,8.937088181090138,0
TZ-LOAN-17306,42.0,Dar es Salaam,221579.84716836648,250000,24,0,0.8065151355774178,0
TZ-LOAN-17307,62.0,Dodoma,377579.9087720104,1000000,35,0,0.2589093393695814,0
TZ-LOAN-17308,23.0,Mbeya,785911.8969716177,50000,19,0,0.15077632529378232,0
TZ-LOAN-17309,38.0,Mwanza,971935.4080398125,500000,17,0,0.5479026137151514,0
TZ-LOAN-17310,23.0,Mwanza,728259.8524165928,1000000,21,3,2.3836150565791367,1
TZ-LOAN-17311,49.0,Dar es Salaam,889966.186911795,500000,22,1,17.113525927933967,0
TZ-LOAN-17312,58.0,Mwanza,862303.4732081728,50000,35,3,2.178784775215393,0
TZ-LOAN-17313,65.0,Mwanza,801960.3174157753,500000,23,1,3.015827945253779,0
TZ-LOAN-17314,60.0,Dodoma,452457.9214216232,1000000,26,2,8.420718934389834,1
TZ-LOAN-17315,56.0,Mbeya,702177.0535925457,250000,30,0,12.541778374072008,0
TZ-LOAN-17316,48.0,Dodoma,395486.65883535857,500000,31,0,17.779003873128303,0
TZ-LOAN-17317,59.0,Arusha,655228.6858874306,500000,19,0,8.75648296636496,0
TZ-LOAN-17318,27.0,Mwanza,749259.0593200736,1500000,23,0,3.490960001938839,0
TZ-LOAN-17319,47.0,Dodoma,1153635.1422160566,1500000,32,1,1.303425286560008,0
TZ-LOAN-17320,69.0,Dar es Salaam,257080.40768971038,50000,28,0,4.561082167452499,0
TZ-LOAN-17321,35.0,Mbeya,794452.2892973917,100000,27,0,1.095726815887875,0
TZ-LOAN-17322,41.0,Mbeya,1094370.9774870784,250000,29,0,0.2866877907460172,0
TZ-LOAN-17323,69.0,Dar es Salaam,877654.3297516389,1000000,25,0,12.588426342213964,0
TZ-LOAN-17324,26.0,Dar es Salaam,899883.6328475124,50000,15,0,3.315906441061398,0
TZ-LOAN-17325,48.0,Mwanza,826308.4705603437,1000000,32,0,3.5488247083036444,0
TZ-LOAN-17326,32.0,Mbeya,1039500.346932625,1000000,25,1,4.698040224556888,0
TZ-LOAN-17327,21.0,Dar es Salaam,323756.5495662896,500000,32,2,3.0020064964302637,1
TZ-LOAN-17328,57.0,Arusha,234222.00020892604,50000,24,0,2.938807510204511,0
TZ-LOAN-17329,26.0,Mbeya,648099.7578604232,50000,24,3,12.33407551981089,1
TZ-LOAN-17330,62.0,Dar es Salaam,1651.3689284870634,1500000,21,2,8.478960135341497,1
TZ-LOAN-17331,26.0,Dodoma,1019193.7412534034,250000,30,0,1.1950449626711388,0
TZ-LOAN-17332,43.0,Dar es Salaam,1016214.5586486324,100000,33,1,1.7249857579017782,0
TZ-LOAN-17333,21.0,Mbeya,519994.83347464213,1000000,30,0,5.403213173698908,0
TZ-LOAN-17334,34.0,Mwanza,538768.821001847,250000,21,3,4.232563232313904,1
TZ-LOAN-17335,33.0,Arusha,628295.7574547986,1500000,22,0,7.265576973154469,1
TZ-LOAN-17336,32.0,Dar es Salaam,665606.1951318859,250000,30,2,6.503017336656816,0
TZ-LOAN-17337,52.0,Mbeya,688152.1757582856,1000000,22,0,6.16438625052016,0
TZ-LOAN-17338,69.0,Dar es Salaam,817469.6320634909,500000,30,1,10.610405554965809,0
TZ-LOAN-17339,22.0,Dar es Salaam,598212.0940974565,500000,27,0,7.274003059743324,0
TZ-LOAN-17340,22.0,Mbeya,932957.9910433382,1000000,17,0,1.3909522275981505,0
TZ-LOAN-17341,37.0,Dodoma,783784.333137591,1500000,19,2,10.311435579869922,1
TZ-LOAN-17342,32.0,Mbeya,,1500000,21,0,2.043844336084297,1
TZ-LOAN-17343,35.0,Mbeya,1050533.8003412292,50000,27,1,12.089670218530166,0
TZ-LOAN-17344,64.0,Mwanza,,100000,31,0,8.694031760001371,0
TZ-LOAN-17345,19.0,Dar es Salaam,622350.256753557,500000,21,2,0.3848663096568256,0
TZ-LOAN-17346,46.0,Dar es Salaam,940075.2203226404,100000,27,0,7.376297090485167,0
TZ-LOAN-17347,30.0,Mbeya,433078.0685263566,250000,34,0,3.4668771709598034,0
TZ-LOAN-17348,21.0,Dodoma,742866.6940301454,250000,20,1,18.885878263022214,0
TZ-LOAN-17349,59.0,Mwanza,813001.8790997143,1000000,27,0,3.066312605421626,0
TZ-LOAN-17350,62.0,Dodoma,391842.8396056283,1000000,28,1,0.3467919113329779,1
TZ-LOAN-17351,27.0,Dodoma,628256.6841217895,1000000,20,0,1.734588951309341,0
TZ-LOAN-17352,48.0,Mwanza,603048.8509372369,1500000,37,0,2.812431980827135,0
TZ-LOAN-17353,58.0,Mwanza,484478.64445031213,500000,23,0,4.481431776496808,0
TZ-LOAN-17354,25.0,Dodoma,1340502.4556152322,100000,22,0,0.8249969810963351,0
TZ-LOAN-17355,20.0,Dodoma,421068.0939663573,250000,17,0,3.618883840303162,0
TZ-LOAN-17356,65.0,Dodoma,951479.088220365,100000,26,1,3.303136668527915,0
TZ-LOAN-17357,63.0,Dar es Salaam,,500000,26,0,9.059685103838843,0
TZ-LOAN-17358,26.0,Dar es Salaam,324009.14333441545,100000,31,0,1.8005678950487927,0
TZ-LOAN-17359,47.0,Dar es Salaam,680844.2729465207,100000,21,0,2.984800054154017,0
TZ-LOAN-17360,28.0,Dar es Salaam,844728.0153162503,1500000,20,0,2.460122911421391,0
TZ-LOAN-17361,52.0,Mwanza,926152.8725197036,1000000,30,0,5.001506317162492,0
TZ-LOAN-17362,54.0,Mbeya,1118679.5331965208,1500000,11,0,9.045209305890872,0
TZ-LOAN-17363,59.0,Dar es Salaam,1533573.8869805299,1500000,18,0,5.6292617525059505,0
TZ-LOAN-17364,30.0,Dodoma,725154.2611266791,100000,23,1,3.127900585287672,0
TZ-LOAN-17365,53.0,Mbeya,451072.3478523836,100000,26,0,5.078203610639131,0
TZ-LOAN-17366,30.0,Dar es Salaam,785862.2980384673,1500000,21,0,1.9448394110707465,0
TZ-LOAN-17367,29.0,Arusha,570136.1148780525,100000,29,0,0.7780077360867266,0
TZ-LOAN-17368,54.0,Arusha,927789.838955669,1500000,24,0,1.9262387491800093,0
TZ-LOAN-17369,27.0,Mwanza,260850.71109028347,50000,26,0,2.9321440294514507,0
TZ-LOAN-17370,26.0,Arusha,1360500.3627201312,1500000,26,1,2.8925336817343434,0
TZ-LOAN-17371,69.0,Mwanza,906814.4284326539,250000,29,0,6.6894497848717105,0
TZ-LOAN-17372,24.0,Mwanza,144798.7946611506,250000,29,0,13.77141536152318,0
TZ-LOAN-17373,19.0,Mwanza,437291.32930550835,100000,32,0,2.462959389060381,0
TZ-LOAN-17374,40.0,Mbeya,894824.3132341816,1500000,20,0,0.4520777436457251,0
TZ-LOAN-17375,56.0,Mbeya,1002903.2168514364,1500000,17,0,0.169920800362955,0
TZ-LOAN-17376,57.0,Arusha,268328.711830411,1000000,25,0,0.019803016716712668,1
TZ-LOAN-17377,56.0,Mbeya,-150000.0,1000000,28,0,13.911187753849049,0
TZ-LOAN-17378,38.0,Dar es Salaam,65798.03820142301,1000000,22,0,27.16879730760441,1
TZ-LOAN-17379,40.0,Mwanza,623199.2403586862,1500000,19,2,0.26375640238213416,1
TZ-LOAN-17380,46.0,Dar es Salaam,983614.0526309619,1500000,24,0,2.2174605607065705,0
TZ-LOAN-17381,31.0,Mbeya,484545.2809691059,250000,25,0,,0
TZ-LOAN-17382,43.0,Dodoma,197923.3102585959,500000,21,0,0.9858283321626673,1
TZ-LOAN-17383,68.0,Mbeya,693864.4389132678,100000,25,1,4.512397589025908,0
TZ-LOAN-17384,22.0,Mwanza,468584.34000935656,250000,23,0,8.399767566270627,0
TZ-LOAN-17385,48.0,Dodoma,838867.5098197507,1000000,19,0,9.76268533314651,0
TZ-LOAN-17386,42.0,Dodoma,384402.0703345819,250000,26,1,6.128037055113113,0
TZ-LOAN-17387,48.0,Mwanza,418208.9331040699,250000,26,0,,0
TZ-LOAN-17388,67.0,Arusha,43699.30373712699,250000,18,2,2.1415896646637984,1
TZ-LOAN-17389,37.0,Mbeya,700983.4133154448,1000000,29,0,17.108446078011657,0
TZ-LOAN-17390,61.0,Mbeya,601728.5185170204,500000,25,0,1.0706407078684514,0
TZ-LOAN-17391,34.0,Dodoma,,50000,20,2,3.0250045800657843,0
TZ-LOAN-17392,62.0,Dodoma,708139.6141301276,100000,21,0,2.0336565569451612,0
TZ-LOAN-17393,19.0,Mwanza,958121.0901932417,100000,22,0,1.1504524065964012,0
TZ-LOAN-17394,42.0,Mwanza,585329.616974315,250000,26,1,1.9543808864547425,0
TZ-LOAN-17395,30.0,Arusha,730450.0849465921,500000,19,0,1.0506348898279068,0
TZ-LOAN-17396,56.0,Dodoma,731993.3748755492,1000000,19,0,10.488164187096496,0
TZ-LOAN-17397,45.0,Mbeya,288701.0518463119,50000,26,0,0.9584865632518068,0
TZ-LOAN-17398,59.0,Mwanza,1266975.7462122787,50000,18,0,4.8847727587857745,0
TZ-LOAN-17399,23.0,Dar es Salaam,508745.05096331483,250000,26,0,14.263843640319571,0
TZ-LOAN-17400,20.0,Mbeya,846834.8605580812,250000,20,0,15.250489057301218,0
TZ-LOAN-17401,52.0,Dodoma,880764.5831687149,1000000,14,0,4.586764829767749,0
TZ-LOAN-17402,35.0,Mwanza,608121.4618652745,1000000,27,0,1.5796939536437635,0
TZ-LOAN-17403,28.0,Mwanza,832038.5075178904,1500000,21,0,1.4244153752960398,0
TZ-LOAN-17404,37.0,Dar es Salaam,723745.7665449168,1000000,29,0,6.881139579731359,0
TZ-LOAN-17405,22.0,Arusha,224708.0728317782,250000,17,1,19.74014888877533,1
TZ-LOAN-17406,36.0,Mbeya,550318.1896249736,500000,20,0,0.4038543329033992,0
TZ-LOAN-17407,39.0,Mwanza,466234.72929378145,250000,25,0,7.790601899130519,0
TZ-LOAN-17408,36.0,Arusha,511476.4875961619,250000,27,2,0.6561580789277461,0
TZ-LOAN-17409,64.0,Dar es Salaam,258799.04664900864,50000,30,0,1.7704296851076577,0
TZ-LOAN-17410,33.0,Dar es Salaam,987930.115023809,1000000,29,0,4.180743822334279,0
TZ-LOAN-17411,41.0,Mbeya,1130597.796384024,100000,19,0,1.7635903230577632,0
TZ-LOAN-17412,58.0,Mbeya,943400.8927995226,1000000,31,0,5.252843085942701,0
TZ-LOAN-17413,21.0,Mwanza,1031158.767244143,1500000,16,0,2.699520630684381,0
TZ-LOAN-17414,32.0,Mwanza,546609.5488975531,500000,18,0,1.2366288233678864,0
TZ-LOAN-17415,42.0,Mbeya,459122.9495041891,500000,22,2,3.7850243113868705,1
TZ-LOAN-17416,61.0,Mbeya,416423.88595648657,1000000,18,0,0.12151333583146043,0
TZ-LOAN-17417,52.0,Mwanza,843219.4768871667,1000000,21,0,6.756148861809495,0
TZ-LOAN-17418,31.0,Mwanza,718118.9159432449,250000,32,0,3.6937452578179055,0
TZ-LOAN-17419,66.0,Mwanza,626833.4865204723,100000,22,0,14.659124569811224,0
TZ-LOAN-17420,36.0,Dar es Salaam,1038544.5632586029,250000,25,0,0.5423236951099328,0
TZ-LOAN-17421,55.0,Dodoma,771482.4061446029,50000,24,0,6.589296672928473,0
TZ-LOAN-17422,53.0,Mbeya,398402.70874382457,50000,21,0,1.790167860522699,0
TZ-LOAN-17423,24.0,Dar es Salaam,445727.3512592916,500000,18,0,2.33522950495524,0
TZ-LOAN-17424,47.0,Mwanza,854597.9897762437,500000,13,2,2.1422875120302316,0
TZ-LOAN-17425,36.0,Dodoma,962519.855796379,100000,30,0,2.2160055792098925,0
TZ-LOAN-17426,66.0,Dodoma,815504.0696767909,500000,26,0,2.8179241101282155,0
TZ-LOAN-17427,42.0,Dar es Salaam,1219066.6243616245,1500000,22,0,0.10614295718603181,0
TZ-LOAN-17428,33.0,Arusha,1140502.1497194257,50000,25,1,9.37866354821735,0
TZ-LOAN-17429,64.0,Arusha,782310.7504552288,100000,28,1,10.676714243214409,0
TZ-LOAN-17430,57.0,Mwanza,398425.8021555493,50000,29,0,,0
TZ-LOAN-17431,68.0,Arusha,257003.7464804697,1000000,22,0,7.480617421653678,1
TZ-LOAN-17432,25.0,Mwanza,533785.4764955855,1000000,24,1,0.3750867490534083,1
TZ-LOAN-17433,35.0,Arusha,875964.0339248471,100000,22,2,8.246447678246156,0
TZ-LOAN-17434,45.0,Dar es Salaam,1197994.1237935815,250000,26,0,4.746494299491053,0
TZ-LOAN-17435,33.0,Dodoma,,1500000,24,1,1.8289587491216188,1
TZ-LOAN-17436,69.0,Mbeya,1000616.838269371,1500000,19,1,4.7580690401190475,0
TZ-LOAN-17437,150.0,Dodoma,576407.7541436593,500000,22,0,3.532642603151142,0
TZ-LOAN-17438,59.0,Arusha,836830.7375682651,100000,23,0,5.049640399371549,0
TZ-LOAN-17439,34.0,Dodoma,897007.0488431518,1500000,26,0,3.225327079074419,0
TZ-LOAN-17440,62.0,Arusha,56121.7172442415,500000,20,0,7.4112647719610045,1
TZ-LOAN-17441,30.0,Mwanza,525968.359287047,50000,25,0,0.2316310822233528,0
TZ-LOAN-17442,24.0,Mbeya,934910.1152833609,250000,21,2,2.110124656420867,0
TZ-LOAN-17443,44.0,Mwanza,732340.5006909695,500000,19,0,4.096804187201669,0
TZ-LOAN-17444,27.0,Mbeya,291045.4855547201,1000000,23,0,4.436609924571158,1
TZ-LOAN-17445,51.0,Mwanza,-79036.71271820692,1000000,25,0,0.9289075997490179,0
TZ-LOAN-17446,53.0,Mwanza,540265.7764093981,50000,36,0,0.3872656752601974,0
TZ-LOAN-17447,42.0,Dodoma,628524.2921318363,100000,26,0,0.10600899272989497,0
TZ-LOAN-17448,23.0,Mbeya,384823.11505149637,500000,26,0,2.6637683510886925,0
TZ-LOAN-17449,41.0,Dodoma,692925.4811083983,50000,21,0,2.005278046451631,0
TZ-LOAN-17450,35.0,Mwanza,-150000.0,1000000,28,0,4.1944266483006585,0
TZ-LOAN-17451,40.0,Dodoma,851206.1512178698,1000000,24,0,2.9847763592118373,0
TZ-LOAN-17452,23.0,Arusha,-56775.67747969669,1000000,26,1,2.50493800514481,0
TZ-LOAN-17453,46.0,Mwanza,255714.47065756394,250000,33,0,9.267767776325037,0
TZ-LOAN-17454,42.0,Arusha,558613.2054935794,250000,18,0,4.857909362806325,0
TZ-LOAN-17455,34.0,Mwanza,821651.939311239,1000000,34,0,5.193714777742221,0
TZ-LOAN-17456,63.0,Arusha,796770.2040650107,1500000,26,0,2.404929626758472,0
TZ-LOAN-17457,41.0,Arusha,791560.9843630027,100000,23,0,7.499428085436904,0
TZ-LOAN-17458,28.0,Mwanza,534974.6174093204,250000,29,0,0.824889582028902,0
TZ-LOAN-17459,43.0,Arusha,551709.9688070117,500000,40,0,2.570828724016559,0
TZ-LOAN-17460,68.0,Mbeya,431501.2194734778,250000,24,0,0.24161436844342393,0
TZ-LOAN-17461,51.0,Arusha,880458.2384317543,500000,26,0,0.6133097007568533,0
TZ-LOAN-17462,45.0,Mwanza,373853.36367812654,250000,24,0,0.42520762609432194,0
TZ-LOAN-17463,20.0,Mbeya,905010.9185568709,1000000,24,0,2.9119315496587532,0
TZ-LOAN-17464,28.0,Mbeya,712355.9714412938,500000,23,0,5.9754676641942375,0
TZ-LOAN-17465,55.0,Mbeya,636486.6564634539,100000,24,0,1.874898074818435,0
TZ-LOAN-17466,31.0,Dodoma,452986.88006706,250000,20,0,0.1348577282681971,0
TZ-LOAN-17467,68.0,Mbeya,243337.4416507621,250000,25,0,6.141470801272288,0
TZ-LOAN-17468,43.0,Dodoma,455704.1730865863,1000000,26,0,1.1623915948238532,0
TZ-LOAN-17469,65.0,Dar es Salaam,550997.9394125341,500000,21,0,6.412820248246939,0
TZ-LOAN-17470,38.0,Arusha,-60707.2934743755,1500000,12,0,0.0369090177828301,0
TZ-LOAN-17471,56.0,Dodoma,590793.4533996007,1000000,19,0,1.8723190239900411,0
TZ-LOAN-17472,47.0,Mwanza,927307.2104078017,500000,23,0,4.854140444523629,0
TZ-LOAN-17473,25.0,Mbeya,820165.3716301618,250000,21,0,10.24556160729828,0
TZ-LOAN-17474,68.0,Mwanza,-150000.0,250000,29,0,7.014730018415448,0
TZ-LOAN-17475,37.0,Mbeya,664080.8895245683,250000,34,1,2.9857291068744467,0
TZ-LOAN-17476,65.0,Mwanza,483150.6291734001,250000,26,1,6.33837709197352,0
TZ-LOAN-17477,49.0,Arusha,694628.2200007088,50000,32,0,3.8559912765229294,0
TZ-LOAN-17478,39.0,Arusha,1112032.3471232094,250000,20,0,8.393820877569421,0
TZ-LOAN-17479,24.0,Dar es Salaam,940549.6407874628,250000,22,0,7.393485947039541,0
TZ-LOAN-17480,26.0,Mwanza,806238.2917078258,1500000,19,0,18.61780359262289,1
TZ-LOAN-17481,62.0,Dar es Salaam,502134.52628488455,1500000,29,0,0.55431182468395,1
TZ-LOAN-17482,18.0,Mwanza,874981.5178834515,500000,26,1,2.08292027577865,0
TZ-LOAN-17483,46.0,Arusha,143936.9145880841,250000,22,3,1.0682983632742697,1
TZ-LOAN-17484,25.0,Dar es Salaam,574293.9554027328,250000,23,0,,0
TZ-LOAN-17485,21.0,Mbeya,825113.4259471849,500000,20,1,5.4536327832128375,0
TZ-LOAN-17486,52.0,Arusha,872126.3642143254,250000,30,0,1.139591435715058,0
TZ-LOAN-17487,20.0,Dodoma,850965.3470647223,250000,18,0,2.737038306690412,0
TZ-LOAN-17488,62.0,Arusha,738449.2067629084,1000000,16,0,4.608403942738645,0
TZ-LOAN-17489,57.0,Arusha,,50000,29,0,5.37867786250586,0
TZ-LOAN-17490,24.0,Dodoma,811392.7909479467,500000,27,2,0.5415297148239898,0
TZ-LOAN-17491,44.0,Mwanza,364141.68782410986,1000000,19,0,12.696148625884094,1
TZ-LOAN-17492,18.0,Dodoma,396596.821012025,1500000,25,0,0.17338744440936246,1
TZ-LOAN-17493,44.0,Mwanza,-150000.0,100000,13,1,18.048937416372755,0
TZ-LOAN-17494,33.0,Dar es Salaam,,100000,26,0,1.901369100985818,0
TZ-LOAN-17495,55.0,Dar es Salaam,102315.44643060607,1500000,21,0,1.901513561575171,1
TZ-LOAN-17496,24.0,Dar es Salaam,786543.9142848556,50000,27,0,2.9531875828670984,0
TZ-LOAN-17497,61.0,Dodoma,881818.513375818,100000,24,1,5.936534933812004,0
TZ-LOAN-17498,40.0,Mwanza,626814.4287601114,50000,22,1,0.8693971621858705,0
TZ-LOAN-17499,58.0,Mbeya,1362339.8849851978,100000,28,3,1.4717531563768116,0
TZ-LOAN-17500,28.0,Arusha,445119.46810544416,100000,34,0,16.294933693242292,0
TZ-LOAN-17501,59.0,Dodoma,541673.8509839391,1000000,34,0,10.471441804674338,0
TZ-LOAN-17502,50.0,Dar es Salaam,531479.9281618372,100000,24,0,1.193771873135118,0
TZ-LOAN-17503,67.0,Mbeya,627143.7166126948,1500000,27,0,4.254990232599959,0
TZ-LOAN-17504,53.0,Mwanza,551382.5561101127,50000,19,0,1.1382795241458192,0
TZ-LOAN-17505,54.0,Mwanza,227956.83661853848,250000,26,0,3.993219167428601,0
TZ-LOAN-17506,58.0,Mwanza,486035.5111290574,250000,28,0,2.27674404808447,0
TZ-LOAN-17507,34.0,Dodoma,,250000,27,0,2.250414769207196,0
TZ-LOAN-17508,52.0,Arusha,1018571.6246185992,50000,21,0,5.040246592052551,0
TZ-LOAN-17509,65.0,Arusha,-150000.0,50000,20,0,1.4506977690490206,0
TZ-LOAN-17510,22.0,Mbeya,1050642.1693551964,250000,28,1,2.5897514299753066,0
TZ-LOAN-17511,65.0,Dar es Salaam,417386.29109821806,1500000,29,0,12.968622301936676,1
TZ-LOAN-17512,49.0,Dar es Salaam,441257.11681215034,100000,25,0,7.039935774509591,0
TZ-LOAN-17513,20.0,Dar es Salaam,602201.4267471947,250000,29,2,2.4167287503249355,0
TZ-LOAN-17514,69.0,Dar es Salaam,,500000,24,0,1.3085245359972033,0
TZ-LOAN-17515,64.0,Mbeya,600372.784345432,50000,28,0,5.37953454367246,0
TZ-LOAN-17516,52.0,Mbeya,251747.7528387708,500000,22,0,8.2432249543262,0
TZ-LOAN-17517,69.0,Mwanza,499646.8589140895,500000,18,0,9.857949184468673,0
TZ-LOAN-17518,31.0,Dodoma,877116.8005458252,50000,24,0,4.153791905696229,0
TZ-LOAN-17519,65.0,Arusha,856982.083068826,250000,26,2,3.636621682212597,0
TZ-LOAN-17520,48.0,Mbeya,589935.0000525032,1500000,34,0,6.3584467628189545,1
TZ-LOAN-17521,48.0,Arusha,855024.4020680091,1000000,24,0,0.9665091014854397,0
TZ-LOAN-17522,34.0,Mwanza,-31951.660764049622,500000,26,0,9.557410992565694,0
TZ-LOAN-17523,41.0,Mwanza,681148.7705098093,250000,26,2,0.38399219602593915,0
TZ-LOAN-17524,69.0,Mbeya,908205.6264105891,1000000,15,0,4.619307851332395,0
TZ-LOAN-17525,40.0,Dar es Salaam,400141.0174536394,500000,22,0,4.454254359529857,0
TZ-LOAN-17526,35.0,Dodoma,399098.4390511136,250000,24,1,1.8604102392486765,0
TZ-LOAN-17527,67.0,Arusha,90065.55417095742,500000,23,1,0.18053468823453936,1
TZ-LOAN-17528,31.0,Arusha,1126968.6784432083,250000,22,0,6.326668514750093,0
TZ-LOAN-17529,67.0,Mwanza,433953.80689352995,1500000,20,0,0.12235556676961577,1
TZ-LOAN-17530,32.0,Arusha,722312.9833586335,100000,23,0,0.989887452803902,0
TZ-LOAN-17531,32.0,Dar es Salaam,831175.1124450124,100000,23,0,3.92890981975696,0
TZ-LOAN-17532,23.0,Mbeya,1103620.384742436,50000,20,1,14.065639772116539,0
TZ-LOAN-17533,44.0,Dodoma,603830.6678043094,1000000,30,0,0.3410382673940695,0
TZ-LOAN-17534,32.0,Dodoma,488171.06186647445,500000,17,0,4.323082418718802,0
TZ-LOAN-17535,67.0,Dar es Salaam,701920.294571166,500000,17,0,1.9941337157703325,0
TZ-LOAN-17536,53.0,Arusha,1035224.0829626861,250000,21,3,5.534502275904204,1
TZ-LOAN-17537,25.0,Dar es Salaam,598948.2405797648,1000000,31,1,15.278347334519115,1
TZ-LOAN-17538,32.0,Dodoma,363539.27552477707,500000,22,0,1.5639076626141868,0
TZ-LOAN-17539,20.0,Dar es Salaam,187772.65750539128,1000000,22,1,,1
TZ-LOAN-17540,64.0,Dodoma,283610.7846184324,1000000,24,1,10.225250852060814,1
TZ-LOAN-17541,30.0,Arusha,909317.4492219995,100000,24,0,4.670439783532614,0
TZ-LOAN-17542,58.0,Dodoma,553812.6571079566,500000,20,0,7.098980076001813,0
TZ-LOAN-17543,51.0,Dar es Salaam,467743.72702378687,500000,18,0,10.008256234743438,0
TZ-LOAN-17544,41.0,Mwanza,435209.8330448173,50000,30,0,8.134666133060623,0
TZ-LOAN-17545,57.0,Dodoma,675513.7580600545,1000000,28,0,1.9778784919171508,0
TZ-LOAN-17546,49.0,Mwanza,,250000,19,0,8.372658320860939,0
TZ-LOAN-17547,49.0,Mwanza,568060.3568842242,100000,26,2,1.8808824974121061,0
TZ-LOAN-17548,47.0,Mwanza,1054797.1783432218,50000,27,0,10.090012557774394,0
TZ-LOAN-17549,69.0,Dar es Salaam,1111404.88455849,100000,31,0,1.4749841384162932,0
TZ-LOAN-17550,66.0,Dar es Salaam,166993.49812730105,250000,34,1,4.24620876972357,0
TZ-LOAN-17551,30.0,Arusha,748277.8193428873,50000,31,0,5.903294237356707,0
TZ-LOAN-17552,18.0,Dodoma,416941.3704135823,100000,25,0,2.773811195009502,0
TZ-LOAN-17553,51.0,Mbeya,575524.6658416719,250000,23,0,7.638655919270093,0
TZ-LOAN-17554,32.0,Mwanza,742783.5155380083,1500000,29,0,12.975119304570013,0
TZ-LOAN-17555,61.0,Dodoma,586184.0249207242,50000,31,0,1.0305294384953743,0
TZ-LOAN-17556,31.0,Mwanza,,250000,24,0,0.1700732300260471,0
TZ-LOAN-17557,46.0,Arusha,,50000,27,1,4.924406148278438,0
TZ-LOAN-17558,51.0,Dar es Salaam,738373.0401620959,500000,25,0,4.6088644396520975,0
TZ-LOAN-17559,35.0,Mbeya,455949.10874971293,500000,26,0,2.0874692234052263,0
TZ-LOAN-17560,24.0,Dar es Salaam,461240.1179089028,100000,35,0,7.69636476183912,0
TZ-LOAN-17561,46.0,Arusha,218088.41101458936,1000000,18,2,8.747597804679115,1
TZ-LOAN-17562,48.0,Arusha,393823.9107437845,1500000,20,1,2.017228345112418,1
TZ-LOAN-17563,42.0,Mwanza,1238620.5085695586,1000000,36,0,5.732805902720621,0
TZ-LOAN-17564,55.0,Dar es Salaam,412398.9277714266,250000,24,0,5.136461637877358,0
TZ-LOAN-17565,31.0,Dar es Salaam,291986.35626685404,50000,30,0,2.0976490808612547,0
TZ-LOAN-17566,25.0,Mbeya,-150000.0,500000,33,0,17.392810083754828,0
TZ-LOAN-17567,44.0,Dodoma,616890.572212442,1000000,31,0,2.1263158992738225,0
TZ-LOAN-17568,19.0,Arusha,591322.0289452324,500000,25,0,4.841658677370431,0
TZ-LOAN-17569,34.0,Mwanza,1072713.789923627,1500000,17,0,2.391198565459262,0
TZ-LOAN-17570,54.0,Mbeya,814738.0026675095,250000,24,0,,0
TZ-LOAN-17571,31.0,Dar es Salaam,491002.1204889574,1500000,29,0,0.48056423049252184,1
TZ-LOAN-17572,42.0,Mwanza,522657.224722466,1500000,24,0,1.3218876056492934,1
TZ-LOAN-17573,47.0,Arusha,499224.0458282945,250000,29,0,8.361041633662886,0
TZ-LOAN-17574,46.0,Arusha,912421.8864740771,50000,27,1,2.9175627236385395,0
TZ-LOAN-17575,37.0,Dodoma,557555.7111640588,1500000,27,0,4.441234123741325,1
TZ-LOAN-17576,38.0,Dar es Salaam,112053.94926375488,1000000,22,0,14.399228295064997,1
TZ-LOAN-17577,39.0,Arusha,-150000.0,250000,23,0,0.7951176494049674,0
TZ-LOAN-17578,52.0,Mwanza,188892.1996616213,250000,22,0,9.895967669757548,0
TZ-LOAN-17579,54.0,Mwanza,1305269.1805264705,500000,33,0,2.3840215715650555,0
TZ-LOAN-17580,33.0,Mwanza,360299.6258458307,100000,17,1,2.0585226823237637,0
TZ-LOAN-17581,67.0,Dar es Salaam,601440.5703926808,1500000,22,0,4.911195110489313,1
TZ-LOAN-17582,66.0,Dar es Salaam,727460.820410341,1000000,31,0,11.445312215450334,0
TZ-LOAN-17583,60.0,Arusha,563402.551796231,50000,32,0,2.142665033066446,0
TZ-LOAN-17584,34.0,Dodoma,562990.8795601422,1500000,24,0,7.165006548394377,1
TZ-LOAN-17585,150.0,Dodoma,776548.1858482631,50000,26,1,0.09714811543504967,0
TZ-LOAN-17586,19.0,Dodoma,1107864.7876388836,500000,23,0,4.878898283455489,0
TZ-LOAN-17587,21.0,Mbeya,880252.7245451892,1500000,27,0,4.978816659846224,0
TZ-LOAN-17588,38.0,Dar es Salaam,1093554.1635720627,50000,27,0,4.060335163810652,0
TZ-LOAN-17589,56.0,Dar es Salaam,336014.26757194946,1500000,29,0,13.88882039755407,1
TZ-LOAN-17590,51.0,Arusha,745208.7899766084,250000,26,1,13.951017169493259,0
TZ-LOAN-17591,47.0,Mwanza,696573.8156174838,1500000,19,2,2.0932143494054185,1
TZ-LOAN-17592,23.0,Dar es Salaam,755327.3875030205,1000000,22,0,3.0473791892927964,0
TZ-LOAN-17593,34.0,Dodoma,1062869.5911906718,1500000,30,1,7.860121809412407,0
TZ-LOAN-17594,56.0,Mbeya,583763.2550623838,50000,23,0,9.28665744899556,0
TZ-LOAN-17595,42.0,Mwanza,528348.9900337737,1000000,29,0,2.7061561637527056,0
TZ-LOAN-17596,22.0,Mwanza,810194.2392255992,50000,26,0,2.146432434916086,0
TZ-LOAN-17597,22.0,Mbeya,116539.18173024582,100000,32,1,8.591147363696189,0
TZ-LOAN-17598,37.0,Mbeya,578944.3852633465,100000,19,0,2.3649964660117955,0
TZ-LOAN-17599,33.0,Dar es Salaam,609740.6932143641,1000000,27,0,2.5979209463404884,0
TZ-LOAN-17600,68.0,Mbeya,373892.4151079224,100000,32,0,0.7281958764724623,0
TZ-LOAN-17601,58.0,Arusha,967117.7034069732,100000,10,1,3.914802989368871,0
TZ-LOAN-17602,54.0,Mwanza,331327.9047970147,250000,28,0,1.9759508733711881,0
TZ-LOAN-17603,57.0,Mwanza,609238.0854908611,50000,20,0,4.46539521585567,0
TZ-LOAN-17604,26.0,Dodoma,737947.1675968905,100000,20,0,2.972930249266394,0
TZ-LOAN-17605,22.0,Dar es Salaam,1056035.4684428356,1000000,29,0,6.894339285240574,0
TZ-LOAN-17606,59.0,Dodoma,646833.069535744,250000,26,0,1.6270780406458334,0
TZ-LOAN-17607,19.0,Dar es Salaam,930846.0782384631,100000,22,0,0.9437079587778316,0
TZ-LOAN-17608,26.0,Dar es Salaam,860178.6191831382,1500000,23,0,6.069438318743716,0
TZ-LOAN-17609,60.0,Dar es Salaam,687037.2668507427,1000000,20,0,2.423574174772088,0
TZ-LOAN-17610,53.0,Arusha,323145.9775179634,50000,17,0,4.146021085823514,0
TZ-LOAN-17611,39.0,Mbeya,-150000.0,1500000,24,1,14.156917647538611,1
TZ-LOAN-17612,39.0,Mbeya,681951.620425756,100000,25,0,3.3091505470160087,0
TZ-LOAN-17613,39.0,Arusha,487190.9378292159,1000000,27,0,0.8266858335111077,0
TZ-LOAN-17614,51.0,Dodoma,925778.3275043876,1500000,28,0,2.7817613355032393,0
TZ-LOAN-17615,46.0,Dar es Salaam,873756.9554295733,1000000,30,0,3.2555270193726655,0
TZ-LOAN-17616,55.0,Arusha,594616.7016688851,500000,22,0,7.261709533374123,0
TZ-LOAN-17617,63.0,Dodoma,302686.1228176192,1500000,27,0,1.0857344333618058,1
TZ-LOAN-17618,50.0,Mbeya,803220.664882182,1000000,33,0,2.1301386408050056,0
TZ-LOAN-17619,35.0,Mwanza,344615.1661594549,1500000,27,0,0.2566155244980934,1
TZ-LOAN-17620,24.0,Dar es Salaam,422460.8231207405,500000,19,0,6.052938697707777,0
TZ-LOAN-17621,18.0,Dar es Salaam,356175.27853545366,50000,30,0,6.811567938884176,0
TZ-LOAN-17622,50.0,Dar es Salaam,608449.693418014,50000,42,1,3.0549922495008124,0
TZ-LOAN-17623,18.0,Mbeya,1001057.7002211685,250000,23,0,3.863860346523371,0
TZ-LOAN-17624,41.0,Dar es Salaam,648487.7389329413,1500000,12,0,6.927749955794372,1
TZ-LOAN-17625,21.0,Dar es Salaam,517034.3922716913,500000,21,0,1.5619332004733055,0
TZ-LOAN-17626,21.0,Mbeya,192315.52098642674,1000000,19,0,4.6692866997309,1
TZ-LOAN-17627,35.0,Arusha,815637.3754189529,250000,23,1,16.609992521328707,0
TZ-LOAN-17628,44.0,Dodoma,-150000.0,1500000,29,0,5.364252240682793,1
TZ-LOAN-17629,60.0,Mwanza,685255.285747429,250000,31,0,0.4066475835270206,0
TZ-LOAN-17630,49.0,Dodoma,543734.4152250078,1500000,28,1,,1
TZ-LOAN-17631,50.0,Mbeya,901453.1658798313,50000,20,0,3.660756285841647,0
TZ-LOAN-17632,45.0,Mbeya,602829.0823914343,1000000,30,0,0.37723308237826925,0
TZ-LOAN-17633,59.0,Dodoma,632322.0936430845,500000,20,3,5.64385995063296,1
TZ-LOAN-17634,58.0,Mbeya,795724.1442366379,50000,23,0,5.30964992380799,0
TZ-LOAN-17635,53.0,Mwanza,,250000,23,0,10.450437673578548,0
TZ-LOAN-17636,23.0,Dar es Salaam,916534.0791075663,100000,29,1,3.4656637848619285,0
TZ-LOAN-17637,33.0,Arusha,623418.1680954172,250000,30,0,5.8905271705985305,0
TZ-LOAN-17638,51.0,Mwanza,650959.3971845865,100000,31,1,1.0045760129710641,0
TZ-LOAN-17639,40.0,Mbeya,492542.1619026696,1500000,21,0,0.014369090759244588,1
TZ-LOAN-17640,67.0,Arusha,365001.2889440914,50000,35,1,0.9452446406500391,0
TZ-LOAN-17641,59.0,Dodoma,484174.7638801034,1500000,24,0,0.3211706949700032,1
TZ-LOAN-17642,41.0,Dar es Salaam,418355.3108864173,500000,25,0,2.790617227681115,0
TZ-LOAN-17643,66.0,Dodoma,846010.5151387657,1000000,29,0,3.15841067541438,0
TZ-LOAN-17644,30.0,Arusha,328641.5426393042,100000,22,0,5.170766162169114,0
TZ-LOAN-17645,35.0,Dar es Salaam,1049963.1684140132,1000000,23,0,0.7586040592062504,0
TZ-LOAN-17646,30.0,Dodoma,875613.9150856489,1500000,28,0,1.208549836710723,0
TZ-LOAN-17647,66.0,Arusha,656150.5188103005,50000,25,1,8.005517763430081,0
TZ-LOAN-17648,54.0,Dar es Salaam,650095.5834395204,50000,24,0,4.296274413312356,0
TZ-LOAN-17649,60.0,Mbeya,482815.60711563396,1500000,25,2,0.14901666815965575,1
TZ-LOAN-17650,56.0,Dar es Salaam,731025.3234043292,1500000,18,1,9.432703131637226,1
TZ-LOAN-17651,59.0,Arusha,976427.7389625767,50000,20,1,4.968635005595827,0
TZ-LOAN-17652,34.0,Mwanza,439053.0613232559,500000,30,1,1.0329018220409476,0
TZ-LOAN-17653,32.0,Arusha,189982.37332438084,100000,28,0,1.4522009712553465,0
TZ-LOAN-17654,35.0,Mwanza,860965.4764570232,1000000,18,0,4.0321103714114255,0
TZ-LOAN-17655,40.0,Dodoma,-150000.0,250000,28,1,4.114015394840179,0
TZ-LOAN-17656,68.0,Mbeya,313940.35956764617,1500000,29,0,8.1786184807116,1
TZ-LOAN-17657,47.0,Dar es Salaam,429982.5887257646,1500000,19,2,2.220374617239633,1
TZ-LOAN-17658,51.0,Arusha,392268.7177849578,50000,20,0,3.9848016539438613,0
TZ-LOAN-17659,21.0,Mbeya,432640.3192897253,1000000,31,0,4.367808526458699,0
TZ-LOAN-17660,20.0,Mwanza,552895.1737876437,1000000,19,0,4.089884629721001,0
TZ-LOAN-17661,24.0,Mwanza,570035.8087157758,500000,32,0,0.37850074701135683,0
TZ-LOAN-17662,35.0,Arusha,454761.9034794619,100000,17,0,2.648792579645223,0
TZ-LOAN-17663,59.0,Mwanza,422550.85415002157,500000,27,0,2.069130731547442,0
TZ-LOAN-17664,24.0,Mbeya,581364.6968241856,500000,30,1,24.65292171331463,0
TZ-LOAN-17665,57.0,Mbeya,700307.4604578684,1000000,26,1,3.1338819779138722,0
TZ-LOAN-17666,23.0,Mbeya,555111.0390905467,100000,31,0,2.8566647449864053,0
TZ-LOAN-17667,39.0,Arusha,997600.1070023905,100000,24,0,3.305216026537,0
TZ-LOAN-17668,18.0,Mwanza,802426.3143262359,100000,22,0,12.584004450923876,0
TZ-LOAN-17669,21.0,Mwanza,172746.24294239125,50000,29,1,4.726716689691237,0
TZ-LOAN-17670,63.0,Dodoma,807118.329624156,100000,27,0,2.464465120456469,0
TZ-LOAN-17671,66.0,Dar es Salaam,831663.1947756747,1000000,30,0,12.185007045278333,0
TZ-LOAN-17672,69.0,Dar es Salaam,519579.5095627426,50000,28,0,13.285094291758188,0
TZ-LOAN-17673,67.0,Mwanza,201440.7238090533,250000,11,0,1.5347508034808772,0
TZ-LOAN-17674,60.0,Mwanza,652420.0278233408,1500000,27,2,2.499396207680247,1
TZ-LOAN-17675,46.0,Mbeya,647687.4045553268,500000,27,1,16.974884353352024,0
TZ-LOAN-17676,38.0,Arusha,313506.1290400416,100000,28,0,3.8940557525029575,0
TZ-LOAN-17677,43.0,Mwanza,214634.2351220193,250000,22,0,2.8259257703100604,0
TZ-LOAN-17678,31.0,Dodoma,623733.9360639681,100000,23,0,1.0870782808291128,0
TZ-LOAN-17679,26.0,Dodoma,580076.8423847534,500000,29,0,2.426104857552285,0
TZ-LOAN-17680,64.0,Mwanza,524820.3904032819,1000000,27,0,4.98797473850254,0
TZ-LOAN-17681,29.0,Dar es Salaam,624976.7795760316,1000000,20,0,0.19734968746590933,0
TZ-LOAN-17682,59.0,Arusha,319167.0878539043,500000,22,2,0.4349093604681175,1
TZ-LOAN-17683,68.0,Dodoma,519553.8161401657,250000,37,1,0.02695454951005169,0
TZ-LOAN-17684,68.0,Mwanza,809997.5091843043,50000,26,1,1.2354354594371357,0
TZ-LOAN-17685,150.0,Mwanza,545008.9758946134,1500000,20,0,1.0105368502174898,1
TZ-LOAN-17686,37.0,Mbeya,148408.2584622344,1500000,18,0,9.512595367598424,1
TZ-LOAN-17687,41.0,Dodoma,508192.3166829285,1500000,28,0,1.0242963034063521,1
TZ-LOAN-17688,44.0,Mbeya,328952.4609479419,50000,26,0,5.411446569139754,0
TZ-LOAN-17689,55.0,Arusha,730140.8889385192,100000,20,1,0.6298524365409903,0
TZ-LOAN-17690,25.0,Arusha,745651.2210141276,500000,35,2,4.5015919856861135,0
TZ-LOAN-17691,18.0,Dodoma,152367.6124741907,500000,29,0,2.860138821448923,1
TZ-LOAN-17692,66.0,Mbeya,877703.8911746567,50000,30,0,2.6268892764016143,0
TZ-LOAN-17693,66.0,Dar es Salaam,316344.10961643246,250000,20,0,9.709258223645982,0
TZ-LOAN-17694,150.0,Mbeya,1117754.6871447053,1500000,29,0,0.9179285783251032,0
TZ-LOAN-17695,64.0,Dodoma,635367.120649815,500000,14,0,4.522035097041147,0
TZ-LOAN-17696,24.0,Dodoma,276081.9504382513,1000000,26,2,8.626041446147,1
TZ-LOAN-17697,36.0,Mbeya,307404.17879219557,1000000,19,0,6.257013863558817,1
TZ-LOAN-17698,39.0,Mwanza,754428.5875362034,500000,20,3,20.475470558819136,1
TZ-LOAN-17699,52.0,Mwanza,532610.0330304867,1500000,29,0,0.01054048472520392,1
TZ-LOAN-17700,47.0,Dar es Salaam,621003.8271145577,1500000,25,0,10.786337170595603,1
TZ-LOAN-17701,46.0,Dar es Salaam,1133834.0698091118,1500000,24,0,4.752487809167156,0
TZ-LOAN-17702,39.0,Dar es Salaam,440226.7807312774,250000,23,1,0.012438111111025307,0
TZ-LOAN-17703,28.0,Dodoma,667988.857308712,1000000,23,0,3.132059944729419,0
TZ-LOAN-17704,37.0,Dodoma,1075953.3462119158,250000,35,1,7.292978722915353,0
TZ-LOAN-17705,46.0,Mwanza,731154.04263992,50000,23,0,1.0078074862183728,0
TZ-LOAN-17706,68.0,Mbeya,168019.17939259822,100000,25,1,,0
TZ-LOAN-17707,58.0,Arusha,801616.7035196411,1500000,26,0,0.7521870314476102,0
TZ-LOAN-17708,59.0,Mbeya,301099.14266496676,50000,24,0,8.134254175886168,0
TZ-LOAN-17709,51.0,Mwanza,1072042.2586198896,100000,24,0,4.202014391262577,0
TZ-LOAN-17710,18.0,Mwanza,403139.71850060666,1000000,25,0,0.1723705743391154,0
TZ-LOAN-17711,48.0,Mwanza,1540852.8523236993,100000,32,0,0.4763672935984121,0
TZ-LOAN-17712,47.0,Mwanza,1090212.7964983035,100000,23,0,9.970543016935064,0
TZ-LOAN-17713,65.0,Dodoma,411016.2291116064,500000,28,1,0.16779124472189044,0
TZ-LOAN-17714,35.0,Dar es Salaam,656004.1415004832,100000,26,0,1.7729755336038826,0
TZ-LOAN-17715,34.0,Dar es Salaam,876093.2844900391,500000,17,0,4.184070393916778,0
TZ-LOAN-17716,55.0,Mbeya,885098.1422680123,100000,25,3,1.2004299641159513,0
TZ-LOAN-17717,31.0,Mbeya,782700.8779928591,500000,17,3,1.2695099310572944,1
TZ-LOAN-17718,40.0,Mwanza,1025647.7110898329,1000000,25,2,7.481305381911075,1
TZ-LOAN-17719,42.0,Mwanza,613109.3160096891,1000000,19,0,1.7194605699562027,0
TZ-LOAN-17720,32.0,Arusha,539984.69942719,100000,18,0,0.1967349429053278,0
TZ-LOAN-17721,63.0,Dar es Salaam,545940.8036226168,250000,27,0,6.384900758213683,0
TZ-LOAN-17722,39.0,Mwanza,907511.9695916382,1000000,36,0,15.435506570535455,0
TZ-LOAN-17723,20.0,Mbeya,759554.3120907939,50000,21,0,8.916991902039467,0
TZ-LOAN-17724,36.0,Mbeya,737385.0997070769,50000,26,0,3.97658650445079,0
TZ-LOAN-17725,61.0,Mbeya,888570.2747771547,500000,21,0,2.765915449967726,0
TZ-LOAN-17726,51.0,Arusha,,250000,21,0,12.962359362660026,1
TZ-LOAN-17727,52.0,Mwanza,743020.6471625451,1500000,16,0,,0
TZ-LOAN-17728,67.0,Mwanza,715570.6666621147,500000,28,0,,0
TZ-LOAN-17729,18.0,Mwanza,1150642.4243902115,100000,26,0,10.593919777992458,0
TZ-LOAN-17730,69.0,Arusha,191423.60532089992,1000000,18,0,,1
TZ-LOAN-17731,38.0,Mwanza,1117155.9897130274,250000,32,0,18.153933487161314,0
TZ-LOAN-17732,46.0,Dar es Salaam,,500000,24,0,9.769879691596863,0
TZ-LOAN-17733,23.0,Mwanza,796696.8591980136,500000,27,1,3.9974879377206802,0
TZ-LOAN-17734,54.0,Mwanza,1152775.636282813,50000,24,0,12.80912484224541,0
TZ-LOAN-17735,18.0,Mbeya,818228.3804016719,100000,27,0,2.0960883656614757,0
TZ-LOAN-17736,68.0,Mwanza,,500000,27,1,6.035338298221593,0
TZ-LOAN-17737,18.0,Dodoma,722687.3557406955,50000,21,0,0.9393381561900649,0
TZ-LOAN-17738,44.0,Arusha,504956.55950168695,250000,23,0,11.286381817498278,0
TZ-LOAN-17739,38.0,Mbeya,641453.2626468821,500000,28,0,1.425428229688802,0
TZ-LOAN-17740,33.0,Arusha,435346.17016317544,1500000,24,0,14.882836662062527,1
TZ-LOAN-17741,61.0,Dodoma,636629.9301723554,1500000,20,0,0.0856873424179746,0
TZ-LOAN-17742,57.0,Mbeya,-50779.209116528975,50000,22,0,5.725955621736336,0
TZ-LOAN-17743,43.0,Mbeya,778711.8702702646,1500000,25,0,0.8129250684155878,0
TZ-LOAN-17744,33.0,Dodoma,613478.8238649124,100000,17,0,7.3660517427961185,0
TZ-LOAN-17745,45.0,Dodoma,549138.8789999707,1000000,32,0,3.385443359796152,0
TZ-LOAN-17746,18.0,Dar es Salaam,715927.425182043,1500000,18,1,12.020335286726784,1
TZ-LOAN-17747,53.0,Mbeya,,250000,27,0,6.277544846537952,0
TZ-LOAN-17748,27.0,Arusha,1228780.9989863848,500000,16,0,7.310825339240907,0
TZ-LOAN-17749,60.0,Mwanza,,50000,30,1,0.6418912881906633,0
TZ-LOAN-17750,34.0,Dodoma,606246.6701083431,500000,23,0,0.5077345963311943,0
TZ-LOAN-17751,40.0,Dar es Salaam,360381.1369601233,1000000,20,0,9.50422474267395,1
TZ-LOAN-17752,24.0,Dodoma,657183.9147347783,500000,24,0,1.2794562815912836,0
TZ-LOAN-17753,61.0,Arusha,1066087.967081984,500000,19,0,10.084844242450233,0
TZ-LOAN-17754,24.0,Mwanza,960774.8628296102,50000,21,0,0.7688928806184039,0
TZ-LOAN-17755,61.0,Mwanza,,1000000,32,0,1.844108378865866,0
TZ-LOAN-17756,32.0,Dodoma,813919.6855001815,250000,23,0,13.207011432609896,0
TZ-LOAN-17757,51.0,Mwanza,542437.2417312171,50000,20,3,9.15409736862028,1
TZ-LOAN-17758,63.0,Mwanza,214951.04988898942,1000000,24,0,0.27884618722668886,1
TZ-LOAN-17759,62.0,Arusha,589688.3684400095,1000000,33,0,2.9719194868832566,0
TZ-LOAN-17760,21.0,Dodoma,579238.5606398969,500000,28,2,12.032391325503102,1
TZ-LOAN-17761,31.0,Dar es Salaam,964638.3319013723,100000,36,0,0.07433911233427734,0
TZ-LOAN-17762,31.0,Dar es Salaam,742817.1327379461,100000,20,0,0.5676326502865979,0
TZ-LOAN-17763,33.0,Mbeya,1133693.4583710644,250000,25,2,5.180947153294665,0
TZ-LOAN-17764,24.0,Arusha,1009246.5620114524,500000,19,0,0.5545655300990799,0
TZ-LOAN-17765,49.0,Dodoma,513051.31714877125,100000,31,0,2.9786347890450813,0
TZ-LOAN-17766,36.0,Mwanza,111461.2410140395,50000,27,0,3.544582139950445,0
TZ-LOAN-17767,19.0,Arusha,1065672.5701824443,250000,17,1,,0
TZ-LOAN-17768,27.0,Dodoma,1057815.5669692233,500000,12,0,15.778427813501867,0
TZ-LOAN-17769,67.0,Dodoma,240136.52272933215,1500000,33,0,3.589566195698695,1
TZ-LOAN-17770,34.0,Arusha,1102772.0059482502,50000,27,0,3.570427543992662,0
TZ-LOAN-17771,54.0,Arusha,764635.1511777553,100000,27,0,6.487670444006923,0
TZ-LOAN-17772,29.0,Arusha,698205.6494376959,100000,25,0,1.0691020895518102,0
TZ-LOAN-17773,23.0,Mbeya,1134434.9762741982,100000,33,0,14.13911544248698,0
TZ-LOAN-17774,39.0,Mwanza,1053405.5519691845,100000,14,0,0.005998218690308903,0
TZ-LOAN-17775,150.0,Arusha,,1000000,22,0,0.008977404920026006,0
TZ-LOAN-17776,58.0,Mbeya,791965.1197435949,1500000,32,0,4.913038992477158,0
TZ-LOAN-17777,37.0,Dar es Salaam,834918.2871591077,250000,21,0,2.0888375586120005,0
TZ-LOAN-17778,18.0,Mbeya,-150000.0,250000,30,0,2.538446405323689,0
TZ-LOAN-17779,64.0,Mwanza,633469.5650803037,100000,25,0,1.2515279600055376,0
TZ-LOAN-17780,23.0,Dar es Salaam,,250000,22,2,2.6195745582155245,0
TZ-LOAN-17781,36.0,Arusha,550088.0672783244,1500000,28,0,8.800814018071222,1
TZ-LOAN-17782,35.0,Arusha,540009.83639932,50000,26,0,6.00737044675133,0
TZ-LOAN-17783,23.0,Arusha,459408.3891135006,50000,31,0,0.49718909111267723,0
TZ-LOAN-17784,62.0,Arusha,691023.950794539,250000,30,0,0.29174770170326464,0
TZ-LOAN-17785,50.0,Dar es Salaam,552805.7447898268,100000,23,3,3.5280505813292202,0
TZ-LOAN-17786,40.0,Mbeya,800670.4161055922,500000,17,0,6.549648291871749,0
TZ-LOAN-17787,40.0,Mbeya,163303.8160118704,1500000,19,0,5.4605037108323895,1
TZ-LOAN-17788,43.0,Dodoma,615993.5617678101,100000,28,0,9.97972042565926,0
TZ-LOAN-17789,30.0,Mbeya,689465.4920532487,1000000,33,1,0.7151077984882199,0
TZ-LOAN-17790,24.0,Mbeya,556811.2280489358,500000,25,0,4.653883707503422,0
TZ-LOAN-17791,32.0,Mbeya,,1500000,23,1,7.262481668169425,1
TZ-LOAN-17792,61.0,Mbeya,174426.1967810428,1000000,18,0,13.890281252251924,1
TZ-LOAN-17793,44.0,Mbeya,756943.1314008476,250000,23,0,0.5317107497640915,0
TZ-LOAN-17794,43.0,Dar es Salaam,844281.7947701211,1000000,33,0,1.3698285382722037,0
TZ-LOAN-17795,50.0,Mwanza,798061.1882611301,250000,25,2,2.1893586210833185,0
TZ-LOAN-17796,32.0,Mwanza,961618.1178326549,1000000,19,0,3.8908074021126615,0
TZ-LOAN-17797,53.0,Dodoma,710458.8817347506,500000,28,0,2.6264164566698947,0
TZ-LOAN-17798,62.0,Mbeya,793604.3541952812,1000000,22,0,9.87062735959485,0
TZ-LOAN-17799,44.0,Arusha,696827.2215370557,100000,29,2,15.03163478587565,0
TZ-LOAN-17800,22.0,Mwanza,856265.2158777482,250000,28,0,0.3632763652421433,0
TZ-LOAN-17801,19.0,Arusha,176831.10916036338,50000,24,2,6.014544057962565,0
TZ-LOAN-17802,50.0,Dodoma,381925.70960659673,1000000,30,0,0.6067343107058718,0
TZ-LOAN-17803,33.0,Arusha,1126069.8971099274,250000,20,0,11.411714475188239,0
TZ-LOAN-17804,40.0,Mbeya,-88130.74662886153,50000,11,0,0.7663301929523663,0
TZ-LOAN-17805,55.0,Mbeya,,250000,26,0,23.845043192486465,0
TZ-LOAN-17806,33.0,Dar es Salaam,1001682.4878824204,250000,24,0,2.790898452510959,0
TZ-LOAN-17807,31.0,Mbeya,622021.8003374706,50000,30,0,2.405823475532211,0
TZ-LOAN-17808,46.0,Mwanza,528496.6785647908,50000,27,0,4.412835166080525,0
TZ-LOAN-17809,43.0,Mbeya,688826.5030445901,500000,27,0,2.507318224941181,0
TZ-LOAN-17810,52.0,Mbeya,544063.945999266,1500000,43,0,1.3373950559746248,0
TZ-LOAN-17811,32.0,Arusha,659254.8478270818,1000000,25,0,4.959705058788408,0
TZ-LOAN-17812,20.0,Dodoma,-150000.0,1000000,26,0,6.516454331790228,0
TZ-LOAN-17813,40.0,Mbeya,982602.3259867172,250000,22,0,14.53143311929762,0
TZ-LOAN-17814,46.0,Mwanza,1076979.4763196982,100000,20,2,2.630699856799914,0
TZ-LOAN-17815,51.0,Dodoma,609982.9033665132,100000,20,1,6.1170174080353785,0
TZ-LOAN-17816,50.0,Mbeya,234053.173792627,1500000,25,0,8.966909419414232,1
TZ-LOAN-17817,58.0,Dodoma,492847.0489059815,250000,26,0,8.900651233642495,0
TZ-LOAN-17818,58.0,Mwanza,594803.4019691107,500000,28,0,0.17435565220468296,0
TZ-LOAN-17819,40.0,Arusha,801661.6630709624,50000,22,0,2.197972118505282,0
TZ-LOAN-17820,24.0,Arusha,347596.0330487966,250000,22,0,0.06754599438044984,0
TZ-LOAN-17821,20.0,Dar es Salaam,419251.3044073548,1000000,23,0,4.094458230469757,1
TZ-LOAN-17822,49.0,Mwanza,803202.8413576422,100000,24,1,10.015752739706901,0
TZ-LOAN-17823,48.0,Mbeya,931672.6496118673,100000,23,0,8.43478245035924,0
TZ-LOAN-17824,35.0,Mbeya,463521.78644879477,100000,22,0,8.33664813524032,0
TZ-LOAN-17825,60.0,Dar es Salaam,250034.88381470123,500000,19,0,2.16805762447353,0
TZ-LOAN-17826,24.0,Mwanza,1635235.4603863652,1000000,24,0,0.23718608688291257,0
TZ-LOAN-17827,58.0,Dodoma,884991.2711266141,500000,30,0,0.9462337332402964,0
TZ-LOAN-17828,18.0,Dodoma,569898.8714698905,50000,28,0,5.553799247293728,0
TZ-LOAN-17829,31.0,Arusha,910709.3826592519,250000,19,0,0.7184442812793876,0
TZ-LOAN-17830,69.0,Dodoma,,250000,18,1,0.669533702457759,0
TZ-LOAN-17831,49.0,Dodoma,910147.066730056,100000,34,0,2.182265878460678,0
TZ-LOAN-17832,23.0,Mwanza,697817.9593328666,100000,26,1,0.49653232524169083,0
TZ-LOAN-17833,56.0,Mwanza,,50000,22,0,2.000777212909197,0
TZ-LOAN-17834,27.0,Dar es Salaam,615925.4395307634,500000,26,1,17.48182572263013,0
TZ-LOAN-17835,24.0,Mwanza,215785.59996107302,1500000,31,0,0.10076409783397841,1
TZ-LOAN-17836,43.0,Dar es Salaam,1231428.469817942,1500000,26,1,8.875774670092994,0
TZ-LOAN-17837,51.0,Dar es Salaam,367539.823919677,1500000,27,1,25.27423938081551,1
TZ-LOAN-17838,47.0,Mbeya,241992.92710682162,1000000,29,0,2.8670992845532584,1
TZ-LOAN-17839,53.0,Dodoma,586142.0351730898,50000,37,0,14.328379323506502,0
TZ-LOAN-17840,38.0,Mwanza,361558.455946848,250000,19,1,1.5132670518660825,0
TZ-LOAN-17841,34.0,Dar es Salaam,634486.1628319187,250000,15,0,20.17019089614642,0
TZ-LOAN-17842,50.0,Dodoma,856329.1545685306,500000,25,0,9.88627749061023,0
TZ-LOAN-17843,27.0,Mwanza,948590.8701587669,50000,36,1,10.800983884228186,0
TZ-LOAN-17844,68.0,Dodoma,894419.2164865045,1000000,26,0,0.6986002794470552,0
TZ-LOAN-17845,64.0,Dar es Salaam,558310.383564296,50000,28,0,10.203505405509803,0
TZ-LOAN-17846,59.0,Dodoma,664877.5482984758,50000,20,0,14.221325154979143,0
TZ-LOAN-17847,68.0,Arusha,-150000.0,500000,25,1,8.547616803780974,0
TZ-LOAN-17848,29.0,Dodoma,122663.77281737828,1000000,18,1,0.4790536531539319,1
TZ-LOAN-17849,33.0,Arusha,821175.4100359578,1500000,23,0,0.44293562954410276,0
TZ-LOAN-17850,58.0,Mwanza,212810.21372485056,250000,27,0,2.2127672322347376,0
TZ-LOAN-17851,49.0,Dar es Salaam,1262103.9796719467,100000,28,0,6.102639895792694,0
TZ-LOAN-17852,32.0,Dodoma,528645.4746074914,1500000,30,0,0.06265507201558829,1
TZ-LOAN-17853,44.0,Dodoma,594537.4468416226,1000000,33,0,15.04365660100281,0
TZ-LOAN-17854,45.0,Dodoma,419087.8702286434,250000,24,2,3.7269337295869276,0
TZ-LOAN-17855,34.0,Dar es Salaam,461008.9904432931,1500000,24,0,2.2187363621129177,1
TZ-LOAN-17856,63.0,Dodoma,1332228.070742972,500000,27,0,4.118887403591364,0
TZ-LOAN-17857,67.0,Mwanza,932110.9065869893,1000000,20,0,6.290142477204589,0
TZ-LOAN-17858,19.0,Mwanza,185239.26645564853,1000000,28,2,1.5960638237195304,1
TZ-LOAN-17859,53.0,Mwanza,1101263.8702055688,250000,13,0,1.7203708215656208,0
TZ-LOAN-17860,67.0,Mwanza,1007972.6825424295,250000,22,0,,0
TZ-LOAN-17861,24.0,Mbeya,565636.2613135135,50000,31,1,5.542263635185235,0
TZ-LOAN-17862,30.0,Mbeya,742009.0826089513,50000,33,0,6.127179741255889,0
TZ-LOAN-17863,32.0,Mwanza,645516.7761736778,1000000,38,0,1.958229962895361,0
TZ-LOAN-17864,42.0,Dodoma,1241773.9713340797,100000,21,0,1.9466663396342319,0
TZ-LOAN-17865,40.0,Mwanza,411112.9433023729,500000,19,0,3.3384571856334535,0
TZ-LOAN-17866,39.0,Mbeya,693803.1829327181,250000,24,0,3.9035757504496758,0
TZ-LOAN-17867,43.0,Mbeya,521556.4007021586,50000,20,0,5.240748118673167,0
TZ-LOAN-17868,50.0,Dar es Salaam,220087.87861464376,500000,22,0,4.807874817379592,0
TZ-LOAN-17869,28.0,Dar es Salaam,1307491.4765164962,1500000,24,0,2.3302005439570497,0
TZ-LOAN-17870,27.0,Dodoma,295530.0262692763,1500000,30,3,,1
TZ-LOAN-17871,42.0,Dar es Salaam,716038.7562463328,1000000,28,1,1.8402772210025358,0
TZ-LOAN-17872,54.0,Arusha,127789.8180858994,250000,21,0,5.183839340768966,0
TZ-LOAN-17873,65.0,Arusha,530278.838227072,1500000,30,2,2.838281230630275,1
TZ-LOAN-17874,60.0,Dar es Salaam,776590.6464300372,250000,18,3,0.7213693624084876,1
TZ-LOAN-17875,55.0,Arusha,402579.8061492912,50000,29,0,0.02970335007809148,0
TZ-LOAN-17876,58.0,Mbeya,826040.5552206965,1500000,34,0,0.1506332421165618,0
TZ-LOAN-17877,62.0,Mwanza,569287.6724335753,100000,24,2,10.106480077498174,0
TZ-LOAN-17878,41.0,Mwanza,998024.753719584,1500000,24,1,3.060852650784125,0
TZ-LOAN-17879,57.0,Arusha,,250000,24,0,5.35635550389017,0
TZ-LOAN-17880,63.0,Mbeya,473976.5717809965,100000,26,2,,0
TZ-LOAN-17881,50.0,Mbeya,673019.8578178871,500000,24,0,0.6749757688666584,0
TZ-LOAN-17882,34.0,Dar es Salaam,705036.2679416698,1500000,25,0,2.967558164958966,0
TZ-LOAN-17883,41.0,Mbeya,835804.7886304095,250000,21,0,3.872517219035289,0
TZ-LOAN-17884,54.0,Mbeya,654314.5988732798,1500000,21,0,9.211104724167434,1
TZ-LOAN-17885,19.0,Mbeya,707063.2878028527,1500000,23,0,25.3506723676634,1
TZ-LOAN-17886,49.0,Mwanza,576978.0575614641,250000,21,0,6.218395278738189,0
TZ-LOAN-17887,41.0,Arusha,684571.9600916055,100000,29,0,5.133795002292323,0
TZ-LOAN-17888,26.0,Dar es Salaam,1039382.0580605397,50000,28,0,12.64821456121519,0
TZ-LOAN-17889,21.0,Dar es Salaam,843824.9723635563,1500000,30,0,9.08172351113508,0
TZ-LOAN-17890,34.0,Dar es Salaam,860376.6918330106,1000000,19,0,10.014038494209306,0
TZ-LOAN-17891,34.0,Dodoma,866921.0972406735,500000,33,2,0.013546958798064456,0
TZ-LOAN-17892,67.0,Arusha,603857.3666356894,250000,18,0,3.612180638904279,0
TZ-LOAN-17893,65.0,Mwanza,745648.1130738591,1500000,34,0,7.633039327749583,0
TZ-LOAN-17894,47.0,Arusha,324447.8964992766,50000,23,0,1.0011474902606041,0
TZ-LOAN-17895,57.0,Dar es Salaam,1030642.2968950871,250000,26,2,6.96060233185765,0
TZ-LOAN-17896,28.0,Mwanza,-184888.12970296608,1500000,28,0,0.04601181909584387,0
TZ-LOAN-17897,38.0,Arusha,623855.4822993724,500000,19,0,4.280292007025361,0
TZ-LOAN-17898,38.0,Mbeya,992268.7931450822,1000000,24,1,9.530067744678313,0
TZ-LOAN-17899,35.0,Arusha,240839.61991119751,250000,28,0,2.822436306057339,0
TZ-LOAN-17900,46.0,Mbeya,769933.9752850553,1500000,26,0,6.724850995680764,0
TZ-LOAN-17901,41.0,Dar es Salaam,445770.0660262919,100000,25,0,3.779355890424227,0
TZ-LOAN-17902,27.0,Mbeya,539359.0204433394,50000,21,0,5.210559317230028,0
TZ-LOAN-17903,62.0,Dodoma,,1000000,27,0,3.6352565840450746,0
TZ-LOAN-17904,34.0,Mwanza,709417.0777655451,250000,37,0,3.229760422662755,0
TZ-LOAN-17905,35.0,Mbeya,,1500000,23,3,9.21399807135182,1
TZ-LOAN-17906,59.0,Mwanza,,1000000,26,3,0.48664860927626125,1
TZ-LOAN-17907,65.0,Mbeya,942600.7204666279,100000,22,3,4.393184176616616,0
TZ-LOAN-17908,37.0,Dar es Salaam,784682.8154578992,250000,22,0,0.6097675940845708,0
TZ-LOAN-17909,54.0,Arusha,1174440.6717572855,1000000,20,0,4.136913095062625,0
TZ-LOAN-17910,62.0,Mbeya,1154794.2782039891,250000,21,0,16.565388963568346,0
TZ-LOAN-17911,35.0,Dar es Salaam,547326.4609559624,250000,25,0,0.2939640490423845,0
TZ-LOAN-17912,34.0,Mbeya,1400971.3415208464,1000000,26,0,2.7409659030750175,0
TZ-LOAN-17913,26.0,Dodoma,657343.9009555732,250000,23,0,8.09671402856888,0
TZ-LOAN-17914,31.0,Mwanza,361199.43967729236,100000,21,0,2.3077300269171723,0
TZ-LOAN-17915,66.0,Mbeya,459908.0402268268,1000000,23,2,3.6731257786923828,1
TZ-LOAN-17916,46.0,Dar es Salaam,-27017.531586825615,1500000,25,0,0.6091876337485774,0
TZ-LOAN-17917,48.0,Dar es Salaam,1132105.7024747843,1000000,29,0,1.2620461919445958,0
TZ-LOAN-17918,21.0,Arusha,1128428.596713159,100000,21,0,5.798586841301233,0
TZ-LOAN-17919,35.0,Mwanza,345347.76835600374,100000,20,0,8.818413308854417,0
TZ-LOAN-17920,37.0,Arusha,581634.7134854282,100000,19,0,5.198741604163128,0
TZ-LOAN-17921,64.0,Mwanza,678682.2632337733,1500000,38,0,9.067598969863967,0
TZ-LOAN-17922,60.0,Mwanza,361894.08435736585,1500000,33,0,4.652676873577024,1
TZ-LOAN-17923,61.0,Mbeya,123469.39061865152,250000,22,0,8.309138220957466,0
TZ-LOAN-17924,26.0,Arusha,586892.7188669265,250000,22,2,20.339526190917347,1
TZ-LOAN-17925,30.0,Arusha,553676.171162226,500000,22,0,0.43228347684022694,0
TZ-LOAN-17926,32.0,Arusha,533476.6277033675,250000,23,1,3.26626453043966,0
TZ-LOAN-17927,44.0,Dar es Salaam,716814.8187802894,100000,25,2,1.0529426470938272,0
TZ-LOAN-17928,32.0,Dodoma,1078855.8975577976,500000,19,0,3.12957907580786,0
TZ-LOAN-17929,45.0,Mbeya,,100000,29,0,3.4616050579761906,0
TZ-LOAN-17930,54.0,Arusha,701132.8996164089,50000,38,0,4.863264205202685,0
TZ-LOAN-17931,36.0,Mwanza,868061.1571234808,1500000,23,0,,0
TZ-LOAN-17932,43.0,Mwanza,816242.8779538246,1000000,22,0,1.9630832294549403,0
TZ-LOAN-17933,69.0,Mbeya,465672.94266564737,50000,20,0,0.22063880124138868,0
TZ-LOAN-17934,43.0,Dar es Salaam,678913.1369342108,1500000,33,0,0.177066229081289,0
TZ-LOAN-17935,42.0,Arusha,814261.946050716,1500000,19,0,,0
TZ-LOAN-17936,43.0,Dodoma,311494.5987467667,100000,25,0,2.979979026907371,0
TZ-LOAN-17937,43.0,Dar es Salaam,-150000.0,250000,16,1,2.7022681198891574,0
TZ-LOAN-17938,63.0,Mbeya,1079476.6715642333,1000000,18,0,1.0579001734356799,0
TZ-LOAN-17939,45.0,Arusha,433165.92336665187,250000,19,0,8.639406286537042,0
TZ-LOAN-17940,66.0,Mbeya,708101.0055044506,250000,21,0,5.7520529474100215,0
TZ-LOAN-17941,35.0,Mbeya,842683.4770013095,1000000,27,1,2.101612027770231,0
TZ-LOAN-17942,49.0,Mbeya,486315.7531013742,1000000,30,1,7.971947352016273,1
TZ-LOAN-17943,20.0,Mbeya,794484.1537064284,50000,21,0,22.662343585319977,0
TZ-LOAN-17944,19.0,Dodoma,698976.6878876496,100000,37,0,1.405468608733487,0
TZ-LOAN-17945,50.0,Mbeya,209624.54670835973,250000,19,0,2.2517102032952683,0
TZ-LOAN-17946,59.0,Mwanza,787748.3947935675,100000,20,0,24.737071719269423,0
TZ-LOAN-17947,36.0,Mbeya,319957.2751186892,100000,19,0,0.741818947063507,0
TZ-LOAN-17948,34.0,Dodoma,931760.8554986141,500000,20,0,0.40164746197848356,0
TZ-LOAN-17949,61.0,Mbeya,,50000,20,0,3.680181136347571,0
TZ-LOAN-17950,50.0,Arusha,601614.3699016565,250000,32,1,3.1595934967412753,0
TZ-LOAN-17951,29.0,Dar es Salaam,1061683.6740339724,1500000,31,1,0.4076163953635442,0
TZ-LOAN-17952,66.0,Dodoma,798914.4939586535,1000000,19,0,1.7127052344180784,0
TZ-LOAN-17953,20.0,Arusha,326157.8241276364,1000000,27,3,2.7144775737018816,1
TZ-LOAN-17954,60.0,Dodoma,345525.0287602749,100000,33,0,8.635750359488576,0
TZ-LOAN-17955,66.0,Dar es Salaam,470209.16341288236,50000,22,0,6.152308696818705,0
TZ-LOAN-17956,43.0,Mwanza,768393.2250069998,50000,29,2,12.297752562573523,0
TZ-LOAN-17957,52.0,Dar es Salaam,757489.9444798304,250000,25,0,2.0210789713892665,0
TZ-LOAN-17958,25.0,Mwanza,397069.30860113923,250000,29,1,1.8508162497256595,0
TZ-LOAN-17959,69.0,Mbeya,,100000,26,0,3.1104780222276944,0
TZ-LOAN-17960,53.0,Arusha,734475.0215257503,100000,23,1,0.03778308175617485,0
TZ-LOAN-17961,24.0,Dodoma,595441.9802629515,100000,20,1,1.161678904011481,0
TZ-LOAN-17962,63.0,Mwanza,1297164.766234321,500000,20,0,,0
TZ-LOAN-17963,63.0,Dodoma,660981.0969689237,50000,32,0,0.3151784313827042,0
TZ-LOAN-17964,53.0,Dar es Salaam,1194275.8483100825,100000,16,2,3.0360465536653973,0
TZ-LOAN-17965,33.0,Mbeya,298884.92056869797,50000,24,0,11.796846400567201,0
TZ-LOAN-17966,41.0,Dar es Salaam,178036.11813148786,1500000,18,0,0.020192802765489137,1
TZ-LOAN-17967,18.0,Mwanza,313974.46024233964,1000000,22,0,4.949883709535539,1
TZ-LOAN-17968,66.0,Arusha,1006738.9344360399,1000000,25,0,10.57359127560276,0
TZ-LOAN-17969,42.0,Mwanza,1176830.4769080603,50000,19,2,0.5687620499996611,0
TZ-LOAN-17970,27.0,Mwanza,415346.1638142098,1500000,28,0,12.460156839786515,1
TZ-LOAN-17971,33.0,Dar es Salaam,511830.19107213273,1000000,31,0,8.533094400637763,0
TZ-LOAN-17972,33.0,Mwanza,299305.7269362501,1000000,22,0,1.2076282640013856,1
TZ-LOAN-17973,25.0,Arusha,106508.0458644838,1000000,21,0,11.787507641191802,1
TZ-LOAN-17974,46.0,Mbeya,865523.5093329889,250000,28,0,8.148605825406175,0
TZ-LOAN-17975,56.0,Dar es Salaam,716906.090888649,1500000,29,0,0.5904790705943361,0
TZ-LOAN-17976,45.0,Mwanza,653146.3948021627,250000,24,1,8.877446172021001,0
TZ-LOAN-17977,23.0,Dodoma,229983.038850986,50000,33,0,3.9064280206788853,0
TZ-LOAN-17978,33.0,Mbeya,1141987.004548598,50000,25,0,8.463008282636194,0
TZ-LOAN-17979,37.0,Dar es Salaam,498992.97858515807,500000,25,0,4.807290415682597,0
TZ-LOAN-17980,33.0,Arusha,810087.9274449428,250000,20,0,2.486726206242997,0
TZ-LOAN-17981,24.0,Arusha,213631.57842658268,50000,28,0,4.595729890219877,0
TZ-LOAN-17982,58.0,Mbeya,592842.4431139887,250000,24,0,5.055490374734108,0
TZ-LOAN-17983,31.0,Arusha,737412.3368715751,500000,33,0,,0
TZ-LOAN-17984,60.0,Dar es Salaam,748122.5654159923,50000,23,0,8.8798762463332,0
TZ-LOAN-17985,43.0,Dar es Salaam,696394.5629709875,50000,27,0,5.4414883715352484,0
TZ-LOAN-17986,43.0,Dar es Salaam,798356.7476146318,50000,22,0,22.852978686666784,0
TZ-LOAN-17987,31.0,Mwanza,,50000,20,0,7.537813440834328,0
TZ-LOAN-17988,24.0,Arusha,709211.781631898,100000,27,0,12.082409633303975,0
TZ-LOAN-17989,50.0,Mwanza,684127.3050440832,1500000,29,1,1.9245956488046103,1
TZ-LOAN-17990,43.0,Arusha,719501.8052585183,1500000,32,0,1.9006495986978837,0
TZ-LOAN-17991,62.0,Arusha,671703.5651957545,250000,24,0,2.24971165716667,0
TZ-LOAN-17992,37.0,Arusha,268036.1678259807,250000,21,0,2.8965599868279144,0
TZ-LOAN-17993,20.0,Dodoma,254660.07436730788,250000,26,0,,0
TZ-LOAN-17994,69.0,Mwanza,-14280.45576536539,500000,28,0,0.38187464911314895,0
TZ-LOAN-17995,21.0,Mbeya,895260.3529535893,100000,24,0,3.4501958740234024,0
TZ-LOAN-17996,43.0,Mwanza,898297.2529205596,250000,24,0,0.8786795788123132,0
TZ-LOAN-17997,28.0,Arusha,903065.0873666361,250000,29,0,8.32722109447306,0
TZ-LOAN-17998,19.0,Mbeya,742036.9887384356,50000,22,0,0.15819780785925264,0
TZ-LOAN-17999,31.0,Mbeya,10064.234684566734,50000,27,0,3.0361710570145184,1
TZ-LOAN-18000,61.0,Mbeya,341986.8524644202,50000,21,1,2.5104942563223225,0
TZ-LOAN-18001,47.0,Dodoma,701124.6252779335,250000,30,0,0.48355124222026646,0
TZ-LOAN-18002,66.0,Dar es Salaam,690655.4008375386,50000,23,1,2.3637886937231976,0
TZ-LOAN-18003,29.0,Arusha,583175.5360543936,250000,29,0,,0
TZ-LOAN-18004,43.0,Arusha,760675.160872474,500000,20,0,0.7394537155815567,0
TZ-LOAN-18005,61.0,Mwanza,653495.5123055737,500000,32,0,20.523719128668304,0
TZ-LOAN-18006,50.0,Mbeya,686231.1396654085,1000000,17,0,0.3011622021523133,0
TZ-LOAN-18007,30.0,Dodoma,458280.4001503951,100000,25,0,1.706137034824486,0
TZ-LOAN-18008,31.0,Mbeya,944603.2958364771,50000,21,0,7.456032979635868,0
TZ-LOAN-18009,41.0,Mwanza,520768.5173958848,1500000,25,0,2.2121079390560126,1
TZ-LOAN-18010,51.0,Dar es Salaam,250805.2750938121,50000,26,0,3.2730324294167086,0
TZ-LOAN-18011,61.0,Arusha,418700.2961543814,100000,29,1,1.0330211124162527,0
TZ-LOAN-18012,43.0,Mbeya,545460.1425914059,100000,28,0,6.28503775776553,0
TZ-LOAN-18013,38.0,Arusha,948200.8365106541,1000000,29,0,0.989460431326067,0
TZ-LOAN-18014,45.0,Mwanza,637319.6004695621,100000,31,0,9.443481059634031,0
TZ-LOAN-18015,65.0,Dar es Salaam,594155.5343103053,250000,23,1,3.8772071793683773,0
TZ-LOAN-18016,53.0,Dodoma,275400.9725712118,50000,18,0,3.972100630585013,0
TZ-LOAN-18017,57.0,Dar es Salaam,885644.776948873,100000,26,0,13.553638329725985,0
TZ-LOAN-18018,19.0,Dodoma,454414.3537929843,250000,27,2,7.414017084044473,0
TZ-LOAN-18019,59.0,Mbeya,619991.6423175993,100000,22,0,6.796110451654234,0
TZ-LOAN-18020,26.0,Dar es Salaam,1094054.9230645595,1500000,21,0,9.761055610169203,0
TZ-LOAN-18021,40.0,Mbeya,802628.9993147913,250000,30,0,0.4815484566760589,0
TZ-LOAN-18022,32.0,Dar es Salaam,161523.78568544768,500000,29,0,6.4739454713444236,1
TZ-LOAN-18023,30.0,Mbeya,119146.92909425835,250000,24,0,1.3276979375359415,0
TZ-LOAN-18024,40.0,Mwanza,630706.8649642261,1000000,25,0,1.6490964681342395,0
TZ-LOAN-18025,34.0,Mwanza,286177.8155375585,250000,26,0,,0
TZ-LOAN-18026,65.0,Dodoma,844564.0242898993,100000,30,1,11.208440811665357,0
TZ-LOAN-18027,19.0,Dar es Salaam,662678.9194894937,500000,26,0,6.718338276829173,0
TZ-LOAN-18028,37.0,Dar es Salaam,699615.4307071589,500000,25,0,0.7499715790624801,0
TZ-LOAN-18029,37.0,Dodoma,437977.0455072941,250000,29,1,1.9869133210422367,0
TZ-LOAN-18030,63.0,Mbeya,1172415.0965860118,100000,29,0,3.2689868696947237,0
TZ-LOAN-18031,20.0,Dar es Salaam,1502778.1184031377,500000,30,0,3.4052115277934054,0
TZ-LOAN-18032,29.0,Dodoma,566424.5828729856,1500000,22,0,4.527420926802613,1
TZ-LOAN-18033,57.0,Dodoma,755911.7745245002,250000,32,0,3.1950349545563084,0
TZ-LOAN-18034,19.0,Dar es Salaam,679225.2029192938,250000,24,0,5.229795345270559,0
TZ-LOAN-18035,53.0,Arusha,572093.9409676794,250000,22,0,10.765259399790972,0
TZ-LOAN-18036,31.0,Mbeya,400378.859680161,500000,22,0,2.538091822796069,0
TZ-LOAN-18037,33.0,Arusha,324509.60375585686,50000,29,0,10.466117161350152,0
TZ-LOAN-18038,36.0,Arusha,309320.8203423427,100000,21,0,1.2398088052205323,0
TZ-LOAN-18039,51.0,Mbeya,771572.0076647436,1000000,27,0,0.6470214616544794,0
TZ-LOAN-18040,61.0,Mwanza,494097.6565389094,1000000,26,0,1.3682469410571994,0
TZ-LOAN-18041,63.0,Dar es Salaam,-123487.85504215909,100000,24,0,1.1570925667751972,0
TZ-LOAN-18042,23.0,Dodoma,783457.4661794967,50000,17,0,,0
TZ-LOAN-18043,30.0,Dar es Salaam,638521.6152607532,100000,29,0,2.398684028068048,0
TZ-LOAN-18044,53.0,Arusha,1054001.900420344,250000,32,0,5.270201742613833,0
TZ-LOAN-18045,39.0,Mwanza,761936.7191273028,1500000,27,0,5.954503965983104,0
TZ-LOAN-18046,35.0,Mwanza,206397.9211069108,100000,17,0,2.94581566357866,0
TZ-LOAN-18047,29.0,Dar es Salaam,-18902.992218994303,100000,34,0,1.2652551143685253,0
TZ-LOAN-18048,69.0,Arusha,434158.2846986188,1500000,20,0,2.8821392276178974,1
TZ-LOAN-18049,47.0,Mbeya,462467.7737919042,500000,24,0,3.2099979038378534,0
TZ-LOAN-18050,68.0,Dodoma,932947.76030005,1000000,19,0,15.396405343268594,0
TZ-LOAN-18051,57.0,Mwanza,647338.720313128,1000000,26,0,4.203872478118922,0
TZ-LOAN-18052,24.0,Dodoma,990106.5494295526,250000,23,2,17.51160199788531,0
TZ-LOAN-18053,49.0,Arusha,252550.08328920958,1500000,24,0,4.29852006920173,1
TZ-LOAN-18054,65.0,Dar es Salaam,939579.3153141344,250000,26,0,0.783257445606374,0
TZ-LOAN-18055,36.0,Arusha,,500000,25,0,2.4255996406773725,0
TZ-LOAN-18056,23.0,Mwanza,44529.76657064108,250000,34,0,7.858623548515363,1
TZ-LOAN-18057,37.0,Dar es Salaam,1046785.3523782317,1500000,21,1,2.7376405398555725,0
TZ-LOAN-18058,44.0,Dodoma,678037.5475299058,1500000,22,0,0.5253241571148031,0
TZ-LOAN-18059,60.0,Mwanza,767613.3511605517,50000,23,1,0.5050508528859934,0
TZ-LOAN-18060,54.0,Dar es Salaam,390531.16627147316,500000,26,0,1.3529106081226376,0
TZ-LOAN-18061,65.0,Dar es Salaam,1032574.1038765917,1500000,30,1,4.159423750957648,0
TZ-LOAN-18062,24.0,Dodoma,294244.301228339,1500000,27,1,8.86434443858661,1
TZ-LOAN-18063,22.0,Arusha,899627.6055121839,500000,33,3,3.81476707979831,1
TZ-LOAN-18064,28.0,Arusha,896182.2427726013,100000,29,0,6.85368772509332,0
TZ-LOAN-18065,32.0,Arusha,357749.77154833334,100000,27,1,5.18654800473544,0
TZ-LOAN-18066,20.0,Mwanza,,50000,30,0,3.7127290930627153,0
TZ-LOAN-18067,22.0,Dar es Salaam,719458.5440652558,1500000,24,0,1.209134562598671,0
TZ-LOAN-18068,40.0,Mbeya,846167.7830813073,500000,27,0,10.7351144643797,0
TZ-LOAN-18069,54.0,Mbeya,191863.7613992733,500000,27,0,1.6128543298790947,1
TZ-LOAN-18070,26.0,Dodoma,,100000,19,0,1.4572453263789595,0
TZ-LOAN-18071,32.0,Dar es Salaam,282632.91793247306,1000000,22,2,1.4906666487334406,1
TZ-LOAN-18072,20.0,Mwanza,957465.9298297791,1000000,26,1,0.5028901187806526,0
TZ-LOAN-18073,46.0,Dar es Salaam,351568.4846204914,1500000,31,0,3.452294395459083,1
TZ-LOAN-18074,23.0,Dodoma,464303.3591456952,100000,24,0,1.9839910300331236,0
TZ-LOAN-18075,34.0,Mbeya,886626.2131656341,1500000,28,0,3.690115876620798,0
TZ-LOAN-18076,43.0,Mwanza,958265.8141025472,250000,30,0,3.0175871662551605,0
TZ-LOAN-18077,38.0,Mbeya,,500000,22,0,3.667677656176883,0
TZ-LOAN-18078,25.0,Arusha,977141.6507170981,1500000,21,0,1.7666409805302767,0
TZ-LOAN-18079,38.0,Dodoma,963494.1485399583,50000,23,2,8.440731448070004,0
TZ-LOAN-18080,28.0,Mbeya,368613.9773465323,1000000,17,0,3.8199194785154167,1
TZ-LOAN-18081,55.0,Mwanza,1129594.278077333,1500000,33,2,1.1687143113504237,1
TZ-LOAN-18082,25.0,Dar es Salaam,212942.7115255886,250000,33,0,11.603933725469275,0
TZ-LOAN-18083,59.0,Dodoma,462568.2251667154,500000,31,0,0.5796087867395304,0
TZ-LOAN-18084,41.0,Mbeya,793700.7872275966,250000,21,0,6.610676076585832,0
TZ-LOAN-18085,52.0,Arusha,393930.11458921805,1500000,24,0,5.672986326761892,1
TZ-LOAN-18086,31.0,Mbeya,729145.7257038023,500000,15,0,0.37824768954223187,0
TZ-LOAN-18087,31.0,Mwanza,722322.8236409886,500000,28,0,11.588880234723414,0
TZ-LOAN-18088,27.0,Arusha,593877.7190231838,100000,18,0,1.901271113478664,0
TZ-LOAN-18089,29.0,Arusha,899720.1615771679,100000,15,0,6.752609771476853,0
TZ-LOAN-18090,55.0,Dodoma,581491.7622027083,50000,21,2,1.6217412512854774,0
TZ-LOAN-18091,61.0,Mwanza,719462.3206441416,50000,24,1,3.7294891887411086,0
TZ-LOAN-18092,63.0,Mwanza,993941.5632463708,250000,27,0,17.937685488456196,0
TZ-LOAN-18093,51.0,Arusha,887205.8630077521,100000,27,0,4.71800659328813,0
TZ-LOAN-18094,58.0,Dar es Salaam,885805.1872442625,500000,17,0,1.757177479681594,0
TZ-LOAN-18095,27.0,Dar es Salaam,305246.11933496594,100000,27,0,3.0659268091683245,0
TZ-LOAN-18096,34.0,Dodoma,807437.7726503965,500000,24,1,5.635693903834845,0
TZ-LOAN-18097,34.0,Dodoma,386450.36270914855,100000,24,0,2.9456378772493523,0
TZ-LOAN-18098,20.0,Dodoma,265575.5060665921,500000,22,0,12.081488752505447,0
TZ-LOAN-18099,48.0,Dodoma,628488.0961145095,250000,22,0,10.104381741847781,0
TZ-LOAN-18100,68.0,Arusha,378711.44400452304,100000,16,0,0.7938661022272124,0
TZ-LOAN-18101,18.0,Dodoma,887185.3156519932,1000000,22,0,7.6842118865131015,0
TZ-LOAN-18102,29.0,Dar es Salaam,894360.6379085972,1000000,20,0,14.27245816485363,0
TZ-LOAN-18103,56.0,Mbeya,79212.12907056743,500000,33,0,1.905630285493369,1
TZ-LOAN-18104,21.0,Dar es Salaam,401509.238126933,250000,26,3,1.3604855169799506,1
TZ-LOAN-18105,59.0,Dodoma,212063.99842460034,500000,27,1,0.0481750717029666,1
TZ-LOAN-18106,30.0,Arusha,,250000,18,0,0.6145538752871095,0
TZ-LOAN-18107,51.0,Mwanza,786552.7009606473,50000,18,0,16.209835817437966,0
TZ-LOAN-18108,59.0,Mbeya,577313.5705464835,100000,25,0,2.4806837417858847,0
TZ-LOAN-18109,38.0,Mbeya,473072.22779985936,250000,27,1,2.44973829467639,0
TZ-LOAN-18110,39.0,Dodoma,1040052.9580439418,500000,35,0,1.5508581739994955,0
TZ-LOAN-18111,21.0,Dodoma,-41457.15177888656,50000,28,0,0.8959856785292059,0
TZ-LOAN-18112,35.0,Mbeya,1021061.5680554674,500000,26,1,3.554419663903628,0
TZ-LOAN-18113,22.0,Arusha,486713.5120533543,1000000,35,0,6.422077314839293,0
TZ-LOAN-18114,36.0,Mbeya,626567.2969661631,1000000,30,0,4.001383339643218,0
TZ-LOAN-18115,19.0,Arusha,491790.9986839674,100000,22,0,0.18046926654407225,0
TZ-LOAN-18116,29.0,Dar es Salaam,1112866.4316617355,1500000,29,0,8.134691803469568,0
TZ-LOAN-18117,34.0,Dodoma,280706.45095842215,100000,21,0,13.411484782316208,0
TZ-LOAN-18118,27.0,Arusha,653520.9109165807,50000,30,0,2.9024573654678116,0
TZ-LOAN-18119,51.0,Mbeya,,1000000,32,0,2.2821966312376247,0
TZ-LOAN-18120,23.0,Dar es Salaam,166699.16963444976,250000,21,0,1.3058759271253264,0
TZ-LOAN-18121,25.0,Mbeya,374030.5488661539,1000000,30,1,1.7967518831477147,1
TZ-LOAN-18122,68.0,Dar es Salaam,,1500000,30,0,5.1704119133204625,0
TZ-LOAN-18123,28.0,Mwanza,384000.4895946876,100000,14,0,7.351557552531157,0
TZ-LOAN-18124,29.0,Dar es Salaam,405322.468634255,500000,13,0,2.0189505810582706,0
TZ-LOAN-18125,26.0,Arusha,545041.2010770688,50000,23,0,2.075097708782864,0
TZ-LOAN-18126,19.0,Mwanza,844874.3994938519,1500000,18,0,2.9992070384830445,0
TZ-LOAN-18127,25.0,Dar es Salaam,547184.6669365567,1000000,30,0,0.9328695854984315,0
TZ-LOAN-18128,150.0,Dar es Salaam,973527.858341884,250000,20,1,13.100759025325235,0
TZ-LOAN-18129,53.0,Arusha,350672.66520219354,1500000,22,0,6.111635568413993,1
TZ-LOAN-18130,27.0,Dodoma,274423.3218579642,250000,31,0,2.8421273952030535,0
TZ-LOAN-18131,38.0,Dodoma,1227903.62171634,250000,15,0,0.652095557649369,0
TZ-LOAN-18132,37.0,Dodoma,452612.56170034665,50000,20,0,9.446603996267829,0
TZ-LOAN-18133,65.0,Mwanza,256726.39787835203,250000,17,0,3.3054753583578322,0
TZ-LOAN-18134,25.0,Dodoma,127383.81746845087,250000,13,2,7.969862702237879,1
TZ-LOAN-18135,53.0,Mwanza,,1000000,21,0,0.16982201265471752,0
TZ-LOAN-18136,46.0,Dodoma,547608.6456019823,50000,26,0,1.5986446311100233,0
TZ-LOAN-18137,59.0,Arusha,573887.0794800804,500000,25,0,4.8655671724492295,0
TZ-LOAN-18138,29.0,Mwanza,602239.4865240081,500000,25,1,3.346404509644063,0
TZ-LOAN-18139,31.0,Dodoma,953882.8654009344,250000,24,1,1.7482978890140788,0
TZ-LOAN-18140,65.0,Mbeya,596141.0498072238,1500000,31,0,1.1227867354871037,0
TZ-LOAN-18141,67.0,Dodoma,1353216.1336497879,100000,31,0,1.7963438761371855,0
TZ-LOAN-18142,38.0,Mbeya,690128.1722162687,50000,26,1,6.780560336871245,0
TZ-LOAN-18143,39.0,Mbeya,968535.4300874963,100000,24,0,1.0149117461105974,0
TZ-LOAN-18144,38.0,Dar es Salaam,891571.957371322,50000,26,0,4.504710727428108,0
TZ-LOAN-18145,61.0,Dodoma,639065.8039225887,50000,35,0,2.755468315619444,0
TZ-LOAN-18146,67.0,Dar es Salaam,473908.704193861,1000000,32,0,,0
TZ-LOAN-18147,47.0,Dar es Salaam,749589.1785699661,250000,29,0,1.125843769634975,0
TZ-LOAN-18148,56.0,Mwanza,803029.6193621819,1000000,24,2,1.5741672977127044,1
TZ-LOAN-18149,37.0,Mbeya,478224.1855620418,1500000,22,2,2.5432028296299425,1
TZ-LOAN-18150,41.0,Dar es Salaam,699901.6597851968,100000,27,1,0.9110614660535689,0
TZ-LOAN-18151,40.0,Dodoma,1020861.4934778789,100000,27,0,3.092005658589203,0
TZ-LOAN-18152,24.0,Arusha,-150000.0,500000,29,0,2.6897065009788585,0
TZ-LOAN-18153,26.0,Dodoma,906310.7961048264,1500000,23,0,23.068807065965032,1
TZ-LOAN-18154,18.0,Mbeya,1208827.9059140845,1500000,25,0,4.505332421394423,0
TZ-LOAN-18155,43.0,Mwanza,461187.7366380633,1000000,29,0,0.35996196228007155,0
TZ-LOAN-18156,55.0,Dodoma,860564.6756177882,1000000,21,1,3.0803904255412666,0
TZ-LOAN-18157,55.0,Dodoma,1051555.8525743817,1500000,34,0,10.539268074949977,0
TZ-LOAN-18158,61.0,Dar es Salaam,381100.00010840123,1000000,28,0,10.078301062794143,1
TZ-LOAN-18159,39.0,Dodoma,,500000,20,2,16.32528209270991,1
TZ-LOAN-18160,61.0,Mbeya,1171371.428550575,1000000,22,1,11.232482746597636,0
TZ-LOAN-18161,27.0,Arusha,357470.343263918,1000000,20,0,0.9697426533160416,1
TZ-LOAN-18162,23.0,Dar es Salaam,247660.99020328675,1500000,24,0,0.01788331566857457,1
TZ-LOAN-18163,34.0,Dodoma,1108394.4720918534,1500000,28,2,4.788854939433503,1
TZ-LOAN-18164,68.0,Arusha,1009028.9674941315,1000000,21,0,6.060770346302657,0
TZ-LOAN-18165,67.0,Dodoma,779636.0731951308,1000000,25,0,0.7032815735406142,0
TZ-LOAN-18166,55.0,Mwanza,636286.7736062518,1500000,28,1,0.9126196815456582,1
TZ-LOAN-18167,41.0,Mbeya,518442.6483185054,100000,18,0,16.49454395516582,0
TZ-LOAN-18168,68.0,Mwanza,734584.6621427153,250000,33,0,14.397152093323001,0
TZ-LOAN-18169,27.0,Dar es Salaam,1123942.0872204648,100000,28,0,0.8537728574505404,0
TZ-LOAN-18170,25.0,Arusha,721569.8378426228,1000000,18,0,1.4185060614462641,0
TZ-LOAN-18171,38.0,Mwanza,1300087.7801740896,50000,26,2,11.133385160880515,0
TZ-LOAN-18172,23.0,Dodoma,380617.40430793085,50000,24,1,2.854588718583181,0
TZ-LOAN-18173,38.0,Mwanza,644095.7737015192,500000,25,0,7.999235900978533,0
TZ-LOAN-18174,56.0,Arusha,538082.3997008253,100000,27,0,2.520789767164077,0
TZ-LOAN-18175,41.0,Dodoma,324457.53705130017,1500000,30,2,6.666288327552799,1
TZ-LOAN-18176,50.0,Dar es Salaam,604074.8800971034,500000,29,0,2.5277462007433815,0
TZ-LOAN-18177,35.0,Mwanza,775198.7904981319,500000,26,0,11.472047766130656,0
TZ-LOAN-18178,45.0,Mbeya,807269.053985609,50000,20,0,1.9694568080325383,0
TZ-LOAN-18179,69.0,Arusha,1301135.6536833667,100000,22,0,3.702432374689138,0
TZ-LOAN-18180,49.0,Mbeya,789340.240917068,250000,21,0,3.6881701176967403,0
TZ-LOAN-18181,29.0,Dodoma,995041.0411038848,1500000,27,0,5.233013399770872,0
TZ-LOAN-18182,65.0,Mbeya,669828.2738896927,100000,25,0,1.8314626865529688,0
TZ-LOAN-18183,59.0,Arusha,1153416.6801357786,500000,23,0,5.1453449451824005,0
TZ-LOAN-18184,44.0,Arusha,1369534.7856764207,1000000,35,0,0.7601402849386127,0
TZ-LOAN-18185,27.0,Mbeya,809325.5392927849,500000,26,1,11.20338404475276,0
TZ-LOAN-18186,63.0,Mbeya,352202.29536452563,100000,25,0,0.7784379788285855,0
TZ-LOAN-18187,69.0,Dodoma,485358.4931668495,50000,23,0,9.172132535796392,0
TZ-LOAN-18188,59.0,Mbeya,734580.2909615487,100000,28,0,5.90694979220299,0
TZ-LOAN-18189,49.0,Arusha,786949.4105751938,250000,22,0,2.085667644484634,0
TZ-LOAN-18190,59.0,Mbeya,859527.5403153116,1500000,27,1,1.9832694898886696,0
TZ-LOAN-18191,43.0,Dar es Salaam,788059.3043690124,1500000,25,0,16.913606710977866,0
TZ-LOAN-18192,42.0,Arusha,652095.4748767816,1000000,24,0,1.0844647741870763,0
TZ-LOAN-18193,28.0,Arusha,459140.4676393614,1000000,23,0,6.417944613104719,0
TZ-LOAN-18194,40.0,Dodoma,770341.4783792689,500000,32,0,1.0147583093462977,0
TZ-LOAN-18195,51.0,Dodoma,1206496.207244197,100000,20,0,11.790357970912515,0
TZ-LOAN-18196,69.0,Mwanza,955978.5816283264,1500000,25,0,6.772796534457125,0
TZ-LOAN-18197,57.0,Dodoma,810411.1848908594,50000,27,0,13.493323553206997,0
TZ-LOAN-18198,40.0,Dar es Salaam,958870.0771468254,250000,27,0,10.564276583809406,0
TZ-LOAN-18199,46.0,Dodoma,538680.7913297443,500000,33,1,3.9869736193716516,0
TZ-LOAN-18200,48.0,Mwanza,497520.4561750039,100000,23,0,0.825724278706918,0
TZ-LOAN-18201,24.0,Arusha,425664.4686902054,50000,28,0,1.2516714198669499,0
TZ-LOAN-18202,57.0,Dodoma,612414.0131691686,100000,25,1,1.1270923965871407,0
TZ-LOAN-18203,50.0,Mwanza,523398.23098727595,50000,26,0,1.2464074694105112,0
TZ-LOAN-18204,38.0,Dodoma,1012482.4221956418,100000,22,0,3.235271301813966,0
TZ-LOAN-18205,19.0,Dodoma,507402.9746953433,100000,17,0,10.116949959050427,0
TZ-LOAN-18206,35.0,Arusha,409183.4851325251,1500000,25,0,0.11692968430765499,1
TZ-LOAN-18207,64.0,Mwanza,,500000,20,0,1.3621968848186232,0
TZ-LOAN-18208,50.0,Dodoma,514587.43067559693,100000,37,1,4.541649779263313,0
TZ-LOAN-18209,54.0,Arusha,696058.5371751053,100000,20,0,10.024397666940509,0
TZ-LOAN-18210,51.0,Mwanza,785396.8474230235,500000,32,0,1.7654097952607137,0
TZ-LOAN-18211,37.0,Mbeya,308992.06432375545,500000,20,0,2.4106009696800985,0
TZ-LOAN-18212,52.0,Mwanza,1020645.1308509207,1000000,27,0,2.3374372650853354,0
TZ-LOAN-18213,68.0,Dodoma,841135.7121233683,1000000,29,3,1.7385311520005706,1
TZ-LOAN-18214,67.0,Dodoma,1117515.2035642345,1500000,24,0,5.999283560485629,0
TZ-LOAN-18215,35.0,Mwanza,,500000,22,0,5.332875845365876,0
TZ-LOAN-18216,63.0,Arusha,679737.737742848,250000,23,0,9.266313328462594,0
TZ-LOAN-18217,41.0,Mwanza,661806.7264982586,1500000,25,0,12.479476836143773,1
TZ-LOAN-18218,25.0,Dodoma,729166.5483050066,50000,23,2,11.536772145700105,0
TZ-LOAN-18219,47.0,Dodoma,213615.5754268517,500000,27,0,3.8843924910119103,0
TZ-LOAN-18220,61.0,Dar es Salaam,683250.9136076667,1000000,26,0,1.0271165712390384,0
TZ-LOAN-18221,27.0,Arusha,222060.82657287642,100000,21,1,1.256185331974675,0
TZ-LOAN-18222,40.0,Dar es Salaam,757500.2213590764,500000,28,0,4.461086657962868,0
TZ-LOAN-18223,69.0,Dodoma,11405.262644444127,500000,24,1,12.529518872098354,1
TZ-LOAN-18224,66.0,Arusha,94523.94971282408,1000000,22,0,3.7797047693016133,1
TZ-LOAN-18225,28.0,Arusha,,1000000,20,0,13.723198386796195,0
TZ-LOAN-18226,19.0,Arusha,485948.46344156517,250000,25,1,1.5207514472385844,0
TZ-LOAN-18227,43.0,Mwanza,353642.57791032776,1500000,20,2,0.451520931275708,1
TZ-LOAN-18228,53.0,Mwanza,1031253.6863226644,1000000,24,0,7.955299292982936,0
TZ-LOAN-18229,50.0,Dodoma,748287.8651985244,1000000,21,0,10.57569933733588,0
TZ-LOAN-18230,64.0,Arusha,911627.0586601351,1000000,24,0,2.971772237508218,0
TZ-LOAN-18231,30.0,Arusha,600127.3783037509,1500000,27,0,0.5404000377303388,0
TZ-LOAN-18232,57.0,Arusha,1453888.6081700008,100000,26,0,0.21624601471434884,0
TZ-LOAN-18233,42.0,Mwanza,468645.8418320615,500000,30,0,0.32300149840689657,0
TZ-LOAN-18234,21.0,Dodoma,1173348.6648079664,500000,27,1,2.8911921102668927,0
TZ-LOAN-18235,59.0,Arusha,631590.1879700262,1000000,17,0,1.3381881624214789,0
TZ-LOAN-18236,36.0,Arusha,153646.88152617618,1500000,33,1,3.098770229628368,1
TZ-LOAN-18237,35.0,Mbeya,794854.6237244325,250000,28,0,3.3519358538474258,0
TZ-LOAN-18238,54.0,Dar es Salaam,744428.7684365491,1000000,24,0,3.0633030300529125,0
TZ-LOAN-18239,47.0,Mwanza,334603.45572823106,1500000,29,0,4.836899274880993,1
TZ-LOAN-18240,36.0,Mbeya,373334.2168595856,1500000,26,0,5.687864228624039,1
TZ-LOAN-18241,40.0,Dodoma,642590.7070745024,250000,32,2,2.520453404058776,0
TZ-LOAN-18242,150.0,Dar es Salaam,754924.3445743944,1500000,23,1,2.0551406063231394,1
TZ-LOAN-18243,18.0,Dodoma,-91198.98486382025,500000,34,1,2.297505151133292,0
TZ-LOAN-18244,29.0,Mwanza,965936.4357571409,250000,21,1,0.36382952752246367,0
TZ-LOAN-18245,41.0,Dodoma,501650.6078555067,250000,28,0,1.9403176351970588,0
TZ-LOAN-18246,51.0,Arusha,250475.7546805471,50000,22,0,1.1151718249796057,0
TZ-LOAN-18247,25.0,Arusha,932319.9654355792,250000,15,0,1.7183717529108213,0
TZ-LOAN-18248,35.0,Dodoma,642914.606174463,250000,23,0,6.265764484920621,0
TZ-LOAN-18249,65.0,Dodoma,1014849.7330346763,100000,27,0,22.343779934021804,0
TZ-LOAN-18250,22.0,Dodoma,,500000,30,1,12.855785785805987,0
TZ-LOAN-18251,43.0,Dodoma,,1000000,21,0,8.61934483239961,0
TZ-LOAN-18252,47.0,Arusha,604181.0165059532,50000,38,0,6.6817541540871765,0
TZ-LOAN-18253,30.0,Mbeya,794813.8281668413,250000,20,1,14.496445424783872,0
TZ-LOAN-18254,36.0,Mbeya,525940.622357201,100000,34,0,6.972476400661876,0
TZ-LOAN-18255,46.0,Dodoma,394228.2233760501,100000,29,0,3.1834058084579957,0
TZ-LOAN-18256,20.0,Dodoma,832972.7367963932,1500000,23,3,4.598506778687986,1
TZ-LOAN-18257,43.0,Dar es Salaam,606653.6475666711,1000000,16,0,1.8248676326920181,0
TZ-LOAN-18258,57.0,Dodoma,660070.2944207018,1000000,23,0,0.016569112182427785,0
TZ-LOAN-18259,29.0,Mbeya,976813.9508463823,500000,25,2,2.181783599441485,0
TZ-LOAN-18260,19.0,Mwanza,615837.0176792777,1500000,28,0,2.5945397531108965,0
TZ-LOAN-18261,28.0,Mwanza,654510.1776625372,250000,21,1,6.604259198349083,0
TZ-LOAN-18262,61.0,Dodoma,470105.14656472043,100000,18,0,9.802802355127401,0
TZ-LOAN-18263,45.0,Dodoma,779221.9801945552,50000,19,0,16.437743452466353,0
TZ-LOAN-18264,35.0,Mwanza,,500000,25,0,,0
TZ-LOAN-18265,30.0,Dar es Salaam,920232.5395371674,250000,24,1,15.779145559903672,0
TZ-LOAN-18266,54.0,Mbeya,476261.34889793716,1500000,18,1,8.031852027578335,1
TZ-LOAN-18267,39.0,Dodoma,,1000000,26,1,0.15665039547191825,1
TZ-LOAN-18268,29.0,Dodoma,887641.2197436409,1500000,20,0,4.522562430666144,0
TZ-LOAN-18269,19.0,Dar es Salaam,725663.901008859,250000,29,0,2.2757074975336926,0
TZ-LOAN-18270,54.0,Mbeya,378134.56214219163,1500000,25,0,0.1730152431025076,1
TZ-LOAN-18271,24.0,Dodoma,1041966.2203203503,1000000,18,0,3.791128788059896,0
TZ-LOAN-18272,43.0,Mbeya,140464.82947992475,250000,28,2,4.395180434565146,1
TZ-LOAN-18273,43.0,Mbeya,885285.4259791255,50000,23,0,1.4533042218321728,0
TZ-LOAN-18274,41.0,Mwanza,270436.389200541,500000,29,0,14.057042858446584,0
TZ-LOAN-18275,29.0,Dodoma,1215736.554945658,1500000,17,0,4.713869646763065,0
TZ-LOAN-18276,33.0,Mwanza,186620.081928313,1000000,33,0,0.967703200291387,1
TZ-LOAN-18277,40.0,Mbeya,995675.1955618246,50000,22,0,6.387322814571473,0
TZ-LOAN-18278,57.0,Dodoma,625509.6919966268,100000,20,0,3.4571388343384917,0
TZ-LOAN-18279,26.0,Arusha,540019.2290483768,50000,28,0,3.2049946902173545,0
TZ-LOAN-18280,49.0,Arusha,,50000,25,1,8.994925439771844,0
TZ-LOAN-18281,32.0,Dar es Salaam,839570.1017473439,50000,32,0,0.7435430648653785,0
TZ-LOAN-18282,54.0,Mwanza,378679.8493007391,1000000,18,1,3.37640604049731,1
TZ-LOAN-18283,30.0,Mbeya,405263.68244942836,100000,23,0,7.588010958260298,0
TZ-LOAN-18284,22.0,Arusha,844881.4595338658,500000,23,0,5.399763908590386,0
TZ-LOAN-18285,28.0,Dodoma,137797.11390512006,50000,27,0,0.027141821994840918,0
TZ-LOAN-18286,27.0,Mbeya,474731.27204237436,1000000,30,3,7.742904050435055,1
TZ-LOAN-18287,69.0,Dar es Salaam,1562206.0862478323,1000000,17,1,14.47237315110748,0
TZ-LOAN-18288,30.0,Mbeya,359596.11062321573,500000,18,0,6.098289792614007,0
TZ-LOAN-18289,58.0,Dar es Salaam,994340.8375279258,250000,29,0,10.433375198080434,0
TZ-LOAN-18290,63.0,Mbeya,474214.76938585634,100000,25,0,2.237781092461069,0
TZ-LOAN-18291,67.0,Dodoma,802713.5434391431,100000,23,0,2.1585563173795657,0
TZ-LOAN-18292,32.0,Mwanza,846306.7071788652,1500000,21,3,1.9346732870590087,1
TZ-LOAN-18293,59.0,Arusha,988687.0205548842,50000,24,0,6.639550448271513,0
TZ-LOAN-18294,24.0,Mbeya,589923.8519561673,250000,18,0,14.24225049609575,0
TZ-LOAN-18295,57.0,Mbeya,1246665.3916264558,100000,36,0,10.831571026012007,0
TZ-LOAN-18296,45.0,Dodoma,473199.0306244459,1500000,33,1,0.8138530453799607,1
TZ-LOAN-18297,49.0,Dodoma,720266.124079868,50000,20,0,4.918937922606245,0
TZ-LOAN-18298,52.0,Arusha,723583.0796652823,250000,29,0,27.555424090446078,0
TZ-LOAN-18299,32.0,Mbeya,313409.5640151754,1000000,31,0,1.7504009534934815,1
TZ-LOAN-18300,65.0,Dodoma,564238.3235062638,50000,28,0,5.036342454859543,0
TZ-LOAN-18301,53.0,Mwanza,698454.0497715222,250000,17,0,11.855595538965755,0
TZ-LOAN-18302,38.0,Dar es Salaam,520363.6870611741,500000,30,0,11.490383361604739,0
TZ-LOAN-18303,23.0,Dar es Salaam,1382277.1896369606,100000,19,0,1.9391718517181764,0
TZ-LOAN-18304,18.0,Dodoma,398412.89792014076,50000,29,1,0.4931655051103276,0
TZ-LOAN-18305,21.0,Arusha,1003827.3404421284,1500000,26,0,5.192418371392419,0
TZ-LOAN-18306,28.0,Dodoma,906937.9439446359,1000000,27,0,14.68425154776575,0
TZ-LOAN-18307,61.0,Dodoma,645841.3596487186,1500000,23,3,3.5462174478984365,1
TZ-LOAN-18308,43.0,Dar es Salaam,390437.2838443259,50000,34,0,3.0597478045938513,0
TZ-LOAN-18309,54.0,Dodoma,419523.403882469,100000,23,0,9.97360553538037,0
TZ-LOAN-18310,40.0,Arusha,494609.8102350471,100000,23,0,2.763420281866282,0
TZ-LOAN-18311,46.0,Dar es Salaam,114277.61541612109,250000,19,3,5.711703518900953,1
TZ-LOAN-18312,38.0,Dar es Salaam,348960.37226021284,1500000,22,0,2.4603657591871664,1
TZ-LOAN-18313,65.0,Dar es Salaam,205257.0453909072,1500000,27,1,2.3671473968600285,1
TZ-LOAN-18314,62.0,Mwanza,1053762.500953315,1000000,25,0,1.040089892010523,0
TZ-LOAN-18315,62.0,Mbeya,,250000,30,0,0.46305332055426496,0
TZ-LOAN-18316,66.0,Dodoma,885792.2296596381,1000000,25,1,10.821106547243478,0
TZ-LOAN-18317,44.0,Mwanza,826649.5854625843,50000,27,0,0.9996981840848889,0
TZ-LOAN-18318,56.0,Dodoma,700090.2870002489,50000,17,0,0.32119097619244363,0
TZ-LOAN-18319,57.0,Arusha,,1500000,21,0,4.3650561050512495,0
TZ-LOAN-18320,30.0,Mbeya,,250000,31,0,3.948254593248404,0
TZ-LOAN-18321,40.0,Dodoma,682000.8966101134,500000,24,0,4.19383331238136,0
TZ-LOAN-18322,33.0,Dodoma,874117.6483472369,100000,20,0,3.1565448358116406,0
TZ-LOAN-18323,47.0,Mbeya,253637.23044316127,250000,23,0,0.7653850034077275,0
TZ-LOAN-18324,21.0,Arusha,1578976.6688427648,250000,24,0,0.1056832323288575,0
TZ-LOAN-18325,57.0,Arusha,658569.7288332758,50000,18,0,0.2376279383454739,0
TZ-LOAN-18326,33.0,Dodoma,692596.8351726779,100000,33,2,14.336444274315221,0
TZ-LOAN-18327,48.0,Mbeya,1027063.4095024765,250000,14,0,3.794878092826108,0
TZ-LOAN-18328,59.0,Dar es Salaam,924486.5999030671,50000,28,0,2.5518031218356874,0
TZ-LOAN-18329,42.0,Dar es Salaam,661423.4058189377,50000,28,0,2.64521797380002,0
TZ-LOAN-18330,61.0,Mwanza,689038.8314294126,1500000,13,0,5.280571510995661,1
TZ-LOAN-18331,29.0,Mbeya,-150000.0,1500000,26,0,2.363338093336794,1
TZ-LOAN-18332,43.0,Arusha,483060.2666450072,250000,25,0,7.959440734150894,0
TZ-LOAN-18333,54.0,Mwanza,805163.0648476881,250000,17,0,1.505139784664398,0
TZ-LOAN-18334,65.0,Arusha,783167.851712866,50000,39,0,2.288471539605265,0
TZ-LOAN-18335,50.0,Mwanza,1016349.7250012261,1500000,25,2,13.666595104566868,1
TZ-LOAN-18336,45.0,Arusha,,250000,25,0,1.5074425489479095,0
TZ-LOAN-18337,26.0,Dodoma,233814.0459707401,100000,28,0,5.417424888512823,0
TZ-LOAN-18338,29.0,Arusha,967019.1292327035,50000,21,0,2.267245286251476,0
TZ-LOAN-18339,22.0,Mbeya,1080826.8038546047,50000,35,0,3.185697664585901,0
TZ-LOAN-18340,69.0,Mwanza,,250000,32,0,0.23120558052602422,0
TZ-LOAN-18341,45.0,Dar es Salaam,600909.8987427526,250000,27,0,0.9150122828088529,0
TZ-LOAN-18342,52.0,Dodoma,963315.8155629737,250000,21,0,0.5374404653908607,0
TZ-LOAN-18343,22.0,Arusha,1678673.1434024642,100000,26,0,9.312470460486345,0
TZ-LOAN-18344,51.0,Dar es Salaam,684545.6943321427,50000,26,0,,0
TZ-LOAN-18345,63.0,Mwanza,256478.99232646264,500000,26,0,0.3519761340293126,0
TZ-LOAN-18346,51.0,Dodoma,474114.48513435444,100000,20,0,0.3997948111202626,0
TZ-LOAN-18347,30.0,Dodoma,837642.8000912153,100000,20,0,4.016696101684033,0
TZ-LOAN-18348,56.0,Dodoma,168558.70673058118,1500000,21,0,3.5062488379521053,1
TZ-LOAN-18349,59.0,Dar es Salaam,700820.9224736209,50000,27,0,5.2572906355279,0
TZ-LOAN-18350,62.0,Mwanza,764100.9950947649,500000,19,0,6.6743162555811475,0
TZ-LOAN-18351,65.0,Arusha,1110536.5219437955,50000,29,1,7.978154982668975,0
TZ-LOAN-18352,31.0,Mwanza,1043058.45681629,100000,24,0,0.8072056717269462,0
TZ-LOAN-18353,28.0,Dodoma,909375.4375255313,250000,29,1,0.19285041632900762,0
TZ-LOAN-18354,59.0,Mwanza,1196.2968456411036,50000,18,0,10.998286941001572,1
TZ-LOAN-18355,55.0,Arusha,926315.9384143776,50000,22,0,,0
TZ-LOAN-18356,21.0,Mwanza,861654.0158180739,250000,27,0,17.744600964035378,0
TZ-LOAN-18357,50.0,Dodoma,,500000,24,0,3.80466267696836,0
TZ-LOAN-18358,24.0,Dodoma,,500000,22,0,3.567028789035074,1
TZ-LOAN-18359,58.0,Arusha,416967.8272438819,50000,26,0,4.877276710692453,0
TZ-LOAN-18360,25.0,Mbeya,299953.1691397801,250000,24,0,0.932515324886307,0
TZ-LOAN-18361,54.0,Mwanza,45497.46814787283,1500000,28,0,1.4654198827545675,1
TZ-LOAN-18362,68.0,Dodoma,649125.4545755617,50000,24,1,11.81201837156457,0
TZ-LOAN-18363,27.0,Mwanza,410653.36356716615,250000,16,0,1.1933660101369998,0
TZ-LOAN-18364,60.0,Arusha,1437591.6740806736,100000,22,0,1.3261522481652936,0
TZ-LOAN-18365,32.0,Dar es Salaam,599368.4181686272,1500000,21,1,3.5665878367013777,1
TZ-LOAN-18366,55.0,Dar es Salaam,1038125.9467597881,250000,17,0,5.124272885202922,0
TZ-LOAN-18367,32.0,Dodoma,179270.29259203264,50000,23,0,0.004521376742411631,0
TZ-LOAN-18368,22.0,Arusha,490973.12419853907,1000000,21,0,3.051215381477765,0
TZ-LOAN-18369,46.0,Arusha,679069.3628102944,500000,25,0,2.5459109211037956,0
TZ-LOAN-18370,36.0,Mwanza,377553.8154176989,50000,29,0,10.03538831375546,0
TZ-LOAN-18371,68.0,Dodoma,523339.7945585767,250000,26,0,9.153462090489942,0
TZ-LOAN-18372,27.0,Dar es Salaam,584614.7281269383,1500000,29,0,11.81823243886836,1
TZ-LOAN-18373,29.0,Arusha,579827.6043665317,1500000,17,0,9.227403084030925,1
TZ-LOAN-18374,21.0,Arusha,1206535.571910604,250000,18,0,7.725544651956703,0
TZ-LOAN-18375,48.0,Dar es Salaam,,500000,22,0,9.795152860680686,0
TZ-LOAN-18376,35.0,Mwanza,793853.168882391,50000,17,0,0.9606870215211881,0
TZ-LOAN-18377,33.0,Mwanza,811896.4323035211,1500000,20,0,2.084013873842563,0
TZ-LOAN-18378,57.0,Mwanza,833787.9132011337,1500000,27,0,5.754029809321658,0
TZ-LOAN-18379,53.0,Mwanza,625133.9048375404,1000000,27,0,12.828260328424799,0
TZ-LOAN-18380,42.0,Dodoma,553776.0885563461,100000,26,1,5.496694253111018,0
TZ-LOAN-18381,40.0,Mwanza,700044.8178554833,1000000,31,0,1.1656468730806304,0
TZ-LOAN-18382,29.0,Mwanza,997041.1846740418,100000,25,0,14.471754062983928,0
TZ-LOAN-18383,51.0,Dodoma,987871.4565309151,1500000,23,0,7.14270776904139,0
TZ-LOAN-18384,53.0,Arusha,577880.4572934767,100000,20,0,6.3034875521141585,0
TZ-LOAN-18385,54.0,Mbeya,880353.1084004334,50000,26,0,7.188077591291283,0
TZ-LOAN-18386,20.0,Mwanza,591624.6010880996,1500000,20,3,5.381486025433347,1
TZ-LOAN-18387,26.0,Mbeya,660161.1648305733,1500000,21,0,0.11180365946949254,0
TZ-LOAN-18388,35.0,Dar es Salaam,507942.9855337408,100000,23,0,1.4625904667968306,0
TZ-LOAN-18389,60.0,Mbeya,595506.45832813,250000,22,0,15.683235997156189,0
TZ-LOAN-18390,52.0,Dar es Salaam,1052399.020864904,100000,30,0,1.7026321795907076,0
TZ-LOAN-18391,51.0,Mbeya,677726.3442017708,100000,25,0,7.383863822645389,0
TZ-LOAN-18392,58.0,Mwanza,690584.7525656953,500000,28,0,2.7624409893952158,0
TZ-LOAN-18393,31.0,Mbeya,215834.6662226125,500000,27,1,11.90423155093077,1
TZ-LOAN-18394,21.0,Arusha,557226.8277101811,50000,29,0,4.078484658863928,0
TZ-LOAN-18395,46.0,Mbeya,577605.5288765813,50000,34,1,4.996812988162889,0
TZ-LOAN-18396,58.0,Dar es Salaam,401256.9543669785,250000,28,0,1.3697188331503325,0
TZ-LOAN-18397,62.0,Arusha,656499.6235110691,500000,23,0,0.29622097195378094,0
TZ-LOAN-18398,67.0,Mbeya,521245.3129317037,1000000,34,0,7.064347739649843,0
TZ-LOAN-18399,32.0,Dar es Salaam,673998.7565730746,50000,24,0,0.35019900465354814,0
TZ-LOAN-18400,45.0,Dar es Salaam,686450.9029456803,50000,32,1,6.397042490724272,0
TZ-LOAN-18401,59.0,Mwanza,363273.6926532067,500000,22,1,4.053945827892716,0
TZ-LOAN-18402,33.0,Dar es Salaam,530389.4652550432,500000,20,0,8.574650877097106,0
TZ-LOAN-18403,29.0,Arusha,673212.2848282501,250000,23,0,1.1519303852204896,0
TZ-LOAN-18404,69.0,Dodoma,1005289.8293470177,500000,30,3,3.8992979777639194,1
TZ-LOAN-18405,22.0,Dar es Salaam,,100000,21,0,4.7618100839939395,0
TZ-LOAN-18406,51.0,Arusha,451419.44602477166,1500000,12,0,0.3860134356156427,1
TZ-LOAN-18407,59.0,Dodoma,769701.4277731557,1000000,28,1,6.715038163172676,0
TZ-LOAN-18408,18.0,Mbeya,1162264.6667965283,1500000,25,0,2.463532482223983,0
TZ-LOAN-18409,56.0,Dar es Salaam,925011.9417767056,100000,23,0,0.6900733626330957,0
TZ-LOAN-18410,49.0,Mwanza,814257.959130686,100000,32,0,2.4474813786052243,0
TZ-LOAN-18411,43.0,Mbeya,,1500000,36,0,0.5173752808080384,0
TZ-LOAN-18412,34.0,Mwanza,1081986.2124285894,100000,24,0,10.94609780243071,0
TZ-LOAN-18413,65.0,Arusha,972688.038205298,50000,18,0,3.0510194249147244,0
TZ-LOAN-18414,44.0,Arusha,820028.1143352974,1500000,21,0,0.7426628171756723,0
TZ-LOAN-18415,41.0,Dodoma,,100000,18,2,1.4524011029488482,0
TZ-LOAN-18416,52.0,Mwanza,325504.67112078174,50000,25,0,6.448545034685017,0
TZ-LOAN-18417,63.0,Arusha,199320.42429791566,500000,22,1,7.710956724998094,1
TZ-LOAN-18418,59.0,Mwanza,697129.595193149,1000000,25,0,0.21097090251384398,0
TZ-LOAN-18419,56.0,Arusha,670604.2128951615,1000000,21,0,0.3087398644575601,0
TZ-LOAN-18420,43.0,Mwanza,486826.9839460227,100000,27,0,12.455740710548366,0
TZ-LOAN-18421,66.0,Dodoma,897755.8009483129,1000000,19,0,2.009723270095429,0
TZ-LOAN-18422,55.0,Mbeya,91140.92406462925,50000,18,0,1.0741650701250924,0
TZ-LOAN-18423,40.0,Dar es Salaam,489568.3231826589,500000,23,0,0.6565700168407793,0
TZ-LOAN-18424,39.0,Arusha,504513.3365367155,100000,26,0,3.2309122462951754,0
TZ-LOAN-18425,21.0,Mwanza,159109.46447016217,250000,29,0,7.371317043112006,0
TZ-LOAN-18426,66.0,Arusha,1098419.3021807913,1500000,23,0,3.681502865414332,0
TZ-LOAN-18427,26.0,Arusha,242239.61940100312,1000000,26,1,0.10445185946128194,1
TZ-LOAN-18428,21.0,Dar es Salaam,473497.98280769424,1000000,20,0,3.3073217801432993,0
TZ-LOAN-18429,24.0,Dodoma,922393.9273415401,100000,22,1,1.8673406548281153,0
TZ-LOAN-18430,40.0,Dar es Salaam,843813.6030286194,1500000,21,0,5.742046728128677,0
TZ-LOAN-18431,19.0,Mbeya,317547.59105457604,1500000,30,0,,1
TZ-LOAN-18432,66.0,Mbeya,,1000000,31,2,16.81043384415905,1
TZ-LOAN-18433,41.0,Mbeya,,1000000,27,0,4.558558085666587,0
TZ-LOAN-18434,57.0,Mbeya,1349910.66863344,250000,25,0,5.0049008438157365,0
TZ-LOAN-18435,48.0,Mbeya,771182.1248204913,1500000,24,0,3.672250342606524,0
TZ-LOAN-18436,64.0,Mwanza,607627.4536794404,50000,18,0,1.8626098606938466,0
TZ-LOAN-18437,48.0,Arusha,393049.4128641732,100000,26,0,4.9794188001423585,0
TZ-LOAN-18438,64.0,Mwanza,426726.98991332867,100000,27,0,2.024163789707058,0
TZ-LOAN-18439,57.0,Mwanza,402269.2713595526,250000,25,0,6.317696711579921,0
TZ-LOAN-18440,65.0,Dar es Salaam,1061329.6441735765,250000,34,0,1.3514800311174615,0
TZ-LOAN-18441,68.0,Dar es Salaam,655390.9745049411,50000,18,0,2.29165109348327,0
TZ-LOAN-18442,60.0,Mwanza,819574.137192419,500000,21,2,4.381125034782072,0
TZ-LOAN-18443,51.0,Mbeya,1104274.279994266,100000,18,0,4.9509203982282,0
TZ-LOAN-18444,41.0,Dodoma,-150000.0,1500000,37,0,5.522339918043144,0
TZ-LOAN-18445,66.0,Arusha,1033662.1294101125,1000000,21,0,6.0251412841592655,0
TZ-LOAN-18446,43.0,Mbeya,666619.0735350002,50000,27,2,1.915874777701012,0
TZ-LOAN-18447,33.0,Dar es Salaam,780514.5114921333,100000,30,2,11.154877264129023,0
TZ-LOAN-18448,64.0,Mwanza,401479.03347552463,1500000,18,0,0.1519538236424379,1
TZ-LOAN-18449,30.0,Dar es Salaam,423462.68046544446,50000,24,0,1.0439227968140348,0
TZ-LOAN-18450,32.0,Arusha,796653.7669438964,500000,20,1,0.3636106159486835,0
TZ-LOAN-18451,44.0,Mwanza,1365379.340099441,1500000,27,0,5.566654982554712,0
TZ-LOAN-18452,21.0,Dodoma,,100000,23,0,1.5987213182548565,0
TZ-LOAN-18453,33.0,Mwanza,1029656.8764255622,1000000,21,2,1.1104299739581636,0
TZ-LOAN-18454,47.0,Dar es Salaam,592399.6189215741,1500000,35,0,3.276054609572929,0
TZ-LOAN-18455,61.0,Mbeya,469938.7326243116,100000,33,1,4.825403203149258,0
TZ-LOAN-18456,47.0,Dar es Salaam,415758.514526302,50000,19,0,4.828010080471267,0
TZ-LOAN-18457,53.0,Arusha,503517.8825909936,500000,25,2,4.076037711002178,1
TZ-LOAN-18458,20.0,Dodoma,34165.270048842416,1500000,23,0,24.133050958132326,1
TZ-LOAN-18459,39.0,Arusha,432524.19713251945,50000,24,0,9.838240784401256,0
TZ-LOAN-18460,66.0,Arusha,481894.0531820471,50000,17,1,1.3646911953199534,0
TZ-LOAN-18461,39.0,Mbeya,597392.5476815477,250000,34,0,7.1089084608776085,0
TZ-LOAN-18462,67.0,Dar es Salaam,689525.0329241875,50000,20,1,4.211685184653869,0
TZ-LOAN-18463,67.0,Mbeya,758735.2605876832,1500000,30,1,0.36564482837484674,1
TZ-LOAN-18464,66.0,Mbeya,645522.388267112,500000,19,0,0.25426214172013717,0
TZ-LOAN-18465,29.0,Mwanza,475567.07409717294,1000000,27,0,8.037674941846522,0
TZ-LOAN-18466,38.0,Dar es Salaam,60992.40702034382,250000,27,0,3.9371869899492253,1
TZ-LOAN-18467,21.0,Mwanza,477407.417479462,50000,27,0,4.2352798182024305,0
TZ-LOAN-18468,48.0,Dar es Salaam,358264.80869389843,1500000,26,0,2.0493920737215223,1
TZ-LOAN-18469,61.0,Mbeya,789820.0244835811,100000,29,0,13.321224426568488,0
TZ-LOAN-18470,48.0,Dodoma,922786.2190081081,250000,15,2,6.247427914359726,0
TZ-LOAN-18471,40.0,Mwanza,931571.3201179818,500000,24,1,13.139671766312226,0
TZ-LOAN-18472,37.0,Dar es Salaam,877085.820838346,100000,40,0,0.5227334423912711,0
TZ-LOAN-18473,32.0,Mwanza,609942.2793642535,500000,28,1,4.382098138871884,0
TZ-LOAN-18474,40.0,Dar es Salaam,493413.33035723097,100000,19,2,5.074029897256041,0
TZ-LOAN-18475,45.0,Mwanza,425869.17389988014,1000000,32,0,0.6733363174612925,0
TZ-LOAN-18476,33.0,Dodoma,197750.32501947484,500000,22,0,2.1252659510971967,1
TZ-LOAN-18477,54.0,Dar es Salaam,947556.1101523573,100000,32,0,1.2091117650833185,0
TZ-LOAN-18478,38.0,Dodoma,597586.6886210077,500000,22,0,20.821360074389077,0
TZ-LOAN-18479,32.0,Dodoma,276097.91191373783,250000,35,0,,0
TZ-LOAN-18480,34.0,Dodoma,402052.5872869296,500000,30,0,1.8935870406933981,0
TZ-LOAN-18481,67.0,Mwanza,389907.96307023434,1500000,21,0,5.46061671809825,1
TZ-LOAN-18482,54.0,Arusha,662907.345504538,500000,28,0,5.387400087895537,0
TZ-LOAN-18483,30.0,Mbeya,970240.3553212057,100000,25,3,2.1334210666387,0
TZ-LOAN-18484,36.0,Arusha,545603.135121325,500000,20,0,25.516104606482635,0
TZ-LOAN-18485,47.0,Arusha,-150000.0,1000000,18,0,8.276403661800602,0
TZ-LOAN-18486,62.0,Mwanza,593245.899452324,50000,20,0,2.556780236923956,0
TZ-LOAN-18487,35.0,Arusha,603141.8299708413,250000,19,2,5.3949210932803044,0
TZ-LOAN-18488,31.0,Arusha,582523.9307193435,1500000,21,0,6.198684287058795,1
TZ-LOAN-18489,53.0,Mwanza,,100000,28,0,0.9546919948507144,0
TZ-LOAN-18490,53.0,Mbeya,715231.7242177527,500000,27,0,10.525198878334315,0
TZ-LOAN-18491,37.0,Mbeya,669842.3345447006,500000,25,0,8.74458650829122,0
TZ-LOAN-18492,69.0,Arusha,642550.9057620058,500000,23,1,7.0462784459094605,0
TZ-LOAN-18493,36.0,Mbeya,773792.4084328897,250000,29,0,1.2594905282142552,0
TZ-LOAN-18494,62.0,Mwanza,521050.15305564395,1500000,14,1,0.7323584474749574,1
TZ-LOAN-18495,61.0,Dodoma,504024.29908980406,50000,19,0,0.995597784838938,0
TZ-LOAN-18496,24.0,Dar es Salaam,1064036.98687562,1000000,27,0,0.48816783481463055,0
TZ-LOAN-18497,61.0,Mwanza,817806.6229146308,1500000,37,0,14.091348342526754,0
TZ-LOAN-18498,21.0,Mbeya,898083.8182828398,1000000,22,0,9.535664724823544,0
TZ-LOAN-18499,51.0,Arusha,1017831.3756002205,1500000,31,1,0.4758380176780069,0
TZ-LOAN-18500,19.0,Mbeya,807783.25418744,100000,20,0,5.66556381219568,0
TZ-LOAN-18501,22.0,Arusha,928516.6037408514,50000,30,1,1.4090788991497494,0
TZ-LOAN-18502,27.0,Dar es Salaam,176196.45137892192,50000,21,0,0.08712291731633634,0
TZ-LOAN-18503,49.0,Dodoma,711246.1615988081,250000,22,0,1.7293260264664065,0
TZ-LOAN-18504,59.0,Dodoma,595184.4614557017,1500000,25,0,2.8993609594799907,1
TZ-LOAN-18505,58.0,Mwanza,1153305.2272699429,500000,20,0,0.1012082272191521,0
TZ-LOAN-18506,30.0,Dar es Salaam,928293.65954099,50000,21,0,1.9557406654888518,0
TZ-LOAN-18507,56.0,Mwanza,460866.442762046,1500000,33,1,6.025744633246285,1
TZ-LOAN-18508,22.0,Dar es Salaam,761838.2475587617,500000,29,0,1.2966294088775858,0
TZ-LOAN-18509,27.0,Dar es Salaam,700304.400034772,250000,27,0,3.316902925037823,0
TZ-LOAN-18510,27.0,Dodoma,,1500000,29,1,10.927607715481242,1
TZ-LOAN-18511,55.0,Dar es Salaam,344347.2591876045,1500000,26,0,0.14400900772068873,1
TZ-LOAN-18512,44.0,Dar es Salaam,758004.9395714676,100000,31,0,7.700425592628583,0
TZ-LOAN-18513,68.0,Mbeya,581554.5952135297,1500000,21,3,2.421671714895738,1
TZ-LOAN-18514,38.0,Dar es Salaam,,100000,26,0,3.8951584112273534,0
TZ-LOAN-18515,25.0,Dodoma,432684.45046334906,500000,36,1,1.312487596526704,0
TZ-LOAN-18516,18.0,Dodoma,474481.04858102015,500000,24,0,4.32500015779202,0
TZ-LOAN-18517,45.0,Dodoma,1002152.6061100108,50000,21,0,6.559639888707773,0
TZ-LOAN-18518,66.0,Arusha,334535.7324979517,250000,20,1,1.125339068083802,0
TZ-LOAN-18519,56.0,Mwanza,356673.67968738545,100000,22,2,2.1024025184390944,0
TZ-LOAN-18520,31.0,Dar es Salaam,634525.6228353266,50000,26,0,4.189466088269137,0
TZ-LOAN-18521,38.0,Arusha,418432.8874442136,1000000,28,0,2.695962573355595,0
TZ-LOAN-18522,47.0,Dodoma,384491.4103211604,50000,22,0,1.734704355526417,0
TZ-LOAN-18523,38.0,Dodoma,681522.7913624885,500000,28,3,3.004548883561875,1
TZ-LOAN-18524,66.0,Dodoma,198480.2429288886,1000000,21,2,1.7182842918474992,1
TZ-LOAN-18525,26.0,Dar es Salaam,347611.32952590863,50000,23,0,1.7967753998755147,0
TZ-LOAN-18526,34.0,Arusha,1266228.6748770932,1500000,22,1,4.716173374360283,0
TZ-LOAN-18527,22.0,Arusha,787842.5176907027,250000,24,0,3.241493125686154,0
TZ-LOAN-18528,48.0,Mbeya,426030.9943190267,100000,24,0,5.651632932352516,0
TZ-LOAN-18529,69.0,Mwanza,,1500000,38,0,9.083694333037872,0
TZ-LOAN-18530,57.0,Dodoma,820199.1430959889,1000000,22,0,14.320479632000652,0
TZ-LOAN-18531,55.0,Mbeya,948324.3260270716,250000,19,1,0.8205499774510245,0
TZ-LOAN-18532,60.0,Dar es Salaam,611853.1911629809,50000,24,0,4.920042777362294,0
TZ-LOAN-18533,36.0,Mbeya,942949.3108318668,1500000,29,1,4.3661506835905275,0
TZ-LOAN-18534,53.0,Dodoma,38466.0425353481,500000,29,2,10.084973139932272,1
TZ-LOAN-18535,67.0,Mbeya,333107.56085727405,500000,24,0,11.311531675560458,0
TZ-LOAN-18536,50.0,Dodoma,699161.4205209367,250000,28,0,7.146063413565438,0
TZ-LOAN-18537,30.0,Mbeya,748890.0598423374,500000,30,0,4.525045905446154,0
TZ-LOAN-18538,31.0,Dodoma,376465.31369940744,100000,22,2,1.111112376835036,0
TZ-LOAN-18539,150.0,Arusha,727825.9973789477,250000,31,1,1.6192301996459788,0
TZ-LOAN-18540,46.0,Mbeya,462847.9253938219,250000,23,0,4.616162461225432,0
TZ-LOAN-18541,60.0,Arusha,566912.2717318503,500000,17,2,0.7503005797301685,0
TZ-LOAN-18542,66.0,Mwanza,957432.1401995033,250000,24,0,1.0164850992385908,0
TZ-LOAN-18543,53.0,Mwanza,922681.2490665799,50000,33,0,12.119938522582615,0
TZ-LOAN-18544,61.0,Mwanza,350881.9017910213,1000000,27,1,15.653410062834423,1
TZ-LOAN-18545,27.0,Mbeya,332824.561393969,1500000,25,0,0.026242269987804823,1
TZ-LOAN-18546,48.0,Mwanza,526647.9813340051,1000000,21,2,9.91999968358213,1
TZ-LOAN-18547,23.0,Arusha,641976.1096481225,1500000,21,0,13.904199280272582,1
TZ-LOAN-18548,18.0,Arusha,452630.45342757774,500000,36,0,3.7299923511660555,0
TZ-LOAN-18549,24.0,Mwanza,962192.7328399003,100000,33,0,,0
TZ-LOAN-18550,44.0,Mwanza,754216.9525125666,100000,26,0,12.554169144486018,0
TZ-LOAN-18551,38.0,Dar es Salaam,771825.5329623288,500000,28,0,0.037808371351393456,0
TZ-LOAN-18552,45.0,Dar es Salaam,270038.3513165085,500000,21,0,9.178112798693963,0
TZ-LOAN-18553,33.0,Mbeya,1000187.215215134,250000,27,1,1.7589776671183648,0
TZ-LOAN-18554,63.0,Dar es Salaam,-196050.64667220728,100000,35,0,5.124424100085081,0
TZ-LOAN-18555,40.0,Arusha,900216.6355548106,1000000,20,0,1.95188278755729,0
TZ-LOAN-18556,69.0,Arusha,930293.5213012313,500000,24,0,3.700614739627239,0
TZ-LOAN-18557,37.0,Mbeya,520279.6438166115,1000000,23,0,8.259565797426475,0
TZ-LOAN-18558,55.0,Mbeya,1031873.0651742271,1500000,33,3,0.9999982335609475,1
TZ-LOAN-18559,42.0,Dodoma,631070.734113696,1000000,26,0,5.452009715322057,0
TZ-LOAN-18560,45.0,Dar es Salaam,668729.5109982329,100000,28,0,11.430451197714879,0
TZ-LOAN-18561,22.0,Dodoma,751858.6362212648,1500000,25,1,,1
TZ-LOAN-18562,38.0,Mwanza,1605972.4735433166,1000000,19,0,11.227288756935291,0
TZ-LOAN-18563,35.0,Arusha,1053330.1724249013,250000,26,0,3.6538655552697747,0
TZ-LOAN-18564,64.0,Mbeya,860339.3602138754,250000,32,3,7.298655170552697,1
TZ-LOAN-18565,23.0,Mwanza,376158.6540196415,100000,29,0,2.9607003437836727,0
TZ-LOAN-18566,46.0,Dodoma,693076.9476438477,250000,27,0,3.082443770266903,0
TZ-LOAN-18567,36.0,Mwanza,406062.77184608404,500000,21,1,1.6693580073469938,0
TZ-LOAN-18568,50.0,Mwanza,896633.2541848439,1500000,25,0,1.6789546255441534,0
TZ-LOAN-18569,18.0,Mbeya,692140.092720457,100000,28,0,0.19279113744521378,0
TZ-LOAN-18570,62.0,Dar es Salaam,312643.4961158314,1500000,22,1,3.7907930558474403,1
TZ-LOAN-18571,20.0,Mbeya,674337.3750255508,1000000,27,3,1.8463475782533236,1
TZ-LOAN-18572,59.0,Mbeya,395174.75908510835,500000,23,0,1.0393442352886966,0
TZ-LOAN-18573,38.0,Dar es Salaam,695364.8664012641,100000,30,0,0.6489082657579295,0
TZ-LOAN-18574,52.0,Dar es Salaam,392276.80509042303,1000000,25,0,2.1308817895584076,1
TZ-LOAN-18575,58.0,Mbeya,,1000000,29,2,11.463696709657299,1
TZ-LOAN-18576,57.0,Dar es Salaam,875140.9585805284,1000000,24,0,3.6325020900438085,0
TZ-LOAN-18577,20.0,Arusha,634084.4024224682,1000000,22,0,4.070204949577986,0
TZ-LOAN-18578,42.0,Mwanza,532733.5198482834,1000000,32,0,0.27929683166642205,0
TZ-LOAN-18579,62.0,Mwanza,,100000,23,0,3.6682455224777466,0
TZ-LOAN-18580,55.0,Dodoma,859154.7862378559,250000,30,1,5.5072576919778005,0
TZ-LOAN-18581,62.0,Mbeya,317845.01903547184,1000000,27,0,0.8168035941591576,1
TZ-LOAN-18582,37.0,Mwanza,728196.8464115608,500000,25,0,20.53830293583172,0
TZ-LOAN-18583,69.0,Mwanza,1045262.2457052199,100000,31,0,12.332259227749551,0
TZ-LOAN-18584,61.0,Mwanza,822097.0889830146,50000,21,0,24.88280860822441,0
TZ-LOAN-18585,62.0,Dar es Salaam,667326.2440001684,250000,27,0,2.2339125366717583,0
TZ-LOAN-18586,51.0,Dar es Salaam,841921.2520096684,500000,16,0,8.63826897469185,0
TZ-LOAN-18587,38.0,Mwanza,785748.9368308047,1000000,30,0,1.9929617726744149,0
TZ-LOAN-18588,65.0,Arusha,876080.3327479442,100000,31,1,6.914093514356729,0
TZ-LOAN-18589,40.0,Dar es Salaam,42820.51670511672,100000,29,0,14.76621747836695,1
TZ-LOAN-18590,23.0,Mwanza,183963.1599010204,1000000,26,2,0.8422152495135682,1
TZ-LOAN-18591,68.0,Dodoma,951448.7448449711,500000,19,0,0.755974517123343,0
TZ-LOAN-18592,30.0,Mwanza,198416.24715156783,100000,29,0,0.5513320593165241,0
TZ-LOAN-18593,66.0,Mbeya,770461.5907157615,1500000,28,0,8.006127739035161,0
TZ-LOAN-18594,40.0,Mwanza,544385.1031903125,250000,11,0,5.492565544437392,0
TZ-LOAN-18595,26.0,Mbeya,,500000,20,0,3.69402045814137,0
TZ-LOAN-18596,34.0,Dodoma,754894.9271442421,1000000,22,2,7.434169337452408,1
TZ-LOAN-18597,19.0,Dodoma,710310.0511149712,500000,16,0,9.483039839440337,0
TZ-LOAN-18598,36.0,Arusha,1283102.7956289132,1500000,25,0,14.93172531597748,0
TZ-LOAN-18599,36.0,Mwanza,462556.6386392332,500000,29,0,1.1235429368206513,0
TZ-LOAN-18600,24.0,Dar es Salaam,1082033.036020752,50000,20,0,2.9140848090193776,0
TZ-LOAN-18601,59.0,Arusha,755726.8743152943,1000000,35,1,12.820615709148056,0
TZ-LOAN-18602,59.0,Arusha,451693.43553718633,250000,24,0,3.0932023042033236,0
TZ-LOAN-18603,37.0,Mbeya,889773.9372551736,1000000,28,0,3.3437854980602886,0
TZ-LOAN-18604,26.0,Arusha,819721.5513361853,50000,30,0,14.275091374555412,0
TZ-LOAN-18605,34.0,Arusha,660752.9884574148,1000000,20,0,6.634023360102708,0
TZ-LOAN-18606,44.0,Arusha,729888.606932187,1000000,15,0,4.015347752650509,0
TZ-LOAN-18607,64.0,Mbeya,470903.8906863405,250000,23,0,2.2102787641166173,0
TZ-LOAN-18608,19.0,Dodoma,402263.86242364795,50000,22,0,12.34611947981648,0
TZ-LOAN-18609,53.0,Arusha,877832.6521467749,1000000,31,0,0.04489345687741879,0
TZ-LOAN-18610,36.0,Dodoma,582818.1727060177,1500000,32,0,1.9357163985851975,0
TZ-LOAN-18611,34.0,Dodoma,625975.1005252723,1000000,32,0,14.60063463922048,0
TZ-LOAN-18612,22.0,Mbeya,733946.4787832831,100000,19,0,3.447806057943057,0
TZ-LOAN-18613,56.0,Dodoma,729586.5034351425,1000000,23,0,4.88889798083104,0
TZ-LOAN-18614,35.0,Mbeya,221202.05870778055,250000,32,0,3.8030161379117984,0
TZ-LOAN-18615,24.0,Arusha,1035875.6259364577,100000,29,0,2.5321822243691394,0
TZ-LOAN-18616,34.0,Dar es Salaam,686354.6455702034,1500000,25,2,5.472341028075661,1
TZ-LOAN-18617,56.0,Mbeya,589204.0211533551,1500000,30,2,7.272324857821201,1
TZ-LOAN-18618,53.0,Dar es Salaam,779253.801550924,1500000,19,0,2.266136760784399,0
TZ-LOAN-18619,57.0,Arusha,720962.6580844589,50000,21,2,4.464353774258231,0
TZ-LOAN-18620,62.0,Dar es Salaam,880118.8068469106,1500000,18,2,0.43192047757352536,1
TZ-LOAN-18621,21.0,Mwanza,811395.1016452824,500000,17,0,3.9659196273223287,0
TZ-LOAN-18622,55.0,Mwanza,865353.8686988801,250000,18,3,6.886665795212837,1
TZ-LOAN-18623,42.0,Arusha,1055298.1717182547,50000,22,0,4.400322487512928,0
TZ-LOAN-18624,22.0,Dodoma,915087.3646912916,100000,32,0,10.537050401977481,0
TZ-LOAN-18625,47.0,Dodoma,601854.1339014312,500000,14,2,1.6857146178487972,0
TZ-LOAN-18626,29.0,Mbeya,313129.6531769502,50000,32,0,3.383968846532656,0
TZ-LOAN-18627,21.0,Mwanza,1150339.3799013544,250000,22,0,0.4577261212053385,0
TZ-LOAN-18628,41.0,Mbeya,578682.9879958662,100000,32,3,6.020212576479494,0
TZ-LOAN-18629,46.0,Arusha,,250000,22,0,2.9249764265930986,0
TZ-LOAN-18630,26.0,Dar es Salaam,128981.95467066823,250000,31,0,3.779002460270871,0
TZ-LOAN-18631,21.0,Mwanza,751541.9315936335,100000,19,0,0.6870927643475334,0
TZ-LOAN-18632,68.0,Dodoma,694665.981186131,1500000,20,1,29.669424437963766,1
TZ-LOAN-18633,41.0,Mbeya,195465.5191251558,1000000,19,1,7.390294755127006,1
TZ-LOAN-18634,31.0,Dar es Salaam,785982.2126399528,250000,27,1,2.5593789858668337,0
TZ-LOAN-18635,22.0,Dodoma,500542.4237895683,1500000,21,0,4.219381970916742,1
TZ-LOAN-18636,35.0,Dodoma,1457094.502186608,100000,29,0,4.821068804107128,0
TZ-LOAN-18637,59.0,Arusha,479191.6423727395,250000,21,0,16.191061735135303,0
TZ-LOAN-18638,36.0,Dodoma,519442.000340662,1000000,33,0,7.3134717768711885,0
TZ-LOAN-18639,29.0,Dodoma,387567.13272368966,100000,25,0,2.151352307100616,0
TZ-LOAN-18640,35.0,Dodoma,1033362.9563125917,50000,22,0,19.01712306670901,0
TZ-LOAN-18641,34.0,Dar es Salaam,538167.261660574,50000,22,0,1.7962219810200122,0
TZ-LOAN-18642,47.0,Dar es Salaam,432525.753870351,1500000,22,1,4.3012780124065335,1
TZ-LOAN-18643,41.0,Dodoma,862086.5029761627,50000,23,2,6.031004398971519,0
TZ-LOAN-18644,28.0,Arusha,235894.11937604443,500000,17,0,1.5812705829193954,0
TZ-LOAN-18645,52.0,Dodoma,837533.1638746841,250000,32,0,15.659031012866855,0
TZ-LOAN-18646,40.0,Mwanza,1184419.9149802574,250000,31,0,1.2174322495845238,0
TZ-LOAN-18647,34.0,Mwanza,819982.3498505267,100000,27,3,2.91494995191109,0
TZ-LOAN-18648,18.0,Mbeya,841369.4948779775,500000,24,2,0.9914822023628651,0
TZ-LOAN-18649,32.0,Mwanza,911018.0650722452,250000,34,0,10.396709284159344,0
TZ-LOAN-18650,49.0,Mbeya,1162912.4086026556,100000,26,0,1.2525815776792646,0
TZ-LOAN-18651,26.0,Mbeya,1012968.1880057313,1000000,24,0,0.17679634332514013,0
TZ-LOAN-18652,32.0,Mbeya,781900.9166819071,250000,25,0,0.19859427918679273,0
TZ-LOAN-18653,45.0,Mbeya,,1500000,28,2,2.6700735839604284,1
TZ-LOAN-18654,41.0,Dodoma,384219.5223604668,250000,26,0,3.698863337197306,0
TZ-LOAN-18655,52.0,Dar es Salaam,882888.0772241966,1000000,26,1,0.21265180496803937,0
TZ-LOAN-18656,39.0,Mwanza,348333.20864487573,1000000,23,0,0.4873218975278846,1
TZ-LOAN-18657,44.0,Mwanza,539893.2744105121,250000,37,0,0.5127277098239498,0
TZ-LOAN-18658,36.0,Mwanza,-274768.6525429712,1000000,30,1,5.520656725881147,0
TZ-LOAN-18659,62.0,Mbeya,770428.8978102386,100000,29,0,1.782053612150181,0
TZ-LOAN-18660,29.0,Arusha,456838.3966674942,250000,27,1,4.134223258883795,0
TZ-LOAN-18661,37.0,Dar es Salaam,983343.5645613387,250000,21,1,0.3827638662472721,0
TZ-LOAN-18662,18.0,Arusha,767057.7831816209,50000,31,0,11.13347313659234,0
TZ-LOAN-18663,38.0,Arusha,987228.7684104876,1500000,23,0,1.8151416229546884,0
TZ-LOAN-18664,66.0,Mwanza,324921.0365982387,250000,16,1,7.529912330929234,0
TZ-LOAN-18665,62.0,Arusha,,50000,23,0,8.763744011155136,0
TZ-LOAN-18666,18.0,Dodoma,1281756.903308998,1000000,25,0,22.07631955759075,0
TZ-LOAN-18667,27.0,Arusha,879247.4899795683,1500000,27,2,,1
TZ-LOAN-18668,64.0,Arusha,887104.7026076866,1500000,29,1,2.9242049710962177,0
TZ-LOAN-18669,49.0,Mwanza,700879.3029184805,1000000,26,1,0.8280763345230604,0
TZ-LOAN-18670,56.0,Arusha,492599.3658303907,100000,24,0,0.2452801991977948,0
TZ-LOAN-18671,39.0,Mbeya,878357.7118104526,50000,22,1,10.869192651705674,0
TZ-LOAN-18672,35.0,Dar es Salaam,198175.1268793795,250000,21,2,2.958943840209649,1
TZ-LOAN-18673,65.0,Dodoma,524673.462523755,50000,32,0,6.930745461467504,0
TZ-LOAN-18674,63.0,Dar es Salaam,118682.95929884538,1000000,19,0,3.4291747079152395,1
TZ-LOAN-18675,49.0,Mbeya,438903.0868054751,1000000,22,0,10.587357070600147,1
TZ-LOAN-18676,44.0,Arusha,842613.5275680684,100000,29,1,6.924783130933113,0
TZ-LOAN-18677,45.0,Mwanza,801618.012866139,1500000,23,1,0.44665811164796665,1
TZ-LOAN-18678,35.0,Dar es Salaam,665274.1086606418,1500000,18,0,6.974595348952397,1
TZ-LOAN-18679,56.0,Arusha,701120.2982186032,1000000,39,0,1.5517803022494825,0
TZ-LOAN-18680,66.0,Dar es Salaam,84240.61464073719,50000,23,0,7.415264600610865,0
TZ-LOAN-18681,46.0,Arusha,538231.3158287256,1500000,27,0,,1
TZ-LOAN-18682,35.0,Mwanza,445594.518069437,250000,31,0,13.30575261366132,0
TZ-LOAN-18683,61.0,Mbeya,452282.09284563776,250000,23,0,0.6676582914884368,0
TZ-LOAN-18684,25.0,Dar es Salaam,829873.588344126,50000,24,0,0.28111787401955546,0
TZ-LOAN-18685,48.0,Dodoma,391847.80204840685,100000,33,0,7.502505893493052,0
TZ-LOAN-18686,51.0,Mbeya,468595.74496177677,250000,31,0,6.188711690207699,0
TZ-LOAN-18687,24.0,Mwanza,23879.22628714505,50000,32,0,0.9689704387727343,0
TZ-LOAN-18688,53.0,Dodoma,561763.0458871492,50000,27,0,5.769050188761733,0
TZ-LOAN-18689,35.0,Arusha,323648.73568591406,1000000,24,1,0.07804527916587879,1
TZ-LOAN-18690,55.0,Dar es Salaam,673760.8786068931,1500000,29,1,4.986989928789116,1
TZ-LOAN-18691,26.0,Dodoma,364667.5859772606,1000000,22,0,8.928058703513003,1
TZ-LOAN-18692,26.0,Mbeya,681362.6736647649,1500000,29,2,5.133863377667035,1
TZ-LOAN-18693,63.0,Dodoma,,100000,36,0,0.33816409499256245,0
TZ-LOAN-18694,25.0,Mwanza,1151612.531912696,100000,20,0,23.537327390640286,0
TZ-LOAN-18695,68.0,Dodoma,799165.394135958,100000,25,0,2.2009930565555695,0
TZ-LOAN-18696,52.0,Dar es Salaam,98108.63823130913,50000,25,1,2.3940368761609565,0
TZ-LOAN-18697,35.0,Dar es Salaam,270533.3467691875,50000,25,0,0.4427974406123958,0
TZ-LOAN-18698,22.0,Arusha,,1000000,16,0,0.9143146064980108,0
TZ-LOAN-18699,31.0,Dodoma,371045.61548220477,250000,25,0,1.5816135971070313,0
TZ-LOAN-18700,45.0,Dodoma,-240510.5290707557,1500000,30,1,8.027288458411451,0
TZ-LOAN-18701,47.0,Mwanza,1054863.894150123,1500000,30,0,5.884201346841474,0
TZ-LOAN-18702,21.0,Dar es Salaam,866067.2050716223,100000,22,0,4.3811310780101405,0
TZ-LOAN-18703,56.0,Mbeya,806293.0620475315,1500000,20,2,9.971577571016764,1
TZ-LOAN-18704,37.0,Arusha,467803.08635872544,500000,28,1,30.608299012583192,1
TZ-LOAN-18705,42.0,Dodoma,778303.0313029789,100000,28,0,2.4288317189906743,0
TZ-LOAN-18706,45.0,Arusha,438691.9027337355,1500000,19,0,2.4815197771057957,1
TZ-LOAN-18707,29.0,Dodoma,711457.1900653072,1000000,29,0,6.66072388419778,0
TZ-LOAN-18708,19.0,Dodoma,373825.0322490568,1500000,27,1,5.169024408054921,1
TZ-LOAN-18709,60.0,Mwanza,1104886.5351668042,50000,18,0,0.067419745571698,0
TZ-LOAN-18710,31.0,Dodoma,178929.00377544662,1000000,23,0,5.327250970267436,1
TZ-LOAN-18711,39.0,Arusha,1019685.1488532494,1000000,24,0,6.357840228393669,0
TZ-LOAN-18712,48.0,Arusha,661674.748405199,1000000,27,2,21.32089518785953,1
TZ-LOAN-18713,40.0,Mwanza,503159.90139740275,500000,22,1,4.418766833354474,0
TZ-LOAN-18714,65.0,Mwanza,700100.8765087215,500000,22,0,5.7666806363118415,0
TZ-LOAN-18715,37.0,Arusha,870004.4021534543,1500000,34,0,7.77351075099117,0
TZ-LOAN-18716,55.0,Arusha,1060024.0210083192,100000,16,1,0.5044062603679043,0
TZ-LOAN-18717,21.0,Dodoma,743942.9069400596,1500000,22,0,6.63356884944128,0
TZ-LOAN-18718,32.0,Dar es Salaam,382791.1744213168,1500000,29,1,3.957833800701584,1
TZ-LOAN-18719,41.0,Arusha,666689.0371297365,1500000,16,1,0.5272225010929166,1
TZ-LOAN-18720,42.0,Mbeya,1195037.970998712,50000,25,1,5.541508040359862,0
TZ-LOAN-18721,18.0,Dar es Salaam,1054303.4256537873,1000000,25,0,1.3361582403861885,0
TZ-LOAN-18722,24.0,Mbeya,922629.0434373076,250000,34,0,3.859846579020117,0
TZ-LOAN-18723,48.0,Dar es Salaam,888706.106036716,100000,32,0,1.6491929082310095,0
TZ-LOAN-18724,29.0,Arusha,859835.0271819625,100000,27,0,0.5520684013594037,0
TZ-LOAN-18725,59.0,Mwanza,997626.450352961,1000000,20,0,1.4441764677843472,0
TZ-LOAN-18726,22.0,Mwanza,,100000,26,0,2.88844865365626,0
TZ-LOAN-18727,61.0,Arusha,243474.1802674982,1000000,31,0,3.4073665176718126,1
TZ-LOAN-18728,67.0,Dar es Salaam,670701.0502211184,100000,33,2,0.8036668539601091,0
TZ-LOAN-18729,59.0,Arusha,404725.52396669274,1500000,29,0,1.9355133540921479,1
TZ-LOAN-18730,55.0,Dar es Salaam,333493.77338684467,50000,28,0,9.808848770357345,0
TZ-LOAN-18731,29.0,Arusha,433916.42702362046,100000,27,0,12.061002787490283,0
TZ-LOAN-18732,56.0,Mbeya,1395594.1773601058,100000,31,0,3.8305476701038836,0
TZ-LOAN-18733,35.0,Arusha,,250000,28,2,3.370269201009059,0
TZ-LOAN-18734,19.0,Dar es Salaam,758572.3509082964,50000,27,2,4.354306336185536,0
TZ-LOAN-18735,27.0,Dodoma,283291.1578987238,1500000,22,0,1.207616238561665,1
TZ-LOAN-18736,32.0,Mwanza,96874.1123622111,50000,22,0,25.234797321316435,0
TZ-LOAN-18737,47.0,Dodoma,404284.2070643582,50000,17,1,6.837809000748495,0
TZ-LOAN-18738,61.0,Arusha,1081458.6755626244,100000,24,0,1.3639402354269257,0
TZ-LOAN-18739,34.0,Dar es Salaam,750282.6398229563,500000,11,0,1.5882767997123088,0
TZ-LOAN-18740,21.0,Mwanza,829578.5274333176,100000,14,0,5.226481728866197,0
TZ-LOAN-18741,24.0,Arusha,,1000000,25,1,1.9492866963951696,0
TZ-LOAN-18742,58.0,Dodoma,472595.1860605167,250000,22,0,,0
TZ-LOAN-18743,48.0,Mwanza,,50000,19,0,7.59210901666939,0
TZ-LOAN-18744,68.0,Arusha,460157.72023334535,1000000,18,2,1.552550295539884,1
TZ-LOAN-18745,56.0,Mwanza,1071869.7077787658,1500000,25,0,6.107989362126549,0
TZ-LOAN-18746,51.0,Mbeya,782690.6468406022,1000000,21,1,13.657991221021335,1
TZ-LOAN-18747,23.0,Mwanza,113286.4537261033,500000,22,0,0.6627174438013115,1
TZ-LOAN-18748,67.0,Mbeya,,50000,17,0,0.7790848053602296,0
TZ-LOAN-18749,55.0,Mwanza,114518.44013836863,100000,27,0,14.312400920688779,0
TZ-LOAN-18750,62.0,Mwanza,998984.6398382626,50000,33,2,1.1377616362247223,0
TZ-LOAN-18751,68.0,Mwanza,642579.3737592797,250000,21,0,0.10561172986318831,0
TZ-LOAN-18752,51.0,Mbeya,-18502.73198493407,50000,33,0,10.144043135238803,0
TZ-LOAN-18753,61.0,Arusha,762724.0645158975,1000000,29,0,1.658538235620881,0
TZ-LOAN-18754,32.0,Dodoma,488850.721283504,1000000,21,0,1.7716309154899794,0
TZ-LOAN-18755,31.0,Mwanza,204858.243490003,100000,19,0,1.286871127437944,0
TZ-LOAN-18756,23.0,Dodoma,1153389.7510906092,100000,23,0,12.484910212123769,0
TZ-LOAN-18757,67.0,Dodoma,682185.7598289736,100000,24,0,7.445372089602284,0
TZ-LOAN-18758,54.0,Mwanza,561970.5793060062,1500000,26,0,4.5415192601152095,1
TZ-LOAN-18759,67.0,Mbeya,530172.5657041948,250000,21,0,,0
TZ-LOAN-18760,49.0,Dar es Salaam,196016.15925266832,1500000,30,0,0.77468063381807,1
TZ-LOAN-18761,20.0,Dar es Salaam,258635.33012476715,1500000,27,0,13.01755712480626,1
TZ-LOAN-18762,20.0,Dar es Salaam,1035475.035462525,1500000,15,0,6.92474827140072,0
TZ-LOAN-18763,39.0,Mwanza,507835.1390642843,50000,25,0,1.6347731313441236,0
TZ-LOAN-18764,39.0,Dodoma,656620.310281059,500000,26,0,14.73433584103008,0
TZ-LOAN-18765,27.0,Dar es Salaam,36700.857139677624,50000,23,0,13.681549442782991,0
TZ-LOAN-18766,68.0,Mwanza,254572.3892613483,100000,37,2,5.3869772402875835,0
TZ-LOAN-18767,20.0,Mwanza,832943.7559624258,250000,30,0,20.999711213862206,0
TZ-LOAN-18768,29.0,Mwanza,763313.5280341501,1500000,23,2,1.0366478052821355,1
TZ-LOAN-18769,46.0,Mbeya,1176012.5596172947,50000,19,0,6.572480521015623,0
TZ-LOAN-18770,65.0,Arusha,1052886.8994893678,1000000,23,0,0.8254117296423086,0
TZ-LOAN-18771,34.0,Mbeya,580786.708254553,1500000,30,0,5.8832671343287775,1
TZ-LOAN-18772,24.0,Dodoma,791886.0694139813,50000,26,0,12.61939051987412,0
TZ-LOAN-18773,30.0,Mwanza,555018.9671290778,1000000,20,0,3.8404050539496164,0
TZ-LOAN-18774,19.0,Mbeya,1266442.9455915946,50000,25,0,7.199881741910373,0
TZ-LOAN-18775,21.0,Dar es Salaam,994704.4088157199,50000,29,0,0.772297054293144,0
TZ-LOAN-18776,27.0,Arusha,700905.5272573254,1500000,31,1,5.014618680321288,1
TZ-LOAN-18777,56.0,Mwanza,710118.4354629054,50000,18,0,0.3263840807570556,0
TZ-LOAN-18778,41.0,Mbeya,1083455.0861779423,100000,21,0,0.18797912610627715,0
TZ-LOAN-18779,34.0,Dar es Salaam,823873.3541341542,1000000,27,0,5.026464755052519,0
TZ-LOAN-18780,69.0,Dar es Salaam,,250000,22,0,4.252615380982288,0
TZ-LOAN-18781,23.0,Mbeya,-8094.377877662075,500000,30,0,1.996802460161763,0
TZ-LOAN-18782,36.0,Mbeya,788368.4784496394,1500000,22,0,3.5967331436070937,0
TZ-LOAN-18783,22.0,Dodoma,495369.5405955845,1000000,28,0,5.765450347665853,0
TZ-LOAN-18784,49.0,Mwanza,1176913.3962883977,100000,22,3,5.174355362984273,0
TZ-LOAN-18785,27.0,Dar es Salaam,1113919.6061569487,1000000,24,1,0.3824213358905768,0
TZ-LOAN-18786,26.0,Dodoma,659850.742730392,250000,17,0,5.6678718284467235,0
TZ-LOAN-18787,44.0,Dar es Salaam,1110689.2936433095,1500000,18,0,5.387186536133677,0
TZ-LOAN-18788,30.0,Mbeya,1184934.355997752,1000000,23,1,5.537467929483539,0
TZ-LOAN-18789,36.0,Dar es Salaam,672322.0015778441,100000,31,0,9.398144624550252,0
TZ-LOAN-18790,38.0,Dar es Salaam,1391580.1317295572,1500000,23,0,4.298401872661779,0
TZ-LOAN-18791,41.0,Mwanza,640597.6541990832,100000,19,0,13.895115547822146,0
TZ-LOAN-18792,55.0,Mbeya,585643.7148992274,1500000,16,0,19.562435473035073,1
TZ-LOAN-18793,21.0,Dar es Salaam,,500000,22,0,6.968485102732372,0
TZ-LOAN-18794,41.0,Arusha,543862.7806573058,250000,19,0,2.2211473067468814,0
TZ-LOAN-18795,52.0,Dodoma,675601.9327384682,500000,22,0,0.7721610216471853,0
TZ-LOAN-18796,20.0,Dar es Salaam,1072830.327215273,50000,27,0,8.577880291511388,0
TZ-LOAN-18797,21.0,Dar es Salaam,655765.6556651811,100000,31,0,0.7928239982951941,0
TZ-LOAN-18798,54.0,Dodoma,141494.6621074077,500000,26,0,,1
TZ-LOAN-18799,57.0,Dar es Salaam,760195.816354759,100000,28,0,,0
TZ-LOAN-18800,65.0,Mbeya,441111.92628428154,1500000,30,0,4.10345608673448,1
TZ-LOAN-18801,52.0,Dar es Salaam,909581.3471883638,100000,18,1,1.7359784522577302,0
TZ-LOAN-18802,48.0,Mbeya,858856.9147478737,50000,19,0,16.482009684252926,0
TZ-LOAN-18803,61.0,Mbeya,1091420.1044499567,100000,27,1,6.1435596251381135,0
TZ-LOAN-18804,42.0,Mbeya,922259.6902378091,1500000,23,0,3.8269177023958063,0
TZ-LOAN-18805,57.0,Dodoma,,1500000,27,0,1.9985106409053706,0
TZ-LOAN-18806,30.0,Mbeya,449270.971958686,500000,27,0,5.644582253071311,0
TZ-LOAN-18807,21.0,Dar es Salaam,891195.9487671508,250000,22,0,6.563271319886321,0
TZ-LOAN-18808,63.0,Mwanza,1240535.3868080871,1000000,29,1,6.225887214572991,0
TZ-LOAN-18809,31.0,Mbeya,443405.0274089698,500000,30,0,1.0866626453775992,0
TZ-LOAN-18810,30.0,Dar es Salaam,1189921.4875181294,50000,29,0,5.974144305532823,0
TZ-LOAN-18811,44.0,Dar es Salaam,485194.97263960086,1000000,32,0,4.35475728584449,0
TZ-LOAN-18812,23.0,Arusha,394408.6264850077,100000,23,1,9.488141967953688,0
TZ-LOAN-18813,34.0,Dar es Salaam,738860.1330064514,500000,29,1,4.9010645616722535,0
TZ-LOAN-18814,53.0,Arusha,864773.1248386428,1000000,16,0,0.7907406043736626,0
TZ-LOAN-18815,57.0,Dar es Salaam,923525.0371916795,500000,27,0,1.917535175296352,0
TZ-LOAN-18816,66.0,Mbeya,361471.2737680394,100000,22,1,6.80932921501188,0
TZ-LOAN-18817,52.0,Arusha,780362.0291762871,1500000,20,0,6.734633322803168,0
TZ-LOAN-18818,34.0,Arusha,444333.62855494843,500000,14,0,1.2597396479825953,0
TZ-LOAN-18819,58.0,Arusha,203323.323178827,50000,20,0,2.189373222472872,0
TZ-LOAN-18820,19.0,Mbeya,371379.1053401646,1000000,28,0,0.07719099827156861,1
TZ-LOAN-18821,30.0,Mwanza,424729.89021325455,1000000,27,0,2.015124550234562,0
TZ-LOAN-18822,69.0,Mbeya,806478.5481057521,1000000,24,1,0.13346051585440896,0
TZ-LOAN-18823,19.0,Mwanza,995664.0989206005,500000,18,0,10.312753304733482,0
TZ-LOAN-18824,69.0,Mbeya,-150000.0,100000,25,0,5.492770116690481,0
TZ-LOAN-18825,45.0,Dar es Salaam,755588.3222624167,500000,26,0,17.392731307370013,0
TZ-LOAN-18826,60.0,Mbeya,296990.54426872806,500000,25,0,11.124614097599341,0
TZ-LOAN-18827,43.0,Mwanza,838725.6227042001,1500000,22,2,4.625084495844441,1
TZ-LOAN-18828,39.0,Dodoma,463180.8256988756,1000000,20,0,3.495108643616944,0
TZ-LOAN-18829,64.0,Dar es Salaam,334601.2945930163,100000,20,0,10.75896412023235,0
TZ-LOAN-18830,60.0,Arusha,889899.3546042724,250000,25,0,1.7720667100671164,0
TZ-LOAN-18831,20.0,Mbeya,473923.2183664715,100000,29,0,1.2649106388535518,0
TZ-LOAN-18832,52.0,Dar es Salaam,555210.8145941906,500000,31,3,2.6383426810663275,1
TZ-LOAN-18833,29.0,Mwanza,-15996.726266912883,50000,23,0,0.27332562827176277,0
TZ-LOAN-18834,41.0,Arusha,933965.4084270422,100000,21,1,1.7974790578798032,0
TZ-LOAN-18835,22.0,Mwanza,896272.5563507322,1000000,29,0,0.4369499342976414,0
TZ-LOAN-18836,37.0,Dar es Salaam,651637.3532843941,50000,17,0,0.2704910542520196,0
TZ-LOAN-18837,56.0,Dar es Salaam,191725.71759327227,250000,29,0,4.00744752951293,0
TZ-LOAN-18838,56.0,Dar es Salaam,1012810.753500429,250000,22,2,6.157837189955489,0
TZ-LOAN-18839,30.0,Dar es Salaam,450120.9840917627,50000,33,1,3.846627461167466,0
TZ-LOAN-18840,58.0,Mwanza,513993.96496982354,250000,34,0,0.36595860324811297,0
TZ-LOAN-18841,62.0,Dodoma,1343613.2169078593,50000,23,2,2.5123808119774567,0
TZ-LOAN-18842,29.0,Dar es Salaam,438909.0667672311,500000,28,0,0.5880170830212703,0
TZ-LOAN-18843,30.0,Arusha,872662.9887279501,50000,29,0,5.2500199188375785,0
TZ-LOAN-18844,27.0,Mwanza,818627.6786247853,500000,21,0,8.755193703608406,0
TZ-LOAN-18845,50.0,Mbeya,767051.6578640256,1000000,26,3,0.6204843196057237,1
TZ-LOAN-18846,57.0,Mbeya,734600.1627663532,1000000,25,0,0.3459614149057686,0
TZ-LOAN-18847,33.0,Mwanza,762916.5685667598,250000,23,1,2.6039752819381787,0
TZ-LOAN-18848,62.0,Mwanza,731582.1772821621,1500000,20,2,1.808248462652868,1
TZ-LOAN-18849,52.0,Dar es Salaam,634424.4923671817,1500000,32,0,1.5101887919491797,0
TZ-LOAN-18850,20.0,Mwanza,1103384.9372332226,50000,22,0,1.1874557883481023,0
TZ-LOAN-18851,22.0,Arusha,256201.8317602165,500000,21,0,1.9057532006969644,0
TZ-LOAN-18852,43.0,Mbeya,956437.431204613,1000000,32,1,16.815815184608613,0
TZ-LOAN-18853,28.0,Arusha,896702.6896062655,1000000,34,0,,0
TZ-LOAN-18854,24.0,Arusha,859519.7363988203,1000000,24,0,4.598446117965603,0
TZ-LOAN-18855,27.0,Dar es Salaam,985093.8282920385,250000,31,0,8.059067674040394,0
TZ-LOAN-18856,59.0,Mwanza,622220.1814194821,1000000,28,0,0.07422592128006561,0
TZ-LOAN-18857,69.0,Mbeya,89307.77725193696,1500000,24,0,0.5908517210595233,1
TZ-LOAN-18858,51.0,Mbeya,628312.2020856543,100000,27,1,1.729816495442881,0
TZ-LOAN-18859,20.0,Mbeya,352641.73471263365,250000,23,0,,0
TZ-LOAN-18860,25.0,Arusha,430442.23704258085,50000,26,0,10.745629872829099,0
TZ-LOAN-18861,48.0,Mbeya,277274.09785027645,100000,31,0,1.3142329339966305,0
TZ-LOAN-18862,28.0,Mbeya,506796.54246684967,250000,18,1,0.7494797170879026,0
TZ-LOAN-18863,62.0,Arusha,471012.8918049652,250000,23,0,9.416721646627057,0
TZ-LOAN-18864,24.0,Dar es Salaam,-63270.948978130706,500000,24,0,2.630844021839037,0
TZ-LOAN-18865,62.0,Arusha,860066.5733846867,100000,25,0,6.011678062471448,0
TZ-LOAN-18866,19.0,Arusha,1316096.5574014646,100000,30,0,3.970683183881532,0
TZ-LOAN-18867,23.0,Dar es Salaam,831871.1580488866,1500000,16,1,0.9673861701926189,1
TZ-LOAN-18868,58.0,Dodoma,589122.8130397317,100000,19,0,6.0294618542612195,0
TZ-LOAN-18869,49.0,Dodoma,-150000.0,1000000,22,1,2.730348882879026,0
TZ-LOAN-18870,37.0,Mwanza,523704.2395960472,1500000,33,0,1.6966212659786786,1
TZ-LOAN-18871,51.0,Mwanza,677012.4751600875,1000000,19,0,11.649693324046819,0
TZ-LOAN-18872,67.0,Arusha,638897.5717780299,1500000,26,0,0.030019045640038603,0
TZ-LOAN-18873,33.0,Mwanza,397685.4708805117,50000,19,0,2.594874797795698,0
TZ-LOAN-18874,42.0,Dodoma,1154866.5166843494,1500000,31,0,1.787033160090865,0
TZ-LOAN-18875,29.0,Mwanza,203853.7292870687,50000,28,0,0.28009849915187424,0
TZ-LOAN-18876,24.0,Dodoma,865499.4629582738,1500000,25,0,0.41920895267012137,0
TZ-LOAN-18877,56.0,Dodoma,619640.7118047405,50000,29,0,0.9454433743611781,0
TZ-LOAN-18878,34.0,Arusha,1220249.5445197234,1000000,22,0,3.515984821147718,0
TZ-LOAN-18879,62.0,Mwanza,752259.3797744664,1500000,24,3,1.6609121289649174,1
TZ-LOAN-18880,28.0,Mwanza,,500000,17,0,9.096445129575798,0
TZ-LOAN-18881,23.0,Dar es Salaam,575687.8404696508,1500000,27,0,1.3720256823406278,1
TZ-LOAN-18882,40.0,Dar es Salaam,661972.0083559284,50000,27,2,6.368779912541825,0
TZ-LOAN-18883,44.0,Dodoma,307162.79150107974,250000,29,0,1.180996265046173,0
TZ-LOAN-18884,63.0,Arusha,419939.14246462646,1000000,30,0,0.21742227640971487,0
TZ-LOAN-18885,23.0,Mbeya,114516.80924244272,500000,30,1,1.5368512633508553,1
TZ-LOAN-18886,55.0,Mwanza,373106.9304877718,250000,29,0,9.087495312113333,0
TZ-LOAN-18887,19.0,Mwanza,678171.9444981349,250000,24,0,0.42915751171020833,0
TZ-LOAN-18888,39.0,Dodoma,740052.5147853564,1000000,28,1,2.111751796146795,0
TZ-LOAN-18889,37.0,Dodoma,56201.09150107938,1500000,13,0,0.040245611659663415,1
TZ-LOAN-18890,42.0,Mwanza,608836.4890867398,100000,23,0,4.974567461961991,0
TZ-LOAN-18891,32.0,Dodoma,819022.9852466397,500000,26,0,14.30249281704381,0
TZ-LOAN-18892,66.0,Arusha,601126.3419871294,1500000,30,0,2.4255146714383558,0
TZ-LOAN-18893,46.0,Mwanza,459863.40626665985,1000000,25,0,4.3009455320062004,0
TZ-LOAN-18894,25.0,Mwanza,526351.6564855358,100000,35,0,3.009996497474243,0
TZ-LOAN-18895,54.0,Dar es Salaam,487770.9935068334,1000000,22,1,18.121218417654358,1
TZ-LOAN-18896,66.0,Dodoma,458980.8322675829,1000000,30,0,6.659005531819275,0
TZ-LOAN-18897,69.0,Dar es Salaam,702147.0575734545,250000,23,0,,0
TZ-LOAN-18898,50.0,Dodoma,1342306.4683206354,1500000,23,2,0.5755094122455494,1
TZ-LOAN-18899,39.0,Mbeya,426890.024928445,1000000,23,1,3.178929572614208,1
TZ-LOAN-18900,67.0,Mwanza,554557.2102015719,1500000,18,0,4.994910847306174,1
TZ-LOAN-18901,64.0,Dar es Salaam,634490.6181874305,100000,19,1,1.7152402718823123,0
TZ-LOAN-18902,22.0,Mwanza,443793.6696925119,250000,35,0,5.614187463396954,0
TZ-LOAN-18903,56.0,Dar es Salaam,979470.741057028,100000,32,0,4.296308670247574,0
TZ-LOAN-18904,35.0,Dar es Salaam,-61265.61199193145,100000,23,0,2.8554670799727155,0
TZ-LOAN-18905,55.0,Mbeya,490682.24888639734,250000,26,0,4.364923435667757,0
TZ-LOAN-18906,54.0,Mwanza,895494.1208959885,1500000,28,0,12.412359853238247,0
TZ-LOAN-18907,47.0,Arusha,561771.7074834099,100000,37,0,1.3933086499788776,0
TZ-LOAN-18908,68.0,Dodoma,403748.31234491256,50000,19,0,7.832177890185932,0
TZ-LOAN-18909,48.0,Mwanza,782227.0263316293,1500000,32,0,0.060146090424690296,0
TZ-LOAN-18910,27.0,Dodoma,921902.9706191455,1000000,24,0,0.44305414502669144,0
TZ-LOAN-18911,32.0,Arusha,713190.6335645175,250000,19,1,14.947312629885214,0
TZ-LOAN-18912,59.0,Arusha,409633.892056135,250000,25,0,5.982151020975145,0
TZ-LOAN-18913,65.0,Dodoma,786860.995745523,1500000,32,0,5.016290668438369,0
TZ-LOAN-18914,61.0,Dodoma,529385.209917563,50000,21,2,2.032742982649433,0
TZ-LOAN-18915,35.0,Dodoma,873556.0645681483,50000,21,2,1.0187711004770597,0
TZ-LOAN-18916,40.0,Arusha,1094977.6654569772,50000,26,0,2.3895022160128376,0
TZ-LOAN-18917,50.0,Arusha,-131673.02670655982,50000,23,0,4.561371454290578,0
TZ-LOAN-18918,33.0,Arusha,683320.2419586898,500000,40,1,5.0308289997664275,0
TZ-LOAN-18919,55.0,Mwanza,129279.81891571183,250000,27,0,0.9289417852080892,0
TZ-LOAN-18920,52.0,Dodoma,1382536.5755989312,100000,28,0,2.948459676122002,0
TZ-LOAN-18921,51.0,Mwanza,509562.63986114284,250000,21,0,4.182299496448321,0
TZ-LOAN-18922,45.0,Mbeya,873911.9725476117,250000,22,0,16.0894827018589,0
TZ-LOAN-18923,19.0,Arusha,639404.9421215312,250000,18,2,3.9861326372749035,0
TZ-LOAN-18924,47.0,Mwanza,409074.6257842821,50000,29,1,4.344643770002131,0
TZ-LOAN-18925,30.0,Arusha,373384.08584677195,50000,18,0,7.244865005479598,0
TZ-LOAN-18926,58.0,Dar es Salaam,1125703.7519302277,500000,22,1,,0
TZ-LOAN-18927,33.0,Dodoma,936781.4180534931,1500000,31,0,2.421468974002348,0
TZ-LOAN-18928,22.0,Arusha,1233075.226213269,250000,31,0,4.469090816512896,0
TZ-LOAN-18929,45.0,Dodoma,666636.0005473098,1000000,17,0,7.6463870719809135,0
TZ-LOAN-18930,56.0,Mwanza,736375.8863738001,1500000,14,0,5.0747812725615695,0
TZ-LOAN-18931,62.0,Dar es Salaam,,500000,28,0,1.0297802167258994,0
TZ-LOAN-18932,37.0,Dodoma,563875.3390654973,50000,26,1,2.5350004249113827,0
TZ-LOAN-18933,41.0,Mbeya,337433.9202567895,250000,31,0,3.5933178446761858,0
TZ-LOAN-18934,44.0,Arusha,675203.0572773054,50000,26,1,,0
TZ-LOAN-18935,47.0,Dodoma,413226.02153414086,1500000,24,0,2.0745110309761627,1
TZ-LOAN-18936,62.0,Mbeya,782572.6766492608,100000,33,0,3.695061876536448,0
TZ-LOAN-18937,44.0,Dodoma,701003.0656940629,50000,21,1,5.5885992848162385,0
TZ-LOAN-18938,43.0,Mwanza,736304.6131027166,50000,37,0,3.155302499659612,0
TZ-LOAN-18939,24.0,Arusha,1152538.9819070678,500000,37,0,3.001448791922927,0
TZ-LOAN-18940,59.0,Arusha,638684.6150703226,100000,33,0,8.08691759285616,0
TZ-LOAN-18941,64.0,Mbeya,877018.1008560285,1500000,23,0,7.070137535550406,0
TZ-LOAN-18942,55.0,Dar es Salaam,1265452.8392256745,1000000,27,0,2.744411334418025,0
TZ-LOAN-18943,22.0,Dar es Salaam,1041985.1207885143,1000000,30,0,27.624010021791555,0
TZ-LOAN-18944,40.0,Mbeya,995950.9095364534,1000000,16,0,0.34391618534927004,0
TZ-LOAN-18945,45.0,Dodoma,,250000,29,0,1.9725942151305444,0
TZ-LOAN-18946,51.0,Dar es Salaam,718892.9166703391,1000000,27,0,0.18762937407096367,0
TZ-LOAN-18947,32.0,Arusha,254517.11239101744,250000,28,2,9.146352953357098,1
TZ-LOAN-18948,49.0,Mbeya,799674.3202893244,1500000,28,0,7.045363674349913,0
TZ-LOAN-18949,43.0,Mbeya,732338.0532841525,1500000,21,0,5.754950886346188,0
TZ-LOAN-18950,65.0,Arusha,657015.5375468543,50000,32,2,1.2069973000872967,0
TZ-LOAN-18951,48.0,Dar es Salaam,958158.4364728581,1000000,31,0,,0
TZ-LOAN-18952,36.0,Mwanza,287667.5532726811,500000,27,0,2.194942119708699,0
TZ-LOAN-18953,26.0,Mbeya,1140458.8553481041,1500000,20,0,10.146385489902741,0
TZ-LOAN-18954,46.0,Dodoma,920529.4063820852,100000,35,1,1.1126040069028111,0
TZ-LOAN-18955,68.0,Mbeya,628809.8061044078,100000,21,0,1.2284846505024594,0
TZ-LOAN-18956,56.0,Mwanza,605381.123654782,1500000,25,0,16.16820781207337,1
TZ-LOAN-18957,21.0,Arusha,794183.3645745784,50000,37,0,3.6389016999386223,0
TZ-LOAN-18958,20.0,Dar es Salaam,1106255.3696191339,100000,29,1,2.9564355801639834,0
TZ-LOAN-18959,46.0,Arusha,680482.3156070033,100000,26,0,2.1673842757339763,0
TZ-LOAN-18960,69.0,Arusha,693209.2705937679,50000,20,0,8.8955743748045,0
TZ-LOAN-18961,28.0,Dar es Salaam,655435.5432877614,50000,28,2,2.174785368235524,0
TZ-LOAN-18962,50.0,Arusha,1184607.2338104418,50000,21,1,2.2015016290598415,0
TZ-LOAN-18963,55.0,Arusha,539335.0691188929,500000,17,0,0.6581468743169906,0
TZ-LOAN-18964,28.0,Mbeya,641147.7204142786,50000,33,2,3.677418110394849,0
TZ-LOAN-18965,44.0,Dodoma,1089030.6962782983,50000,29,1,12.868688728398283,0
TZ-LOAN-18966,50.0,Dar es Salaam,694103.2500838591,50000,35,0,15.795873365260661,0
TZ-LOAN-18967,38.0,Mbeya,991117.6580136567,1500000,31,2,27.035688146180977,1
TZ-LOAN-18968,56.0,Mwanza,376615.98292911245,1000000,30,1,3.2034429440771017,1
TZ-LOAN-18969,48.0,Mbeya,588412.2435114458,1500000,29,0,7.45712081438453,1
TZ-LOAN-18970,55.0,Mbeya,1095330.2115320684,1000000,31,0,4.020781791624529,0
TZ-LOAN-18971,63.0,Arusha,447098.08527093637,500000,22,0,3.9698981089115613,0
TZ-LOAN-18972,19.0,Dodoma,604610.2880690878,500000,26,0,8.205698497038052,0
TZ-LOAN-18973,44.0,Mbeya,727005.5692674436,100000,36,0,9.01990864932738,0
TZ-LOAN-18974,53.0,Mwanza,353253.644602104,1500000,22,0,0.09995882343132383,1
TZ-LOAN-18975,28.0,Arusha,,1000000,25,1,14.305120114394336,1
TZ-LOAN-18976,64.0,Mbeya,683791.0045476921,500000,28,2,8.657562544820168,0
TZ-LOAN-18977,35.0,Mwanza,664004.5202485884,500000,23,0,6.384667046747966,0
TZ-LOAN-18978,18.0,Dar es Salaam,1034105.6062511407,1500000,21,0,9.553808818734366,0
TZ-LOAN-18979,52.0,Mbeya,1112437.1584496761,100000,19,0,3.8529848916581426,0
TZ-LOAN-18980,150.0,Dar es Salaam,393174.5383997266,50000,28,0,,0
TZ-LOAN-18981,48.0,Dar es Salaam,683380.5557502469,250000,24,0,4.564594667107408,0
TZ-LOAN-18982,45.0,Mwanza,852274.4925274297,100000,23,0,3.9146015545995456,0
TZ-LOAN-18983,56.0,Arusha,1104904.2397397591,250000,27,0,1.1887974933931005,0
TZ-LOAN-18984,18.0,Dodoma,865547.0891951388,100000,29,0,9.400168276909278,0
TZ-LOAN-18985,42.0,Dodoma,737274.0204776995,100000,17,0,10.765268899424111,0
TZ-LOAN-18986,60.0,Mbeya,849962.7595947892,50000,15,0,17.735619146451704,0
TZ-LOAN-18987,55.0,Mwanza,852130.6503008779,500000,27,0,,0
TZ-LOAN-18988,37.0,Dar es Salaam,371685.7123146895,1000000,20,0,1.723549729101851,1
TZ-LOAN-18989,20.0,Mbeya,707839.6377518807,100000,28,0,5.782356709005574,0
TZ-LOAN-18990,68.0,Arusha,1087748.2982566075,50000,21,0,9.663022548162324,0
TZ-LOAN-18991,19.0,Dodoma,587792.9693917986,250000,29,1,6.95762358482869,0
TZ-LOAN-18992,35.0,Dodoma,688833.9927642333,1500000,23,3,3.0402824807665025,1
TZ-LOAN-18993,61.0,Dar es Salaam,577245.0651421935,1500000,22,0,6.4727234505313005,1
TZ-LOAN-18994,27.0,Mbeya,-44157.84868206247,500000,29,0,0.37429076386891247,0
TZ-LOAN-18995,22.0,Mbeya,656177.0531704037,1500000,26,0,5.431518467175186,0
TZ-LOAN-18996,26.0,Dodoma,740537.5791958618,100000,20,0,0.04022568405359232,0
TZ-LOAN-18997,19.0,Arusha,496251.9827357294,250000,32,0,0.24358188082581933,0
TZ-LOAN-18998,51.0,Mwanza,303608.9153345816,100000,18,0,7.079554322800231,0
TZ-LOAN-18999,55.0,Dar es Salaam,385818.0620655052,1500000,29,0,3.246867370037865,1
TZ-LOAN-19000,48.0,Dodoma,879256.2848406693,1000000,20,1,0.30698920633058496,0
TZ-LOAN-19001,27.0,Dodoma,1241757.4319140716,1500000,22,0,3.2875605394164618,0
TZ-LOAN-19002,67.0,Mbeya,1064730.0022716299,1000000,20,2,,0
TZ-LOAN-19003,29.0,Dar es Salaam,246696.1985508345,1500000,17,0,2.1234861514362398,1
TZ-LOAN-19004,53.0,Dodoma,906388.1931652109,500000,32,0,0.8561520906732022,0
TZ-LOAN-19005,38.0,Dodoma,451051.28725721297,250000,27,0,1.2382857560583551,0
TZ-LOAN-19006,66.0,Dodoma,475319.8812473669,1000000,26,1,1.088327940093963,1
TZ-LOAN-19007,64.0,Dar es Salaam,511407.3206086148,50000,30,0,2.324228172652188,0
TZ-LOAN-19008,23.0,Dodoma,861820.0849566291,500000,28,0,0.5709318387630645,0
TZ-LOAN-19009,65.0,Dodoma,-150000.0,100000,33,1,3.751090402276365,0
TZ-LOAN-19010,66.0,Mbeya,620590.6786160636,1500000,36,0,2.6136561904638937,0
TZ-LOAN-19011,20.0,Arusha,625678.7776975926,250000,24,0,9.158691703259604,0
TZ-LOAN-19012,27.0,Mwanza,789279.122970738,250000,19,0,8.741347841076344,0
TZ-LOAN-19013,22.0,Dar es Salaam,820398.3618572726,1500000,36,0,8.694254194851897,0
TZ-LOAN-19014,63.0,Mwanza,1002867.7120275587,50000,34,0,,0
TZ-LOAN-19015,43.0,Dodoma,264688.40734724037,1000000,22,0,1.718008214179338,1
TZ-LOAN-19016,38.0,Arusha,-150000.0,1500000,31,1,2.684148028728649,1
TZ-LOAN-19017,62.0,Mbeya,329592.68723264674,250000,27,1,5.813702289013255,0
TZ-LOAN-19018,43.0,Mbeya,634717.3162809791,50000,21,0,3.7728406344186336,0
TZ-LOAN-19019,55.0,Dar es Salaam,582147.4136957717,50000,32,0,4.894876264571046,0
TZ-LOAN-19020,61.0,Arusha,635975.1638291893,100000,32,0,5.916240896884672,0
TZ-LOAN-19021,43.0,Dar es Salaam,410077.1335668405,50000,27,3,12.527381506345082,1
TZ-LOAN-19022,25.0,Mbeya,203813.0620377714,500000,25,0,14.409860634362765,1
TZ-LOAN-19023,22.0,Dodoma,21668.74198552908,250000,19,0,9.177616386772197,1
TZ-LOAN-19024,32.0,Dar es Salaam,610645.9537205478,500000,26,1,0.3363726176300875,0
TZ-LOAN-19025,33.0,Arusha,520699.66825011827,50000,26,0,19.396570279048643,0
TZ-LOAN-19026,18.0,Dar es Salaam,447218.7005588519,50000,30,2,6.080745277379149,0
TZ-LOAN-19027,33.0,Mbeya,1046764.5388494983,500000,34,0,5.910928533148717,0
TZ-LOAN-19028,54.0,Dar es Salaam,392168.5439614067,100000,32,0,0.11688555004021192,0
TZ-LOAN-19029,20.0,Dodoma,1075050.224641641,50000,26,0,3.263865676204689,0
TZ-LOAN-19030,69.0,Mbeya,1137153.1232807771,500000,23,2,4.924182215631214,0
TZ-LOAN-19031,64.0,Dar es Salaam,64729.859963185736,500000,20,0,1.6321796730142233,1
TZ-LOAN-19032,48.0,Mwanza,677714.4376996909,250000,30,3,0.43454799878250067,0
TZ-LOAN-19033,30.0,Mwanza,530091.0527492028,100000,22,0,3.8011899654532084,0
TZ-LOAN-19034,33.0,Mbeya,-223541.18341517972,1000000,25,0,2.955612136087096,0
TZ-LOAN-19035,60.0,Dodoma,216607.6240794757,500000,30,0,0.22540695263082888,0
TZ-LOAN-19036,38.0,Arusha,882480.8321325423,250000,31,0,3.6637880527666833,0
TZ-LOAN-19037,19.0,Dodoma,1255759.7758133793,1000000,23,0,0.5698587461576506,0
TZ-LOAN-19038,44.0,Dar es Salaam,,250000,32,0,2.763021416285643,0
TZ-LOAN-19039,55.0,Mbeya,747089.7417538933,250000,24,0,1.5763826766650446,0
TZ-LOAN-19040,43.0,Mwanza,643600.2855106738,1500000,20,2,17.61188029996796,1
TZ-LOAN-19041,55.0,Arusha,,100000,22,2,0.17675388688269386,0
TZ-LOAN-19042,63.0,Mbeya,1294471.7605872923,50000,25,0,4.105166813809751,0
TZ-LOAN-19043,42.0,Mbeya,473947.19614274416,100000,17,0,0.8239034391173328,0
TZ-LOAN-19044,28.0,Mbeya,50004.031906912685,1000000,22,0,1.923124740082983,1
TZ-LOAN-19045,25.0,Dar es Salaam,20543.761018639547,1500000,29,0,1.0160978648161072,1
TZ-LOAN-19046,25.0,Mwanza,1046564.2976479407,100000,27,0,26.640667113108595,0
TZ-LOAN-19047,50.0,Mwanza,635882.437767684,50000,30,0,0.16448648974274926,0
TZ-LOAN-19048,24.0,Mwanza,704972.5731376156,100000,19,1,3.8974098503307655,0
TZ-LOAN-19049,55.0,Arusha,112804.70211298601,100000,24,0,4.683012055470847,0
TZ-LOAN-19050,38.0,Dar es Salaam,424043.3261634601,100000,37,0,7.395731529608268,0
TZ-LOAN-19051,25.0,Dodoma,561355.7558297653,500000,22,0,4.917277042798322,0
TZ-LOAN-19052,68.0,Mwanza,712351.5150092212,500000,22,1,1.3155776270609465,0
TZ-LOAN-19053,38.0,Dodoma,530422.3883258724,100000,28,1,4.556999594569756,0
TZ-LOAN-19054,37.0,Mbeya,338802.1405095972,50000,27,0,18.437776990389022,0
TZ-LOAN-19055,25.0,Mbeya,414629.9022192431,50000,12,1,9.434256728268567,0
TZ-LOAN-19056,63.0,Mbeya,1012496.9857841699,50000,29,0,3.0210784511810873,0
TZ-LOAN-19057,48.0,Mwanza,723435.3858810499,50000,34,0,3.2447732540321574,0
TZ-LOAN-19058,67.0,Mbeya,833647.0420866655,1500000,31,0,0.7130532668389529,0
TZ-LOAN-19059,46.0,Dar es Salaam,380337.8567368011,1500000,20,0,4.2189797625714425,1
TZ-LOAN-19060,65.0,Mbeya,-236147.0456201873,250000,27,1,1.6442108497540593,0
TZ-LOAN-19061,26.0,Mwanza,493068.70793465106,100000,20,0,,0
TZ-LOAN-19062,32.0,Dar es Salaam,390028.83367235103,100000,29,0,3.214261273317465,0
TZ-LOAN-19063,47.0,Mwanza,754703.6805884237,250000,24,0,0.2305929212123736,0
TZ-LOAN-19064,43.0,Mbeya,1635717.1141045527,50000,19,2,0.639915455801843,0
TZ-LOAN-19065,27.0,Dar es Salaam,858549.8052854767,1000000,23,0,1.2361822533475983,0
TZ-LOAN-19066,46.0,Mbeya,1470788.0478150467,1000000,24,0,23.353675170334448,0
TZ-LOAN-19067,33.0,Dar es Salaam,820630.9086018346,250000,31,0,8.263856964187742,0
TZ-LOAN-19068,53.0,Dodoma,461034.12872818543,1000000,17,0,3.901792920847684,0
TZ-LOAN-19069,37.0,Dar es Salaam,754374.823436265,500000,30,1,1.3235099716537277,0
TZ-LOAN-19070,62.0,Dodoma,1184191.5798433125,100000,26,2,3.6586073574834472,0
TZ-LOAN-19071,54.0,Mbeya,1198868.7788963718,1000000,22,0,5.234803768894276,0
TZ-LOAN-19072,39.0,Dar es Salaam,477398.7895870763,1500000,29,0,0.022871817442465935,1
TZ-LOAN-19073,24.0,Mwanza,725955.1087097897,1500000,23,1,22.070106888682513,1
TZ-LOAN-19074,40.0,Dar es Salaam,221219.93609865644,500000,25,0,4.927949508400801,0
TZ-LOAN-19075,58.0,Dar es Salaam,897400.5874074289,100000,28,0,22.218010233095086,0
TZ-LOAN-19076,57.0,Dar es Salaam,1116006.4097167682,500000,22,0,3.165585847782796,0
TZ-LOAN-19077,46.0,Arusha,661939.8362348048,100000,22,0,4.884283776692745,0
TZ-LOAN-19078,33.0,Mwanza,449784.78369196155,100000,24,0,3.0944744147080137,0
TZ-LOAN-19079,55.0,Dar es Salaam,758039.2853832688,1000000,32,0,0.047644494365680426,0
TZ-LOAN-19080,45.0,Dar es Salaam,775237.7094089498,1500000,23,0,9.481991763135404,0
TZ-LOAN-19081,65.0,Mbeya,674343.149554886,250000,28,0,2.980116963526757,0
TZ-LOAN-19082,55.0,Mwanza,703614.5373007859,1000000,16,0,3.1832311711081984,0
TZ-LOAN-19083,48.0,Dar es Salaam,597855.5448591887,50000,22,1,2.231155359685585,0
TZ-LOAN-19084,31.0,Dar es Salaam,948786.4784679217,500000,25,2,2.833951406838629,0
TZ-LOAN-19085,50.0,Dar es Salaam,870868.2335495381,50000,21,2,6.46494397578784,0
TZ-LOAN-19086,26.0,Dodoma,355069.05585675524,100000,24,0,6.030282892032426,0
TZ-LOAN-19087,44.0,Arusha,346822.8190524216,1000000,27,0,8.261177924013879,1
TZ-LOAN-19088,41.0,Mwanza,573687.6748920314,50000,20,0,18.378250580146393,0
TZ-LOAN-19089,30.0,Dodoma,871051.1372315538,50000,20,0,2.4810418292862804,0
TZ-LOAN-19090,43.0,Dar es Salaam,694417.2241672444,1500000,32,0,2.0697009861372186,0
TZ-LOAN-19091,46.0,Mwanza,457054.8769632034,50000,15,0,3.401402213751519,0
TZ-LOAN-19092,68.0,Dodoma,728455.579017749,1500000,22,3,0.8384825058465323,1
TZ-LOAN-19093,66.0,Arusha,550756.8441433184,1500000,23,0,7.094699620335774,1
TZ-LOAN-19094,60.0,Dodoma,914145.9380672395,100000,18,0,4.351067950419175,0
TZ-LOAN-19095,45.0,Mbeya,749917.5305201142,1500000,23,0,1.1871044860473732,0
TZ-LOAN-19096,45.0,Dar es Salaam,555416.5437643569,100000,25,0,9.97679080900516,0
TZ-LOAN-19097,25.0,Dodoma,719455.6316139385,1500000,26,0,4.825600024781507,0
TZ-LOAN-19098,40.0,Arusha,1044514.4178572604,1500000,26,0,0.17316074934324824,0
TZ-LOAN-19099,46.0,Dar es Salaam,479110.9770360867,100000,30,3,1.0939955648126105,0
TZ-LOAN-19100,22.0,Mbeya,770797.0944941483,50000,34,3,11.086327227187912,0
TZ-LOAN-19101,59.0,Mbeya,628861.8978602013,500000,21,0,2.398618028968602,0
TZ-LOAN-19102,24.0,Dodoma,,1000000,28,0,20.786928457878417,0
TZ-LOAN-19103,59.0,Dar es Salaam,453630.5175212809,1000000,28,0,3.772478370501533,0
TZ-LOAN-19104,53.0,Dodoma,683100.6299478128,100000,25,0,1.165433775911998,0
TZ-LOAN-19105,58.0,Mbeya,982346.9847250403,50000,31,0,4.505712241555214,0
TZ-LOAN-19106,44.0,Mwanza,368897.9056261678,500000,21,0,0.5398804359439799,0
TZ-LOAN-19107,63.0,Dodoma,251178.4690024755,250000,23,0,8.238677913614422,0
TZ-LOAN-19108,19.0,Mwanza,262563.3306539107,100000,21,0,4.942159857552809,0
TZ-LOAN-19109,42.0,Dar es Salaam,298801.2409399433,250000,37,1,16.61377327645183,0
TZ-LOAN-19110,26.0,Mbeya,,1000000,34,0,5.857653769400138,0
TZ-LOAN-19111,44.0,Dodoma,228242.09424036037,1000000,22,0,0.25199665816986333,1
TZ-LOAN-19112,18.0,Dodoma,560631.3965769408,500000,19,0,3.235405908620834,0
TZ-LOAN-19113,40.0,Dodoma,,500000,23,3,3.789071135269382,1
TZ-LOAN-19114,27.0,Dar es Salaam,774997.7181645781,250000,21,0,12.431095502097786,0
TZ-LOAN-19115,59.0,Dar es Salaam,534332.3060112544,1000000,22,0,2.8322800712890968,0
TZ-LOAN-19116,69.0,Arusha,707277.1195265318,500000,27,1,4.501023699440699,0
TZ-LOAN-19117,42.0,Dodoma,682143.5989212705,500000,19,3,1.02870494495859,1
TZ-LOAN-19118,20.0,Dar es Salaam,582727.7133355441,1000000,21,1,1.402712372679889,0
TZ-LOAN-19119,23.0,Mbeya,586749.5844036259,1000000,16,0,3.976860470339718,0
TZ-LOAN-19120,23.0,Dar es Salaam,1320628.2304270882,50000,17,0,5.969857650555197,0
TZ-LOAN-19121,19.0,Dar es Salaam,892793.2711793903,1500000,28,1,2.858726401575737,0
TZ-LOAN-19122,35.0,Dodoma,1394195.2752536428,500000,22,0,2.8340580204224812,0
TZ-LOAN-19123,40.0,Mwanza,500911.0601238496,250000,29,0,1.4785328273426819,0
TZ-LOAN-19124,19.0,Mbeya,624510.0209335558,100000,22,0,5.988806770626402,0
TZ-LOAN-19125,29.0,Mwanza,250362.27041700576,100000,39,0,0.02743953381098568,0
TZ-LOAN-19126,39.0,Arusha,407129.9593731283,1000000,27,0,3.5950809873712597,0
TZ-LOAN-19127,54.0,Dodoma,,1500000,24,0,0.017855619555190466,0
TZ-LOAN-19128,37.0,Mwanza,493389.7130474731,250000,27,1,4.500462052456672,0
TZ-LOAN-19129,56.0,Dar es Salaam,1225784.3900433378,50000,23,0,0.15697085920724185,0
TZ-LOAN-19130,41.0,Dar es Salaam,276991.3217960329,500000,21,0,14.072646702401496,0
TZ-LOAN-19131,65.0,Arusha,333959.2897780169,50000,23,1,3.249995584509835,0
TZ-LOAN-19132,37.0,Arusha,547630.6336929736,250000,28,0,5.76042501362844,0
TZ-LOAN-19133,18.0,Mbeya,630875.0234962467,50000,28,0,9.607011289359363,0
TZ-LOAN-19134,18.0,Mbeya,926926.1877350388,1000000,33,0,1.3421569031980318,0
TZ-LOAN-19135,34.0,Dodoma,785231.1251558798,100000,19,0,3.883229874592777,0
TZ-LOAN-19136,18.0,Arusha,525105.4227967917,1000000,25,3,9.955306931640438,1
TZ-LOAN-19137,69.0,Dodoma,610005.2580445681,500000,20,1,3.8585024098493137,0
TZ-LOAN-19138,62.0,Mwanza,554281.12406459,1000000,23,0,2.4942587891041015,0
TZ-LOAN-19139,47.0,Mbeya,375603.8794022811,250000,20,0,2.301215553226447,0
TZ-LOAN-19140,58.0,Dodoma,383611.11901951354,250000,31,0,2.4234212008156395,0
TZ-LOAN-19141,64.0,Arusha,958365.167430023,500000,30,0,4.778164010302886,0
TZ-LOAN-19142,20.0,Mwanza,101550.521621858,500000,32,0,,1
TZ-LOAN-19143,63.0,Mbeya,,100000,27,1,2.6839906624267584,0
TZ-LOAN-19144,28.0,Dodoma,547101.7323193304,50000,29,0,4.1116018910309435,0
TZ-LOAN-19145,41.0,Arusha,418247.418082352,100000,18,0,7.717801147346927,0
TZ-LOAN-19146,39.0,Dodoma,871927.7872091808,1000000,29,0,3.7750463857473533,0
TZ-LOAN-19147,61.0,Mbeya,1095564.9752441351,50000,20,0,13.030135863548987,0
TZ-LOAN-19148,62.0,Mwanza,985289.7324811872,500000,21,0,2.932893904772191,0
TZ-LOAN-19149,43.0,Dar es Salaam,800555.6148079672,250000,32,0,5.260468529455337,0
TZ-LOAN-19150,30.0,Mwanza,976059.0469165507,1000000,23,0,0.08868748099061119,0
TZ-LOAN-19151,18.0,Dodoma,135050.7268568402,100000,25,0,1.361984555961289,0
TZ-LOAN-19152,41.0,Dodoma,493450.8375535555,1500000,33,0,8.449373286945805,1
TZ-LOAN-19153,27.0,Dar es Salaam,376648.98199254664,1500000,23,0,4.41204448508838,1
TZ-LOAN-19154,52.0,Dodoma,,500000,25,1,14.609906063984418,0
TZ-LOAN-19155,41.0,Mwanza,534956.5943228339,50000,34,0,6.989334068295767,0
TZ-LOAN-19156,45.0,Mbeya,903621.9670346166,1500000,28,0,2.986130103121715,0
TZ-LOAN-19157,53.0,Mwanza,810757.0827465914,50000,30,0,7.5414347544118145,0
TZ-LOAN-19158,33.0,Mwanza,391307.9191508957,250000,25,0,3.153555417564432,0
TZ-LOAN-19159,57.0,Mwanza,473912.5370071147,500000,30,0,2.003648226320932,0
TZ-LOAN-19160,33.0,Mbeya,1038145.3072444177,500000,19,0,0.24120595232593361,0
TZ-LOAN-19161,34.0,Dodoma,417355.20539467596,1000000,22,3,10.035543519750707,1
TZ-LOAN-19162,68.0,Mwanza,,1000000,24,0,2.714521223479731,0
TZ-LOAN-19163,32.0,Mbeya,415237.6141020665,50000,36,0,5.778616868528282,0
TZ-LOAN-19164,33.0,Dodoma,-150000.0,1500000,23,0,0.8306240868605159,1
TZ-LOAN-19165,32.0,Mbeya,636151.4168090085,1500000,30,2,8.82935805960251,1
TZ-LOAN-19166,51.0,Mbeya,415140.0469107526,100000,22,0,8.692054154640964,0
TZ-LOAN-19167,28.0,Mwanza,361865.9138048355,50000,25,0,3.2903250608472994,0
TZ-LOAN-19168,18.0,Dar es Salaam,735882.0010332327,1500000,27,0,5.575914756015509,0
TZ-LOAN-19169,32.0,Mwanza,396578.7773626471,1000000,35,0,3.6850130427337473,0
TZ-LOAN-19170,43.0,Mbeya,406802.73329039826,1000000,13,0,4.0177795526177835,1
TZ-LOAN-19171,68.0,Mbeya,368284.0568894088,1000000,32,0,10.982194953445052,1
TZ-LOAN-19172,21.0,Mbeya,626627.5861006045,50000,24,0,17.043486883310827,0
TZ-LOAN-19173,60.0,Arusha,933110.4903199524,500000,20,0,2.2903669369949244,0
TZ-LOAN-19174,22.0,Mwanza,1101958.59089368,100000,29,2,2.0153383680893953,0
TZ-LOAN-19175,52.0,Dar es Salaam,432224.5742018664,100000,35,0,1.8106449230743984,0
TZ-LOAN-19176,30.0,Dodoma,,1000000,30,0,7.3649026380900295,0
TZ-LOAN-19177,27.0,Dar es Salaam,348588.54178796127,250000,25,1,6.416838297281197,0
TZ-LOAN-19178,28.0,Dar es Salaam,975064.5569983609,50000,35,0,0.2239413116146613,0
TZ-LOAN-19179,35.0,Arusha,433491.06379536726,1500000,21,0,0.4629941929525534,1
TZ-LOAN-19180,51.0,Mbeya,388723.0190389969,1500000,32,0,5.19518673925579,1
TZ-LOAN-19181,56.0,Dar es Salaam,426573.15296468337,500000,16,1,1.6076327785996727,0
TZ-LOAN-19182,58.0,Mbeya,634265.6901052643,1000000,20,0,0.4802440009432913,0
TZ-LOAN-19183,59.0,Mwanza,823991.6513100831,250000,23,1,2.6693089168092827,0
TZ-LOAN-19184,67.0,Mbeya,850960.4113714466,1000000,25,0,,0
TZ-LOAN-19185,40.0,Mbeya,366804.4953956335,250000,24,3,2.280991088038693,1
TZ-LOAN-19186,24.0,Mwanza,353102.2137466194,100000,21,0,,0
TZ-LOAN-19187,56.0,Mwanza,375008.3919909359,250000,18,1,11.541751880539053,0
TZ-LOAN-19188,20.0,Dar es Salaam,616593.6792843466,100000,20,0,0.9275115381774406,0
TZ-LOAN-19189,29.0,Arusha,586953.3187427376,100000,25,0,4.704220210062418,0
TZ-LOAN-19190,24.0,Dodoma,364947.36137906153,50000,27,0,11.911348269933576,0
TZ-LOAN-19191,66.0,Mwanza,730881.1082189733,250000,16,0,1.0747181536503847,0
TZ-LOAN-19192,43.0,Mwanza,1328770.6425005954,500000,24,0,22.420347206043814,0
TZ-LOAN-19193,50.0,Dodoma,498585.36144945456,500000,28,0,2.2713091590399914,0
TZ-LOAN-19194,54.0,Mbeya,519946.45363894,250000,37,0,1.2264717069930333,0
TZ-LOAN-19195,65.0,Mwanza,817898.4710973105,50000,11,0,9.095225336619052,0
TZ-LOAN-19196,32.0,Dodoma,482355.1124789615,500000,21,0,3.1547036202497485,0
TZ-LOAN-19197,19.0,Dar es Salaam,850689.3445154547,1000000,25,0,5.553599141864185,0
TZ-LOAN-19198,58.0,Arusha,434437.18796628795,500000,16,2,3.362873406060048,1
TZ-LOAN-19199,24.0,Mwanza,1199635.8822731902,50000,23,0,5.1574950837386115,0
TZ-LOAN-19200,49.0,Dodoma,753432.4917776884,100000,20,0,0.18004721201824184,0
TZ-LOAN-19201,21.0,Mwanza,463993.11527698656,100000,26,0,2.155301130638833,0
TZ-LOAN-19202,37.0,Mbeya,473392.4901592178,100000,33,1,5.354672280960805,0
TZ-LOAN-19203,67.0,Mwanza,495860.0741875895,50000,22,0,2.1599226659976263,0
TZ-LOAN-19204,53.0,Mwanza,1061824.899874662,100000,27,0,7.475071903413192,0
TZ-LOAN-19205,49.0,Mbeya,269374.697719615,100000,31,1,16.206183497238598,0
TZ-LOAN-19206,45.0,Mwanza,449617.4988621486,50000,31,0,0.19064607412073178,0
TZ-LOAN-19207,30.0,Mbeya,481501.83292237215,1000000,29,0,9.666090606961745,0
TZ-LOAN-19208,18.0,Dodoma,645293.6099729186,500000,25,0,0.9260126189652073,0
TZ-LOAN-19209,52.0,Arusha,568667.0922059617,50000,27,0,12.46492158525578,0
TZ-LOAN-19210,65.0,Arusha,202631.65058286116,50000,29,0,14.667802701983542,0
TZ-LOAN-19211,47.0,Dodoma,530053.1949213598,250000,27,0,4.210319958889187,0
TZ-LOAN-19212,53.0,Dar es Salaam,620134.7950445095,100000,33,1,3.2601425165577003,0
TZ-LOAN-19213,42.0,Dar es Salaam,461570.649476065,1500000,30,0,7.104426861934643,1
TZ-LOAN-19214,33.0,Arusha,856032.6467142995,1000000,30,0,12.506492029520233,0
TZ-LOAN-19215,36.0,Dodoma,925822.5286260941,1500000,27,0,1.3227326878765084,0
TZ-LOAN-19216,18.0,Mwanza,626483.9900811821,250000,29,0,2.4099069194438996,0
TZ-LOAN-19217,22.0,Dodoma,719162.4760552188,1000000,28,0,2.7024394463985986,0
TZ-LOAN-19218,68.0,Mbeya,1683.2007952186977,100000,28,1,9.348213086627736,1
TZ-LOAN-19219,39.0,Dodoma,523669.16835145047,1500000,21,0,0.7362222036495478,1
TZ-LOAN-19220,41.0,Dar es Salaam,951446.5075273737,100000,30,0,4.878136463577146,0
TZ-LOAN-19221,60.0,Mwanza,522969.02504621673,100000,34,1,2.161160624887672,0
TZ-LOAN-19222,62.0,Mwanza,428821.4970824117,500000,21,0,10.836519145689852,0
TZ-LOAN-19223,69.0,Arusha,1333306.6778092794,1000000,22,0,2.0759932165927437,0
TZ-LOAN-19224,54.0,Mbeya,1195723.1570587414,1000000,28,0,19.071371013499704,0
TZ-LOAN-19225,53.0,Mwanza,790272.4737446471,250000,22,0,0.07877789424802048,0
TZ-LOAN-19226,53.0,Arusha,991673.1834440143,50000,20,0,1.3692483978027155,0
TZ-LOAN-19227,21.0,Mwanza,-17780.625387423323,100000,22,0,3.056185671030254,0
TZ-LOAN-19228,53.0,Dar es Salaam,413734.56781138806,100000,25,0,1.4807530339662738,0
TZ-LOAN-19229,69.0,Mwanza,,1500000,20,1,6.6854930368346475,1
TZ-LOAN-19230,35.0,Dar es Salaam,579205.9703399162,250000,39,0,8.424889483615171,0
TZ-LOAN-19231,67.0,Dodoma,503016.7937078113,1000000,18,1,5.978502150496524,1
TZ-LOAN-19232,33.0,Dar es Salaam,-115007.88745490392,500000,23,0,17.59964839701,0
TZ-LOAN-19233,58.0,Dar es Salaam,765807.3856125679,1000000,24,1,3.0443794516548794,0
TZ-LOAN-19234,35.0,Dar es Salaam,813096.238484182,500000,34,0,19.502892565085904,0
TZ-LOAN-19235,39.0,Mwanza,1130569.6374769944,500000,28,0,0.6654324891667218,0
TZ-LOAN-19236,19.0,Mbeya,413507.2205675109,1000000,15,0,9.35221676582744,1
TZ-LOAN-19237,38.0,Dar es Salaam,388951.0526660293,1500000,30,2,0.19599826893566263,1
TZ-LOAN-19238,53.0,Arusha,-153995.34578934067,100000,27,0,3.7955436104572278,0
TZ-LOAN-19239,61.0,Mwanza,,500000,28,0,3.3128145493873173,0
TZ-LOAN-19240,56.0,Mbeya,920333.5343186515,1500000,31,0,9.70012409381372,0
TZ-LOAN-19241,64.0,Mbeya,466469.64134218416,250000,22,0,6.032086284986903,0
TZ-LOAN-19242,56.0,Mwanza,,250000,30,0,2.908534602518179,0
TZ-LOAN-19243,46.0,Arusha,573021.549263143,500000,23,0,11.301056108993318,0
TZ-LOAN-19244,43.0,Dodoma,694097.6852865667,100000,26,0,10.852059236854156,0
TZ-LOAN-19245,38.0,Mwanza,241069.07582552184,500000,21,0,0.12521401530597592,0
TZ-LOAN-19246,34.0,Mbeya,736166.1035525838,250000,24,0,10.240434549901813,0
TZ-LOAN-19247,33.0,Dodoma,56204.06154419144,250000,22,0,3.738918250419113,1
TZ-LOAN-19248,48.0,Mbeya,858109.3865039435,1000000,23,0,9.130538341042053,0
TZ-LOAN-19249,68.0,Dar es Salaam,867328.4528706237,100000,25,0,1.0003319218677031,0
TZ-LOAN-19250,26.0,Dodoma,1057787.427300953,1000000,21,0,0.8190430355153565,0
TZ-LOAN-19251,48.0,Mwanza,344009.3843696934,1500000,16,0,6.404325861753714,1
TZ-LOAN-19252,31.0,Mwanza,698168.6354892257,1500000,23,0,1.6103855927589978,0
TZ-LOAN-19253,66.0,Arusha,819144.9678159512,1500000,22,0,4.091744538351222,0
TZ-LOAN-19254,54.0,Dodoma,782684.4914990929,50000,16,1,5.836847098916298,0
TZ-LOAN-19255,19.0,Arusha,390410.21745954466,1500000,21,3,4.713269904720161,1
TZ-LOAN-19256,69.0,Mwanza,-67594.5668668421,500000,23,0,6.002651572674967,0
TZ-LOAN-19257,65.0,Arusha,754088.0890653443,1000000,27,1,4.842623431864092,0
TZ-LOAN-19258,63.0,Dodoma,604250.0965070241,1500000,20,0,2.3831519382595996,1
TZ-LOAN-19259,31.0,Mwanza,479998.82211156795,100000,39,0,0.47427070522895953,0
TZ-LOAN-19260,50.0,Mbeya,879183.6091146398,1500000,16,1,9.667023523938141,1
TZ-LOAN-19261,52.0,Mwanza,636524.13855367,500000,24,2,9.354280269449474,1
TZ-LOAN-19262,56.0,Arusha,,500000,31,0,0.028476248626224453,0
TZ-LOAN-19263,64.0,Arusha,70564.31327113358,500000,18,0,9.190027537191522,1
TZ-LOAN-19264,68.0,Mwanza,-150000.0,500000,21,1,0.8184145396111929,0
TZ-LOAN-19265,37.0,Dar es Salaam,1367903.688430036,500000,29,0,2.023796309360726,0
TZ-LOAN-19266,19.0,Dar es Salaam,866833.0321798319,100000,29,0,2.666622868853433,0
TZ-LOAN-19267,68.0,Dar es Salaam,706583.7025925035,50000,21,2,5.6914067540739035,0
TZ-LOAN-19268,58.0,Mbeya,595501.7218442586,250000,25,0,0.4848429400184157,0
TZ-LOAN-19269,36.0,Mbeya,575782.1180157693,50000,32,0,8.762085813879846,0
TZ-LOAN-19270,54.0,Mbeya,1000158.7950077285,250000,19,0,14.30144484909725,0
TZ-LOAN-19271,35.0,Mwanza,502821.27742897056,1000000,22,0,15.25578821676103,1
TZ-LOAN-19272,33.0,Mwanza,823076.1232052878,500000,30,0,0.48166251935192467,0
TZ-LOAN-19273,21.0,Dodoma,545471.6149125218,1000000,25,0,12.590058332752253,0
TZ-LOAN-19274,29.0,Dar es Salaam,1232046.9895505188,1000000,21,0,4.194668487452632,0
TZ-LOAN-19275,46.0,Dodoma,872686.5522734912,250000,30,0,6.490109212546965,0
TZ-LOAN-19276,24.0,Dar es Salaam,1023667.0444050876,100000,23,0,13.339104779061042,0
TZ-LOAN-19277,31.0,Arusha,474677.06759352837,500000,19,1,5.408708846531657,0
TZ-LOAN-19278,29.0,Dodoma,967440.8337702265,1500000,30,0,3.0508311596221267,0
TZ-LOAN-19279,52.0,Mwanza,556226.7723815928,1000000,24,0,3.723379706702082,0
TZ-LOAN-19280,22.0,Arusha,683010.4471798547,50000,20,3,5.768038120635549,0
TZ-LOAN-19281,34.0,Dodoma,1140514.3011858375,500000,24,0,14.474812509301898,0
TZ-LOAN-19282,59.0,Arusha,337167.48297307425,100000,30,0,,0
TZ-LOAN-19283,49.0,Arusha,710974.3193916201,500000,21,0,4.302710542979795,0
TZ-LOAN-19284,27.0,Arusha,781401.577555618,1500000,19,0,1.185009867644313,0
TZ-LOAN-19285,60.0,Mwanza,806001.3142402429,1500000,25,0,2.1288170950132024,0
TZ-LOAN-19286,34.0,Arusha,514764.6520719604,1000000,22,1,,1
TZ-LOAN-19287,22.0,Mwanza,1275879.2302424244,50000,30,0,1.7066382633927857,0
TZ-LOAN-19288,62.0,Mbeya,261520.4343979219,1000000,21,0,6.866803495459407,1
TZ-LOAN-19289,59.0,Arusha,1087665.6165897409,100000,21,1,9.039066270930995,0
TZ-LOAN-19290,26.0,Dar es Salaam,1014519.6816774916,250000,26,3,1.927069133472069,0
TZ-LOAN-19291,66.0,Mwanza,1220266.6368811056,1500000,32,0,9.358105529297676,0
TZ-LOAN-19292,50.0,Mbeya,173531.87038765394,50000,26,0,6.629523571097793,0
TZ-LOAN-19293,53.0,Mwanza,389350.5536330869,1500000,24,0,2.909070994893135,1
TZ-LOAN-19294,53.0,Arusha,1097582.9177484922,100000,28,0,5.997630692255509,0
TZ-LOAN-19295,35.0,Mwanza,86888.25361090736,100000,29,0,7.334015964888193,0
TZ-LOAN-19296,26.0,Dodoma,168062.32968787587,1500000,34,0,4.116633604840227,1
TZ-LOAN-19297,46.0,Dodoma,503507.6639865525,1000000,31,0,2.926968155951526,0
TZ-LOAN-19298,67.0,Dar es Salaam,707598.1365866803,1500000,28,0,0.5363363669493997,0
TZ-LOAN-19299,31.0,Mwanza,1127667.5220946325,1000000,25,1,0.00685304988175252,0
TZ-LOAN-19300,42.0,Arusha,594420.2255208925,1500000,21,0,13.843087934837515,1
TZ-LOAN-19301,32.0,Arusha,467528.2555806382,1000000,22,0,1.5563557946841788,0
TZ-LOAN-19302,23.0,Dodoma,743416.9813089281,250000,15,0,5.438124665438454,0
TZ-LOAN-19303,59.0,Mwanza,790878.9449883202,500000,16,0,14.355301417858952,0
TZ-LOAN-19304,46.0,Arusha,782371.9466510813,500000,39,0,8.526751523084275,0
TZ-LOAN-19305,32.0,Mbeya,596604.1376145965,1000000,21,0,0.6538634595580607,0
TZ-LOAN-19306,46.0,Arusha,63474.16582455509,1000000,33,3,8.0952308827387,1
TZ-LOAN-19307,21.0,Mwanza,374715.20326810033,250000,33,1,6.480314352554725,0
TZ-LOAN-19308,35.0,Dodoma,1076081.3255802386,500000,32,0,1.9978906224050597,0
TZ-LOAN-19309,67.0,Mbeya,706120.6813929799,250000,23,0,5.8494964217268635,0
TZ-LOAN-19310,66.0,Arusha,-150000.0,100000,28,0,8.740260306314877,0
TZ-LOAN-19311,61.0,Dar es Salaam,985450.5645121925,1500000,30,1,1.722475027789295,0
TZ-LOAN-19312,56.0,Dar es Salaam,310965.0102893155,500000,33,1,10.16390725800051,0
TZ-LOAN-19313,33.0,Dodoma,582395.5598860977,1000000,21,0,0.4104686282152504,0
TZ-LOAN-19314,28.0,Mbeya,691327.5215522111,50000,22,0,3.74810571766249,0
TZ-LOAN-19315,31.0,Dar es Salaam,517586.7490116112,100000,20,0,1.3277745127132177,0
TZ-LOAN-19316,20.0,Dar es Salaam,680228.8468704796,1500000,35,0,6.5099589814001195,0
TZ-LOAN-19317,68.0,Arusha,593691.8205734704,50000,35,0,0.9610473560308617,0
TZ-LOAN-19318,67.0,Mwanza,230197.0856642375,250000,16,0,2.0886029218219977,0
TZ-LOAN-19319,59.0,Arusha,704443.3645637168,1500000,16,0,0.6813084785302793,0
TZ-LOAN-19320,55.0,Arusha,251494.46254613972,250000,23,0,8.354299513827396,0
TZ-LOAN-19321,62.0,Dodoma,699684.5375290166,250000,42,1,0.7094009292979052,0
TZ-LOAN-19322,59.0,Arusha,1062240.7472450328,1000000,22,0,6.42142618330468,0
TZ-LOAN-19323,35.0,Mbeya,565693.0408171837,250000,19,0,6.141843528133358,0
TZ-LOAN-19324,37.0,Mbeya,298555.0610087041,50000,27,0,0.7679031367995464,0
TZ-LOAN-19325,65.0,Mwanza,611903.6560385058,100000,28,0,4.1741421962691065,0
TZ-LOAN-19326,42.0,Dar es Salaam,400408.6675764406,1000000,30,0,3.4346260691375803,0
TZ-LOAN-19327,55.0,Dar es Salaam,828352.7007894409,100000,24,3,4.513228365089158,0
TZ-LOAN-19328,30.0,Mwanza,605603.375743144,250000,23,0,13.84120155258675,0
TZ-LOAN-19329,21.0,Mwanza,1162928.975499372,500000,29,0,0.4198274970417224,0
TZ-LOAN-19330,31.0,Arusha,998896.8787032014,1500000,22,0,8.588004266441988,0
TZ-LOAN-19331,50.0,Dodoma,604075.8486555791,1000000,18,1,9.90640303470381,1
TZ-LOAN-19332,45.0,Dar es Salaam,864682.7203919273,250000,25,0,0.6749427850322847,0
TZ-LOAN-19333,69.0,Dar es Salaam,532029.0772511463,1000000,30,1,5.33711105479658,1
TZ-LOAN-19334,54.0,Mwanza,-150000.0,500000,17,0,6.0553756291866945,0
TZ-LOAN-19335,25.0,Mwanza,541569.7410949063,50000,24,2,3.9777413151851566,0
TZ-LOAN-19336,61.0,Dar es Salaam,879936.7879549126,50000,34,0,,0
TZ-LOAN-19337,51.0,Dar es Salaam,1079896.4830128734,1500000,25,0,1.9122970961026886,0
TZ-LOAN-19338,61.0,Arusha,889594.462157343,50000,24,0,5.8411236823465025,0
TZ-LOAN-19339,22.0,Dar es Salaam,926580.9803856068,500000,23,0,1.681187927159181,0
TZ-LOAN-19340,22.0,Mwanza,926910.0311707188,100000,22,0,3.081145396516602,0
TZ-LOAN-19341,48.0,Mbeya,815376.776700413,500000,26,0,9.737477882002741,0
TZ-LOAN-19342,62.0,Mbeya,308214.1522369196,500000,29,0,0.4690266354012963,0
TZ-LOAN-19343,26.0,Mbeya,1160291.45582495,250000,27,2,3.7578052198177048,0
TZ-LOAN-19344,59.0,Arusha,1191323.2480095276,50000,31,2,3.3283805526258865,0
TZ-LOAN-19345,49.0,Mbeya,579836.1190059895,1000000,27,0,2.3779471890332085,0
TZ-LOAN-19346,50.0,Dodoma,538790.6254351455,1500000,19,0,4.550669779357722,1
TZ-LOAN-19347,20.0,Dodoma,833723.4958746125,100000,20,0,0.07874941256184875,0
TZ-LOAN-19348,47.0,Arusha,815243.8505550515,1000000,19,0,3.390993095130608,0
TZ-LOAN-19349,67.0,Mbeya,589416.1793740944,250000,19,0,3.3246506663821225,0
TZ-LOAN-19350,29.0,Mwanza,274992.3033237188,250000,19,0,3.6295120335442195,0
TZ-LOAN-19351,46.0,Arusha,741710.3572249331,100000,24,3,1.1940802308291911,0
TZ-LOAN-19352,20.0,Dar es Salaam,815430.9614526636,1000000,17,0,1.1634227396344226,0
TZ-LOAN-19353,43.0,Arusha,867746.3444116391,100000,19,1,5.2093060309321215,0
TZ-LOAN-19354,47.0,Dodoma,754787.8317062622,100000,33,0,,0
TZ-LOAN-19355,26.0,Mwanza,568665.4554914272,50000,38,0,1.8258512250461822,0
TZ-LOAN-19356,43.0,Mbeya,,1000000,24,0,8.883839823506475,0
TZ-LOAN-19357,19.0,Dodoma,669754.5492697755,50000,24,0,0.5477562605521892,0
TZ-LOAN-19358,20.0,Mbeya,510523.0956905838,50000,22,1,3.1561791873535894,0
TZ-LOAN-19359,63.0,Mbeya,595803.9853862837,1500000,26,3,5.522609799052659,1
TZ-LOAN-19360,21.0,Arusha,126209.29025750543,50000,23,0,0.7636838388058007,0
TZ-LOAN-19361,42.0,Arusha,595327.4527464383,500000,29,0,1.8731971748392364,0
TZ-LOAN-19362,68.0,Dodoma,-150000.0,250000,26,0,4.09078839153736,0
TZ-LOAN-19363,30.0,Mbeya,751934.906641769,250000,23,0,1.981742863161105,0
TZ-LOAN-19364,56.0,Arusha,1106199.2518943558,500000,29,0,0.5823195312388909,0
TZ-LOAN-19365,61.0,Dodoma,571107.5257952887,100000,26,1,1.3224740158646686,0
TZ-LOAN-19366,52.0,Mbeya,796193.9489159948,1000000,23,0,0.5793855810857177,0
TZ-LOAN-19367,40.0,Dar es Salaam,887822.0528917316,1000000,22,0,20.538885798548424,0
TZ-LOAN-19368,26.0,Dar es Salaam,1352857.1024862225,1000000,23,3,1.3436382645188136,1
TZ-LOAN-19369,19.0,Dodoma,693429.6473352921,50000,16,0,3.7810097018040527,0
TZ-LOAN-19370,58.0,Dar es Salaam,336743.846340793,1000000,18,0,2.7976456706733006,1
TZ-LOAN-19371,61.0,Mwanza,904378.6260065846,1000000,23,1,4.214197692304703,0
TZ-LOAN-19372,48.0,Dodoma,1209718.206790537,1000000,32,0,,0
TZ-LOAN-19373,61.0,Dodoma,553235.3869320136,250000,32,0,6.4943824127377505,0
TZ-LOAN-19374,64.0,Mbeya,902324.4615819247,500000,27,0,10.3183881204362,0
TZ-LOAN-19375,19.0,Mwanza,1018618.416568676,1500000,14,2,1.6794577372967014,1
TZ-LOAN-19376,49.0,Dodoma,955119.6631910461,100000,21,0,1.0142956755111994,0
TZ-LOAN-19377,35.0,Arusha,687667.5567420734,500000,19,0,20.783179309160577,0
TZ-LOAN-19378,30.0,Dodoma,440457.87253605615,1000000,34,0,10.052281855363782,0
TZ-LOAN-19379,63.0,Mwanza,,100000,25,0,2.262141216143632,0
TZ-LOAN-19380,22.0,Dodoma,787580.1361632892,100000,31,1,11.258832868688376,0
TZ-LOAN-19381,59.0,Dar es Salaam,922466.7572275187,500000,27,0,5.551597426531084,0
TZ-LOAN-19382,61.0,Mwanza,750183.5143997117,500000,23,0,,0
TZ-LOAN-19383,27.0,Arusha,536027.6100378269,500000,26,0,10.334480902026277,0
TZ-LOAN-19384,60.0,Mwanza,816613.8968449306,1500000,30,3,5.624001893623855,1
TZ-LOAN-19385,42.0,Dodoma,908025.5203228461,500000,30,0,8.756482914186883,0
TZ-LOAN-19386,51.0,Arusha,763883.0169243441,1500000,20,0,2.7043605190474023,0
TZ-LOAN-19387,54.0,Arusha,,50000,33,0,8.015178571149633,0
TZ-LOAN-19388,47.0,Arusha,595578.189584843,250000,24,1,2.2858472179186413,0
TZ-LOAN-19389,24.0,Dar es Salaam,934346.23292374,1500000,23,0,6.641619685816144,0
TZ-LOAN-19390,23.0,Mwanza,235094.65737665788,250000,29,0,2.8593450055050558,0
TZ-LOAN-19391,20.0,Dodoma,22046.593282652204,1000000,34,0,2.5976049692756886,1
TZ-LOAN-19392,30.0,Dar es Salaam,1102424.8550432061,50000,34,0,7.963713995041878,0
TZ-LOAN-19393,20.0,Arusha,803424.5765065639,100000,32,0,0.6678671477913263,0
TZ-LOAN-19394,43.0,Dodoma,832019.000756032,500000,22,0,13.169982291617814,0
TZ-LOAN-19395,41.0,Mbeya,326954.9079118832,1000000,28,0,3.5533056139978783,1
TZ-LOAN-19396,23.0,Dodoma,871258.4190399614,100000,13,0,5.054029121909947,0
TZ-LOAN-19397,60.0,Mbeya,732574.6062705093,250000,30,2,2.598167269180292,0
TZ-LOAN-19398,150.0,Mbeya,174701.72664548084,100000,25,0,5.190521655049482,0
TZ-LOAN-19399,59.0,Arusha,1077285.0242821572,500000,24,0,6.186811225589242,0
TZ-LOAN-19400,29.0,Mbeya,697604.9970856187,500000,32,0,10.142880442902793,0
TZ-LOAN-19401,66.0,Dar es Salaam,531174.8101762193,1500000,26,0,9.63372981441934,1
TZ-LOAN-19402,53.0,Arusha,536603.0762044347,1500000,24,0,2.2143919385850492,1
TZ-LOAN-19403,19.0,Mbeya,45433.42837028706,250000,27,0,4.783648256347576,1
TZ-LOAN-19404,28.0,Mwanza,,500000,20,1,7.583776325882312,0
TZ-LOAN-19405,56.0,Dar es Salaam,728557.1621737176,50000,23,1,7.2379452015381744,0
TZ-LOAN-19406,51.0,Mwanza,591775.9603000715,1000000,34,2,11.078893426092481,1
TZ-LOAN-19407,43.0,Dodoma,1033545.5622355016,250000,32,0,8.917276409080191,0
TZ-LOAN-19408,35.0,Dar es Salaam,234842.2943012463,250000,28,1,6.326687192920258,0
TZ-LOAN-19409,38.0,Mwanza,470968.25708971545,100000,27,0,,0
TZ-LOAN-19410,53.0,Mwanza,394997.52357188426,250000,18,0,8.236834967476081,0
TZ-LOAN-19411,57.0,Arusha,566361.5060685341,1000000,27,2,9.097354873026033,1
TZ-LOAN-19412,69.0,Dodoma,670241.0075771669,50000,23,2,2.1744878386481306,0
TZ-LOAN-19413,63.0,Dar es Salaam,779004.0571434065,100000,25,1,7.611961997215068,0
TZ-LOAN-19414,61.0,Dar es Salaam,545907.9640684648,1000000,28,0,14.900179179302686,0
TZ-LOAN-19415,39.0,Dar es Salaam,386793.2794535319,1500000,23,0,1.326103725394562,1
TZ-LOAN-19416,47.0,Mbeya,1155802.0849311333,250000,33,2,0.2471853984631324,0
TZ-LOAN-19417,67.0,Dar es Salaam,1373492.0575365706,500000,38,0,0.37575337806645487,0
TZ-LOAN-19418,60.0,Mbeya,692986.0015646076,1500000,18,1,1.2213136242687863,1
TZ-LOAN-19419,47.0,Arusha,422965.88989373983,500000,31,0,12.615558271228952,0
TZ-LOAN-19420,25.0,Mbeya,1092636.2393126884,1000000,29,1,0.6779308476441791,0
TZ-LOAN-19421,51.0,Dodoma,215972.86810146045,50000,26,0,6.883761050097156,0
TZ-LOAN-19422,64.0,Mbeya,,500000,20,0,10.088678811806579,0
TZ-LOAN-19423,26.0,Dodoma,441164.8845961095,1000000,24,1,10.499079354689488,1
TZ-LOAN-19424,68.0,Dodoma,302139.33486485336,100000,30,0,,0
TZ-LOAN-19425,37.0,Dodoma,565992.7301234691,250000,26,0,3.4185763557881916,0
TZ-LOAN-19426,57.0,Dodoma,390748.37624781055,50000,26,1,1.9522582978053582,0
TZ-LOAN-19427,42.0,Dar es Salaam,653796.3392445963,50000,35,0,0.7969977630645052,0
TZ-LOAN-19428,36.0,Dodoma,658153.1503017392,100000,28,0,1.192372833246568,0
TZ-LOAN-19429,22.0,Mwanza,463600.4829434062,50000,28,0,0.7238870611295365,0
TZ-LOAN-19430,28.0,Arusha,538845.9930218391,1000000,32,0,2.617209950419048,0
TZ-LOAN-19431,32.0,Mwanza,580745.3096288869,50000,26,0,0.9337301521824709,0
TZ-LOAN-19432,25.0,Dar es Salaam,-150000.0,50000,18,2,2.582548426124365,0
TZ-LOAN-19433,36.0,Dodoma,605471.1796807443,50000,25,0,9.525395498544258,0
TZ-LOAN-19434,40.0,Mbeya,897410.5222358292,1000000,30,2,5.314039351527927,1
TZ-LOAN-19435,44.0,Dar es Salaam,825743.8950663967,1500000,26,0,5.43468031087748,0
TZ-LOAN-19436,57.0,Arusha,821459.2090702226,250000,23,0,8.353006074514536,0
TZ-LOAN-19437,49.0,Mbeya,1066353.791103792,500000,29,0,0.21033002379161214,0
TZ-LOAN-19438,43.0,Mbeya,314182.73607622704,1500000,21,0,7.911811311989876,1
TZ-LOAN-19439,44.0,Dodoma,508045.06810786587,50000,25,3,1.0929499360902102,0
TZ-LOAN-19440,36.0,Arusha,1178989.640089871,100000,24,0,2.1226808355398474,0
TZ-LOAN-19441,67.0,Arusha,572805.0498232198,100000,20,0,1.841156045139637,0
TZ-LOAN-19442,59.0,Mbeya,-194537.10697175493,1000000,25,1,0.5583214242204971,0
TZ-LOAN-19443,46.0,Arusha,589109.4970556344,250000,30,1,0.9540469092158537,0
TZ-LOAN-19444,56.0,Mwanza,690481.8590489749,50000,24,3,15.65743890480821,1
TZ-LOAN-19445,58.0,Dodoma,-135133.93522936327,1000000,19,0,4.584858028065508,0
TZ-LOAN-19446,50.0,Dodoma,1050180.6919663844,500000,26,0,3.21200190966752,0
TZ-LOAN-19447,36.0,Mwanza,435886.2608403194,250000,18,0,7.089849530414273,0
TZ-LOAN-19448,54.0,Mwanza,748568.9345562547,250000,18,0,8.4030419009422,0
TZ-LOAN-19449,36.0,Arusha,582205.5363967813,1000000,21,0,0.5841460067236903,0
TZ-LOAN-19450,50.0,Mbeya,263494.5742387875,1500000,16,0,6.752810463452069,1
TZ-LOAN-19451,64.0,Arusha,328847.55960937403,100000,33,0,13.470480457242322,0
TZ-LOAN-19452,33.0,Mwanza,369475.1490717359,1500000,30,0,4.402640553360343,1
TZ-LOAN-19453,40.0,Dodoma,975701.5727550914,250000,26,0,4.761623011390641,0
TZ-LOAN-19454,24.0,Dodoma,605738.5435699545,100000,22,2,10.216793737177557,0
TZ-LOAN-19455,43.0,Dodoma,493440.345034476,250000,22,0,5.689092936139481,0
TZ-LOAN-19456,49.0,Arusha,369617.3262229306,250000,23,1,26.76652069632444,0
TZ-LOAN-19457,29.0,Mwanza,1008845.0664578379,250000,19,2,1.6612612188091338,0
TZ-LOAN-19458,25.0,Mbeya,1089260.3817570761,500000,32,0,9.337177406911113,0
TZ-LOAN-19459,22.0,Arusha,1005423.1696120042,100000,24,0,4.739025944606607,0
TZ-LOAN-19460,59.0,Dodoma,797731.20174625,500000,18,0,2.2764464155274347,0
TZ-LOAN-19461,45.0,Mwanza,736949.0125612135,100000,32,1,10.730457396658004,0
TZ-LOAN-19462,22.0,Mbeya,285218.6546072296,500000,29,0,27.925007831866445,1
TZ-LOAN-19463,66.0,Dar es Salaam,576254.2619866828,500000,29,0,0.2979505574194069,0
TZ-LOAN-19464,43.0,Arusha,444841.938996069,500000,24,0,12.986308294332854,0
TZ-LOAN-19465,22.0,Dar es Salaam,,1000000,21,0,1.1351994272965904,1
TZ-LOAN-19466,39.0,Mwanza,967113.0257496097,500000,25,3,1.148248489212088,1
TZ-LOAN-19467,32.0,Dar es Salaam,441251.01608231745,1500000,27,1,0.21326466049476206,1
TZ-LOAN-19468,30.0,Dodoma,1008782.5722305921,1500000,22,0,12.767280992748756,0
TZ-LOAN-19469,45.0,Arusha,914523.9202280036,250000,20,0,7.123056624015013,0
TZ-LOAN-19470,50.0,Mbeya,817015.3929900257,50000,23,0,0.27465312417754395,0
TZ-LOAN-19471,60.0,Dodoma,833865.2215289552,500000,20,1,5.019264157901241,0
TZ-LOAN-19472,40.0,Mwanza,465405.8353778877,50000,25,0,0.6399307762356022,0
TZ-LOAN-19473,50.0,Arusha,1207355.0453871996,50000,16,3,6.95965551777067,1
TZ-LOAN-19474,60.0,Mwanza,662937.6292859147,250000,26,0,2.6301518527808385,0
TZ-LOAN-19475,35.0,Mwanza,740579.5055356112,50000,24,0,0.26582698433723084,0
TZ-LOAN-19476,67.0,Mwanza,455277.0999300083,50000,26,0,8.842386543519783,0
TZ-LOAN-19477,47.0,Arusha,,1500000,17,0,4.247990725529585,1
TZ-LOAN-19478,43.0,Dodoma,793188.8026428269,50000,20,1,7.411123595980779,0
TZ-LOAN-19479,33.0,Mwanza,715254.0487816356,100000,29,0,5.612438011845224,0
TZ-LOAN-19480,30.0,Mbeya,413194.2902292268,500000,20,3,2.8493070058569767,1
TZ-LOAN-19481,56.0,Dodoma,218471.98436737875,500000,24,1,5.997687599373295,1
TZ-LOAN-19482,50.0,Mwanza,269023.0738017359,50000,29,1,0.07431687819732734,0
TZ-LOAN-19483,43.0,Arusha,-150000.0,250000,28,0,2.075589425463214,0
TZ-LOAN-19484,65.0,Mwanza,466023.8556049785,100000,26,0,7.522088684032733,0
TZ-LOAN-19485,18.0,Mwanza,548327.4362972499,250000,28,0,7.199781910763486,0
TZ-LOAN-19486,66.0,Dar es Salaam,1085102.0776277187,250000,20,3,10.919983784380275,1
TZ-LOAN-19487,55.0,Dar es Salaam,-150000.0,50000,21,0,4.721464805633194,0
TZ-LOAN-19488,19.0,Dodoma,431901.552284883,1000000,34,0,14.25355588872197,1
TZ-LOAN-19489,66.0,Dar es Salaam,419369.95143179205,50000,25,2,4.0789724626766235,0
TZ-LOAN-19490,23.0,Arusha,1135420.544349812,1500000,23,0,3.4702780323450204,0
TZ-LOAN-19491,63.0,Dar es Salaam,,1000000,18,0,1.098351755320495,0
TZ-LOAN-19492,67.0,Arusha,875468.9676206512,100000,29,0,7.544263332680078,0
TZ-LOAN-19493,55.0,Mwanza,885015.417246272,1000000,28,2,5.88920540495694,1
TZ-LOAN-19494,59.0,Dodoma,475893.4991441807,50000,23,0,,0
TZ-LOAN-19495,41.0,Dar es Salaam,1234198.546071285,50000,19,2,0.4556925811024536,0
TZ-LOAN-19496,35.0,Dar es Salaam,730308.8763075985,250000,20,0,0.6716721793704086,0
TZ-LOAN-19497,44.0,Dodoma,905933.079334922,50000,28,1,0.6077950054898035,0
TZ-LOAN-19498,58.0,Arusha,618342.5183687138,1500000,24,0,2.354814911101957,0
TZ-LOAN-19499,25.0,Arusha,569590.2238017168,50000,28,0,,0
TZ-LOAN-19500,45.0,Dar es Salaam,1148912.6778788352,500000,27,1,9.860730070304305,0
TZ-LOAN-19501,27.0,Arusha,811917.1039214921,500000,22,0,11.480337915029647,0
TZ-LOAN-19502,34.0,Arusha,1085412.6383211145,250000,29,0,9.716485093181625,0
TZ-LOAN-19503,46.0,Dar es Salaam,726598.4515235133,1000000,37,0,4.693383931783063,0
TZ-LOAN-19504,23.0,Dar es Salaam,395490.03907307284,1000000,28,0,4.536102436915874,1
TZ-LOAN-19505,31.0,Dar es Salaam,474997.12013645365,500000,25,0,11.078555924072873,0
TZ-LOAN-19506,39.0,Mbeya,680889.5727393832,1500000,21,0,2.606974416166849,0
TZ-LOAN-19507,23.0,Dar es Salaam,462049.93518700195,100000,25,0,0.3218623769710271,0
TZ-LOAN-19508,43.0,Mbeya,317761.5774116928,1500000,26,0,3.1781017679388333,1
TZ-LOAN-19509,56.0,Mwanza,1010425.1095361074,500000,27,0,4.033936753334278,0
TZ-LOAN-19510,29.0,Arusha,486538.97875294636,1500000,29,1,3.986454905581416,1
TZ-LOAN-19511,52.0,Mbeya,691457.8243373961,100000,18,0,0.8658423490351098,0
TZ-LOAN-19512,31.0,Mwanza,738840.0769656814,1000000,28,0,7.648814207697734,0
TZ-LOAN-19513,39.0,Arusha,473554.0624038294,500000,22,0,6.583224166124769,0
TZ-LOAN-19514,68.0,Arusha,1085239.8398926219,50000,23,0,1.3058689360843063,0
TZ-LOAN-19515,40.0,Arusha,314857.4716386162,100000,20,2,4.006215834678511,0
TZ-LOAN-19516,65.0,Dodoma,728487.5790742312,100000,24,0,7.811059346866964,0
TZ-LOAN-19517,24.0,Dodoma,723835.311912975,100000,25,0,0.03857150917154181,0
TZ-LOAN-19518,57.0,Mbeya,633723.6191407556,1000000,26,0,1.6089858676758608,0
TZ-LOAN-19519,67.0,Mbeya,260926.21601840522,1500000,27,0,3.1936535853884926,1
TZ-LOAN-19520,42.0,Arusha,911245.2655590393,250000,21,0,9.322670276304834,0
TZ-LOAN-19521,30.0,Mwanza,873053.201100379,50000,30,0,8.021437738573217,0
TZ-LOAN-19522,38.0,Mbeya,447329.4414226351,500000,20,0,0.8184364349721762,0
TZ-LOAN-19523,58.0,Dar es Salaam,862246.1621616086,1500000,29,0,3.1063832757590504,0
TZ-LOAN-19524,27.0,Dar es Salaam,762472.3058902328,100000,35,0,1.8166042468741594,0
TZ-LOAN-19525,26.0,Mbeya,265816.3563916675,1000000,21,0,2.5660895781526545,1
TZ-LOAN-19526,32.0,Mwanza,393821.32562859275,100000,20,0,3.889439996611279,0
TZ-LOAN-19527,69.0,Dar es Salaam,991484.4334668738,1500000,30,0,3.4591458890776883,0
TZ-LOAN-19528,19.0,Arusha,,500000,18,0,0.7632777205272891,0
TZ-LOAN-19529,42.0,Arusha,480709.1162568121,50000,27,0,0.6487676755211881,0
TZ-LOAN-19530,30.0,Dodoma,392457.2326482074,100000,31,0,0.6978560171827429,0
TZ-LOAN-19531,51.0,Dodoma,495381.86056537373,1000000,31,1,9.203329113394927,1
TZ-LOAN-19532,68.0,Dodoma,516656.14103668864,1000000,19,0,,0
TZ-LOAN-19533,51.0,Mwanza,396211.0902112245,250000,20,0,1.1307693488441803,0
TZ-LOAN-19534,52.0,Arusha,127470.76628500933,1000000,28,3,15.60554538332928,1
TZ-LOAN-19535,55.0,Mwanza,992003.9859202356,250000,34,1,0.3415084086731373,0
TZ-LOAN-19536,20.0,Dar es Salaam,941190.101783433,50000,23,0,0.18498746033210173,0
TZ-LOAN-19537,59.0,Arusha,268023.36445794214,500000,31,0,2.4496386094915774,0
TZ-LOAN-19538,23.0,Dodoma,690893.3886691004,250000,27,0,0.8196617738001017,0
TZ-LOAN-19539,65.0,Dodoma,379328.53918557,100000,24,2,4.170830388524695,0
TZ-LOAN-19540,66.0,Dar es Salaam,571529.8330320395,1500000,30,1,2.0668385774707283,1
TZ-LOAN-19541,36.0,Arusha,546570.026037903,100000,30,0,1.1720932135132525,0
TZ-LOAN-19542,20.0,Mwanza,,500000,20,0,32.86254922920276,0
TZ-LOAN-19543,35.0,Mwanza,1250884.125222886,1000000,28,0,2.0859487883256813,0
TZ-LOAN-19544,56.0,Dar es Salaam,517902.29459714284,1500000,27,0,5.1222542671977145,1
TZ-LOAN-19545,26.0,Arusha,,100000,17,0,10.36185458008519,0
TZ-LOAN-19546,69.0,Mwanza,421225.57115088566,1500000,35,1,12.780111569639075,1
TZ-LOAN-19547,29.0,Dodoma,963133.0869205266,250000,34,2,2.6392426681653003,0
TZ-LOAN-19548,22.0,Dodoma,,500000,25,0,18.681167422956978,1
TZ-LOAN-19549,20.0,Mwanza,421213.12506934395,100000,26,0,6.447023844376516,0
TZ-LOAN-19550,28.0,Arusha,1084046.85203346,1000000,27,0,4.376652750307468,0
TZ-LOAN-19551,47.0,Mwanza,723195.856399294,1500000,29,2,5.909089120625569,1
TZ-LOAN-19552,21.0,Dar es Salaam,707576.601510834,1000000,24,0,2.2325119817081034,0
TZ-LOAN-19553,22.0,Arusha,1289643.9380431105,1500000,26,0,2.761758286101699,0
TZ-LOAN-19554,18.0,Mwanza,723904.3858845497,100000,25,0,4.412697023703268,0
TZ-LOAN-19555,44.0,Dodoma,437544.1515921253,500000,17,0,,0
TZ-LOAN-19556,45.0,Arusha,565376.8829370954,50000,25,0,7.3226146437389295,0
TZ-LOAN-19557,46.0,Mbeya,309370.30729082937,100000,28,0,1.445660954346701,0
TZ-LOAN-19558,35.0,Arusha,1026781.112004709,1000000,24,1,7.967958394231455,0
TZ-LOAN-19559,29.0,Dodoma,822368.5152610146,50000,28,0,,0
TZ-LOAN-19560,30.0,Arusha,987324.2449912666,500000,32,0,1.225609500929242,0
TZ-LOAN-19561,58.0,Dar es Salaam,1013895.1785648111,1000000,26,0,6.993736298657439,0
TZ-LOAN-19562,19.0,Dodoma,525736.7657217402,500000,31,0,1.526797413171967,0
TZ-LOAN-19563,54.0,Dodoma,366574.14439733303,1500000,28,0,7.933351657838931,1
TZ-LOAN-19564,62.0,Dar es Salaam,634486.0666075862,100000,19,0,7.659375925073217,0
TZ-LOAN-19565,33.0,Mbeya,,500000,22,1,1.4873237642275332,0
TZ-LOAN-19566,65.0,Arusha,699487.0626227075,1000000,18,0,0.37944556637161614,0
TZ-LOAN-19567,41.0,Dar es Salaam,989629.0642504068,100000,29,0,0.9097716088790129,0
TZ-LOAN-19568,52.0,Arusha,599558.1061852499,1000000,25,1,6.982263483068465,1
TZ-LOAN-19569,39.0,Arusha,,1000000,23,0,9.386397428611637,0
TZ-LOAN-19570,53.0,Mbeya,621846.31513299,50000,20,0,2.414881150409626,0
TZ-LOAN-19571,28.0,Arusha,890818.2717313094,250000,31,0,0.896942300096471,0
TZ-LOAN-19572,63.0,Dar es Salaam,449665.28171351296,500000,28,2,0.39234753820943535,0
TZ-LOAN-19573,46.0,Arusha,-8933.87849292974,500000,17,0,1.2155581220786609,0
TZ-LOAN-19574,52.0,Arusha,791260.6578126142,50000,20,0,19.481944523313295,0
TZ-LOAN-19575,65.0,Mbeya,946350.3263923981,1500000,25,2,0.9332928400102687,1
TZ-LOAN-19576,32.0,Arusha,783912.2734275607,500000,25,0,0.4505372169553307,0
TZ-LOAN-19577,48.0,Dodoma,457930.85135959584,50000,11,0,7.696610560132563,0
TZ-LOAN-19578,59.0,Mwanza,309496.3705441793,500000,32,0,4.777906677763935,0
TZ-LOAN-19579,58.0,Dodoma,798349.2595340965,500000,30,0,3.8266687764503713,0
TZ-LOAN-19580,60.0,Mbeya,692443.6858804021,1000000,24,0,2.9697007617685243,0
TZ-LOAN-19581,33.0,Arusha,612262.211702501,50000,21,0,6.0506467100951475,0
TZ-LOAN-19582,27.0,Dar es Salaam,1196739.0028981373,1500000,25,0,5.992522142809768,0
TZ-LOAN-19583,66.0,Arusha,365959.9717456005,500000,31,2,2.761936569900869,1
TZ-LOAN-19584,49.0,Arusha,1182511.1063382397,1500000,32,0,1.3343530065479168,0
TZ-LOAN-19585,68.0,Mbeya,659535.171461192,250000,28,0,9.202547035885937,0
TZ-LOAN-19586,19.0,Arusha,99328.85693873756,50000,29,0,0.8993566209401496,0
TZ-LOAN-19587,41.0,Dar es Salaam,596239.2037042577,50000,19,0,3.817915966435084,0
TZ-LOAN-19588,40.0,Dar es Salaam,937848.8229798323,50000,19,0,5.899232907643869,0
TZ-LOAN-19589,19.0,Mwanza,540483.4901585088,1000000,18,0,5.092682807651114,0
TZ-LOAN-19590,55.0,Mwanza,207566.43762848154,50000,21,2,4.822081173195705,0
TZ-LOAN-19591,48.0,Arusha,600645.640461149,1000000,21,1,5.431040624131837,1
TZ-LOAN-19592,68.0,Dar es Salaam,,250000,23,0,10.423473234566135,0
TZ-LOAN-19593,57.0,Arusha,797544.3203263888,100000,23,0,2.2737434664665175,0
TZ-LOAN-19594,43.0,Dodoma,882019.9448202834,1000000,25,0,4.936739018787647,0
TZ-LOAN-19595,46.0,Mbeya,333118.87767556816,500000,30,0,5.9695625755164095,0
TZ-LOAN-19596,20.0,Mbeya,438258.7834653051,50000,25,0,4.461974543426969,0
TZ-LOAN-19597,31.0,Dar es Salaam,876992.7395320813,100000,29,0,11.665357697398273,0
TZ-LOAN-19598,42.0,Dodoma,392346.7165103123,1000000,28,0,5.317848986918268,1
TZ-LOAN-19599,65.0,Dar es Salaam,325352.5592516015,1500000,26,0,2.7619641132349546,1
TZ-LOAN-19600,18.0,Dodoma,296392.66046112357,1500000,31,0,9.340625515343737,1
TZ-LOAN-19601,20.0,Dar es Salaam,755611.5838874361,500000,31,0,3.3624892419017143,0
TZ-LOAN-19602,43.0,Mwanza,742747.3158552393,100000,28,0,3.7768501795913374,0
TZ-LOAN-19603,35.0,Arusha,444786.1908862875,250000,29,2,4.364713700132531,0
TZ-LOAN-19604,26.0,Mbeya,651525.6188384702,1000000,21,0,1.9488300847781315,0
TZ-LOAN-19605,55.0,Mbeya,1108139.715246539,1500000,26,0,6.410389484908973,0
TZ-LOAN-19606,40.0,Dodoma,357781.9529245335,1500000,30,0,0.5164033286369096,1
TZ-LOAN-19607,38.0,Mwanza,64477.21729686519,1000000,27,0,10.157037424685454,1
TZ-LOAN-19608,18.0,Dodoma,786522.6727161112,1500000,31,0,7.023060602896679,0
TZ-LOAN-19609,38.0,Mwanza,616879.6508295235,250000,21,0,2.1819298577027904,0
TZ-LOAN-19610,44.0,Dodoma,,1500000,20,1,1.2834571102153303,1
TZ-LOAN-19611,59.0,Dar es Salaam,-150000.0,1000000,26,0,2.454281273521458,0
TZ-LOAN-19612,23.0,Dar es Salaam,901767.543400637,50000,22,0,8.175126924434807,0
TZ-LOAN-19613,61.0,Mbeya,-12483.405964027741,1500000,22,0,0.16039947231125856,0
TZ-LOAN-19614,53.0,Dodoma,454220.62720055354,1000000,23,0,3.154847127560311,0
TZ-LOAN-19615,45.0,Dodoma,1345254.8693590565,50000,27,0,1.465887140627987,0
TZ-LOAN-19616,62.0,Dar es Salaam,825021.4747394572,1500000,36,0,10.395264083016622,0
TZ-LOAN-19617,34.0,Dodoma,852831.091489145,1500000,28,0,2.670825871144099,0
TZ-LOAN-19618,57.0,Mbeya,1001868.2835894435,1000000,27,0,5.984958278092206,0
TZ-LOAN-19619,69.0,Mbeya,655120.6475599179,500000,26,0,2.2149976438593453,0
TZ-LOAN-19620,20.0,Dodoma,-150000.0,500000,24,0,,0
TZ-LOAN-19621,29.0,Mbeya,865418.6131511608,100000,29,0,1.9716828593143607,0
TZ-LOAN-19622,56.0,Mbeya,811712.4490258277,500000,23,1,5.668730756106985,0
TZ-LOAN-19623,29.0,Dodoma,553396.4088147787,250000,17,0,16.654751585169766,0
TZ-LOAN-19624,19.0,Dodoma,701617.6767098777,100000,22,0,1.1668833697260692,0
TZ-LOAN-19625,63.0,Dar es Salaam,473491.53070796654,500000,25,0,5.162735779476212,0
TZ-LOAN-19626,39.0,Dar es Salaam,,50000,29,1,1.5423800961299814,0
TZ-LOAN-19627,40.0,Mwanza,299452.7323702199,1000000,25,0,3.9853220506303195,1
TZ-LOAN-19628,47.0,Dodoma,412812.8026181143,500000,26,0,,0
TZ-LOAN-19629,22.0,Mwanza,565306.3874225211,50000,32,0,2.989603379118397,0
TZ-LOAN-19630,26.0,Dodoma,366888.37057097716,100000,27,0,3.45219572801517,0
TZ-LOAN-19631,38.0,Mwanza,498494.8187764471,1000000,30,1,10.61095814164659,1
TZ-LOAN-19632,28.0,Arusha,600822.2069733453,500000,25,1,0.46389182633543635,0
TZ-LOAN-19633,22.0,Dodoma,770678.7033993133,100000,29,0,8.868118829512222,0
TZ-LOAN-19634,52.0,Mbeya,,500000,33,0,3.102396443205624,0
TZ-LOAN-19635,44.0,Mwanza,510864.68858656764,100000,32,0,2.0292811906973296,0
TZ-LOAN-19636,66.0,Arusha,1050531.3851805872,500000,24,3,0.9748823136774788,1
TZ-LOAN-19637,19.0,Arusha,931583.323587648,50000,22,0,8.431769154870473,0
TZ-LOAN-19638,41.0,Dar es Salaam,801228.1495831825,250000,24,0,4.482958093011639,0
TZ-LOAN-19639,48.0,Arusha,696094.7387889856,50000,25,0,6.516677472303668,0
TZ-LOAN-19640,50.0,Mwanza,,1000000,25,0,1.8914140105366912,0
TZ-LOAN-19641,56.0,Arusha,1006115.3451999146,500000,33,0,2.4957968849075463,0
TZ-LOAN-19642,47.0,Arusha,1017073.897927782,250000,31,0,12.246369259782297,0
TZ-LOAN-19643,63.0,Dar es Salaam,1050484.018515093,250000,17,0,16.244392878264502,0
TZ-LOAN-19644,54.0,Dar es Salaam,662398.0495631009,1000000,21,0,6.732334140715678,0
TZ-LOAN-19645,68.0,Dodoma,816490.1494995839,1000000,22,0,6.920005269601505,0
TZ-LOAN-19646,45.0,Mbeya,1053063.9519866153,250000,35,0,5.9273956416632405,0
TZ-LOAN-19647,48.0,Arusha,462885.1895250822,1000000,23,0,4.424080676062265,0
TZ-LOAN-19648,28.0,Mbeya,554474.9438845089,1000000,32,2,4.520308189194091,1
TZ-LOAN-19649,40.0,Arusha,-150000.0,500000,18,1,16.593880038233177,0
TZ-LOAN-19650,19.0,Dar es Salaam,919879.6213938219,50000,25,1,6.94973565728179,0
TZ-LOAN-19651,57.0,Mwanza,924551.6452155868,1500000,27,0,5.326003078215194,0
TZ-LOAN-19652,58.0,Dodoma,580740.7666406194,100000,29,2,1.047865260376859,0
TZ-LOAN-19653,44.0,Arusha,197417.163686087,250000,27,0,18.877412701903868,0
TZ-LOAN-19654,52.0,Mwanza,723855.1832887902,100000,22,1,3.6729027442806865,0
TZ-LOAN-19655,19.0,Dar es Salaam,374505.1588014796,250000,30,0,14.386478790304214,0
TZ-LOAN-19656,56.0,Dodoma,203019.13860793324,250000,21,0,6.251087961080783,0
TZ-LOAN-19657,54.0,Mbeya,270838.53177988506,50000,29,0,0.20453102832212072,0
TZ-LOAN-19658,38.0,Dodoma,747914.3023536681,250000,20,1,3.8717373705665796,0
TZ-LOAN-19659,22.0,Mbeya,1058311.208279842,250000,22,0,11.15979997315318,0
TZ-LOAN-19660,69.0,Arusha,661668.3548708732,50000,21,1,0.26584729541357166,0
TZ-LOAN-19661,62.0,Mbeya,713414.1963937894,1000000,24,0,10.076798761385238,0
TZ-LOAN-19662,38.0,Mbeya,1004868.4816633776,1500000,23,0,4.751710942300101,0
TZ-LOAN-19663,46.0,Dodoma,186663.52727493376,100000,21,1,0.22774523694578333,0
TZ-LOAN-19664,37.0,Arusha,806052.9264800814,250000,25,0,2.338817346742402,0
TZ-LOAN-19665,55.0,Dar es Salaam,646523.0647043537,50000,23,0,0.1531754665317998,0
TZ-LOAN-19666,37.0,Dodoma,819817.2376496202,250000,20,1,0.008588861413637948,0
TZ-LOAN-19667,67.0,Arusha,504954.82747885515,50000,28,1,11.337302707145366,0
TZ-LOAN-19668,42.0,Mwanza,404618.81287205534,100000,25,0,6.903118367062358,0
TZ-LOAN-19669,19.0,Dar es Salaam,692152.6712856817,500000,20,1,1.7087346670834582,0
TZ-LOAN-19670,49.0,Mbeya,1144757.3970003384,1000000,25,0,0.6035583340418119,0
TZ-LOAN-19671,43.0,Mwanza,908273.0313624388,500000,24,0,0.27985044680490767,0
TZ-LOAN-19672,23.0,Mbeya,497692.1689459726,50000,34,0,12.457984743083486,0
TZ-LOAN-19673,58.0,Arusha,247708.38920561608,250000,27,0,4.911576479035625,0
TZ-LOAN-19674,20.0,Dar es Salaam,145379.81489066436,1000000,18,0,0.8750947552075623,1
TZ-LOAN-19675,50.0,Dar es Salaam,1044829.8355551444,100000,24,0,5.72006693537557,0
TZ-LOAN-19676,18.0,Dodoma,363475.3135592517,1500000,28,0,34.02020318161342,1
TZ-LOAN-19677,68.0,Arusha,552345.9761015191,1000000,14,0,7.756491770706467,0
TZ-LOAN-19678,22.0,Mbeya,1046363.3378232729,250000,24,0,2.9577594853975766,0
TZ-LOAN-19679,30.0,Mbeya,165829.5633563025,500000,27,0,8.414794493338848,1
TZ-LOAN-19680,36.0,Mbeya,1097679.3528425177,50000,26,0,6.818882644311168,0
TZ-LOAN-19681,29.0,Mbeya,573907.8638322494,500000,25,0,0.4641588558561055,0
TZ-LOAN-19682,65.0,Dar es Salaam,305425.00542837835,1000000,26,0,12.997994542201765,1
TZ-LOAN-19683,42.0,Dar es Salaam,575794.7218553261,1500000,29,0,10.775277763339336,1
TZ-LOAN-19684,68.0,Mbeya,433220.9655795567,250000,19,0,4.46481870790837,0
TZ-LOAN-19685,52.0,Dodoma,782245.9396717147,50000,27,2,3.547899360594282,0
TZ-LOAN-19686,29.0,Mwanza,455560.2698336667,250000,17,0,1.292178899803772,0
TZ-LOAN-19687,47.0,Arusha,76507.33672428713,250000,26,0,8.992648365429995,1
TZ-LOAN-19688,22.0,Mbeya,583831.2396773031,1500000,25,0,2.8271694856086476,1
TZ-LOAN-19689,51.0,Arusha,243036.4843140383,1000000,23,0,4.329255967295184,1
TZ-LOAN-19690,39.0,Mbeya,711295.9651964959,500000,27,0,0.9321749366389992,0
TZ-LOAN-19691,56.0,Dodoma,293860.9003150027,250000,25,1,1.2028650674422108,0
TZ-LOAN-19692,30.0,Mwanza,503596.1590483742,250000,20,0,21.066087884145304,0
TZ-LOAN-19693,64.0,Mbeya,704776.3412643009,250000,19,0,3.406092751017064,0
TZ-LOAN-19694,20.0,Mbeya,586262.3824897192,50000,17,0,8.457115484232396,0
TZ-LOAN-19695,37.0,Mwanza,725129.0849003135,250000,24,0,,0
TZ-LOAN-19696,48.0,Mbeya,854086.1497153271,250000,22,0,19.952715566219197,0
TZ-LOAN-19697,22.0,Dar es Salaam,302619.8900806082,1000000,25,0,20.34455833346517,1
TZ-LOAN-19698,41.0,Dodoma,630680.7378125876,250000,35,1,3.0528192982009834,0
TZ-LOAN-19699,57.0,Dar es Salaam,-348851.1392524388,1500000,33,0,15.010802201914672,0
TZ-LOAN-19700,50.0,Dodoma,724199.9905047572,1500000,25,1,2.274230787508672,1
TZ-LOAN-19701,25.0,Dar es Salaam,559755.7608875473,250000,28,0,4.67786633975607,0
TZ-LOAN-19702,41.0,Dar es Salaam,,1500000,19,0,8.621787351573959,1
TZ-LOAN-19703,67.0,Mbeya,744715.8266889572,1000000,26,0,12.25464467109314,0
TZ-LOAN-19704,37.0,Dodoma,1001809.2731555202,50000,30,1,3.7099985877376334,0
TZ-LOAN-19705,33.0,Dodoma,507194.67572031706,1500000,25,0,2.705216897498727,1
TZ-LOAN-19706,67.0,Mbeya,366555.65292748396,1500000,23,0,6.519298188650446,1
TZ-LOAN-19707,69.0,Dodoma,699507.5787316135,500000,21,0,3.043364473006073,0
TZ-LOAN-19708,29.0,Dodoma,,1000000,25,0,5.57068227746957,1
TZ-LOAN-19709,30.0,Mbeya,451885.5888393383,1500000,24,1,8.15379060462705,1
TZ-LOAN-19710,62.0,Arusha,1016720.6484951507,50000,31,0,9.198259115977928,0
TZ-LOAN-19711,59.0,Mwanza,668653.7689436863,500000,25,0,1.4672536740641682,0
TZ-LOAN-19712,56.0,Dar es Salaam,86159.91081615014,250000,20,1,4.236834059284071,1
TZ-LOAN-19713,42.0,Dodoma,110902.50581617968,1000000,30,0,0.12676475247420305,1
TZ-LOAN-19714,63.0,Mwanza,698625.7077940326,1500000,22,2,7.991407180031576,1
TZ-LOAN-19715,49.0,Mbeya,908717.1727753063,250000,29,0,0.668200838458739,0
TZ-LOAN-19716,41.0,Dodoma,164713.56241215498,1000000,25,0,10.266316039818982,1
TZ-LOAN-19717,65.0,Mwanza,784913.7822489525,500000,23,0,2.611199302369072,0
TZ-LOAN-19718,64.0,Dar es Salaam,1049103.0522469156,1500000,21,0,0.9152187545051488,0
TZ-LOAN-19719,61.0,Mwanza,1216357.6963875918,50000,22,1,7.943642070578093,0
TZ-LOAN-19720,26.0,Arusha,749366.8279579629,1000000,31,0,1.117507995987563,0
TZ-LOAN-19721,57.0,Dodoma,802040.7783657423,50000,26,0,2.507799035655432,0
TZ-LOAN-19722,67.0,Dar es Salaam,10044.671711556846,250000,27,0,4.183658354349238,1
TZ-LOAN-19723,40.0,Dar es Salaam,1279925.7643987967,250000,27,1,2.2316694134388215,0
TZ-LOAN-19724,67.0,Dar es Salaam,477352.9360711636,500000,26,0,0.9863358962333613,0
TZ-LOAN-19725,30.0,Arusha,369958.6524724876,500000,27,0,2.6051693893910564,0
TZ-LOAN-19726,49.0,Mwanza,573438.1596681126,100000,29,2,0.7788521162843356,0
TZ-LOAN-19727,67.0,Dar es Salaam,1103502.0242556294,100000,28,0,6.349770052081817,0
TZ-LOAN-19728,32.0,Arusha,1312413.8142630644,500000,22,1,0.9407221703464492,0
TZ-LOAN-19729,53.0,Dodoma,687622.6038427533,1500000,36,0,3.2925939837008533,0
TZ-LOAN-19730,66.0,Dodoma,949425.2517810966,250000,19,2,4.109202946420935,0
TZ-LOAN-19731,22.0,Mbeya,662961.2146056512,50000,25,0,14.508199570778757,0
TZ-LOAN-19732,39.0,Arusha,338661.3580945448,500000,40,3,0.4074515260671594,1
TZ-LOAN-19733,33.0,Dar es Salaam,1093023.1012364873,1500000,28,0,13.328926042362333,0
TZ-LOAN-19734,58.0,Arusha,463361.7558930833,50000,20,0,1.1673986636064826,0
TZ-LOAN-19735,27.0,Arusha,1110659.2320115648,100000,27,0,9.1922515287954,0
TZ-LOAN-19736,41.0,Mwanza,1039562.3989307252,50000,29,0,0.47427531490571073,0
TZ-LOAN-19737,35.0,Mbeya,834210.8791871625,500000,31,2,22.41581477187782,1
TZ-LOAN-19738,66.0,Arusha,1198692.426876306,250000,22,0,8.241744942759064,0
TZ-LOAN-19739,35.0,Dar es Salaam,1319703.8099557215,500000,29,0,0.3250990478804835,0
TZ-LOAN-19740,24.0,Mbeya,597426.9911107066,1000000,36,0,1.2046988658223836,0
TZ-LOAN-19741,21.0,Dodoma,407361.76447507064,1500000,20,0,3.9763978181087998,1
TZ-LOAN-19742,43.0,Arusha,90719.04882305826,1500000,28,0,3.707193462359304,1
TZ-LOAN-19743,22.0,Mwanza,1323404.6766290767,1500000,33,0,4.961395470985679,0
TZ-LOAN-19744,33.0,Dar es Salaam,518095.3973244651,1000000,23,0,3.113505813820074,0
TZ-LOAN-19745,52.0,Arusha,990511.0571305219,1000000,28,1,6.624384260067019,0
TZ-LOAN-19746,43.0,Mwanza,427623.389747155,250000,23,0,2.1422789278605756,0
TZ-LOAN-19747,35.0,Dodoma,1111479.6922736105,1500000,25,0,0.9702716071073779,0
TZ-LOAN-19748,46.0,Arusha,439964.722455376,500000,24,0,0.1718159722195228,0
TZ-LOAN-19749,40.0,Mwanza,292484.25991479703,1000000,23,0,1.9634770403807178,1
TZ-LOAN-19750,31.0,Dar es Salaam,,500000,18,1,2.783290616048681,0
TZ-LOAN-19751,32.0,Dar es Salaam,490467.2897115088,100000,25,1,5.380371658443195,0
TZ-LOAN-19752,66.0,Dodoma,828889.9356383637,1500000,25,0,8.211260955235003,0
TZ-LOAN-19753,50.0,Mbeya,634581.5218422429,1000000,29,0,1.3725974140272912,0
TZ-LOAN-19754,42.0,Arusha,,1000000,35,0,3.3982195500303023,0
TZ-LOAN-19755,38.0,Mwanza,562693.5580744118,250000,23,0,1.3311287215636374,0
TZ-LOAN-19756,34.0,Dodoma,450467.78869435843,500000,24,1,15.0965757554521,0
TZ-LOAN-19757,40.0,Dodoma,474931.835631178,250000,30,0,5.214186545065754,0
TZ-LOAN-19758,60.0,Mwanza,1263481.6394093079,250000,24,0,5.664503379989121,0
TZ-LOAN-19759,34.0,Mbeya,717551.2796680807,500000,34,2,3.788152775897756,0
TZ-LOAN-19760,31.0,Mbeya,54871.33716408664,100000,23,0,1.6552432372879435,0
TZ-LOAN-19761,46.0,Dodoma,493937.2959637757,500000,19,1,1.1184052345657063,0
TZ-LOAN-19762,37.0,Dodoma,679059.8097427627,100000,22,0,5.344959394286666,0
TZ-LOAN-19763,47.0,Dodoma,1203619.9043751135,250000,27,0,12.736497212598172,0
TZ-LOAN-19764,36.0,Dodoma,958609.6147669698,100000,22,0,1.1969598300885722,0
TZ-LOAN-19765,56.0,Dodoma,373484.6490554255,1500000,25,1,4.240408071567322,1
TZ-LOAN-19766,30.0,Arusha,1375506.7260717354,100000,30,1,3.767936922255151,0
TZ-LOAN-19767,35.0,Arusha,640651.8905595567,100000,21,0,5.131268786887274,0
TZ-LOAN-19768,40.0,Arusha,1023898.9433224835,1000000,25,0,4.431111065452055,0
TZ-LOAN-19769,63.0,Dar es Salaam,303497.45078002923,1000000,23,1,1.5927315983075894,1
TZ-LOAN-19770,50.0,Arusha,-69448.9285752693,250000,22,3,5.879222238612636,0
TZ-LOAN-19771,56.0,Arusha,227470.55288949178,500000,32,1,1.591804893399091,1
TZ-LOAN-19772,57.0,Mbeya,-325100.0428587118,100000,22,0,5.292061426399426,0
TZ-LOAN-19773,35.0,Dodoma,1283626.7981758725,1500000,25,2,1.7828986930427202,1
TZ-LOAN-19774,26.0,Mwanza,714359.8756659247,1000000,33,0,0.4300924979840031,0
TZ-LOAN-19775,50.0,Mbeya,372606.7944655906,500000,28,0,0.6803777321219283,0
TZ-LOAN-19776,49.0,Dar es Salaam,785787.2089940363,1500000,30,0,8.9817373130937,0
TZ-LOAN-19777,34.0,Mbeya,706800.2108540498,100000,17,3,0.6468731404452122,0
TZ-LOAN-19778,36.0,Mwanza,836280.0186841975,500000,23,1,2.0062193060953866,0
TZ-LOAN-19779,44.0,Mbeya,1012859.4203408805,1500000,20,0,1.6958716800726348,0
TZ-LOAN-19780,23.0,Mbeya,563023.6540924954,50000,25,0,0.29800543374187355,0
TZ-LOAN-19781,52.0,Arusha,386048.20816970395,1500000,23,0,4.575451430645405,1
TZ-LOAN-19782,54.0,Dar es Salaam,898332.5643115754,1500000,25,1,8.016918155092693,1
TZ-LOAN-19783,51.0,Arusha,890699.8333653398,100000,23,0,24.352054422994232,0
TZ-LOAN-19784,37.0,Mwanza,,500000,22,2,13.746868245687875,1
TZ-LOAN-19785,42.0,Dar es Salaam,1303266.256604232,100000,29,0,0.25292094864348225,0
TZ-LOAN-19786,21.0,Mwanza,518653.36314150435,100000,22,0,1.4887206179923265,0
TZ-LOAN-19787,27.0,Mwanza,380042.60850941954,50000,24,0,2.656147381814588,0
TZ-LOAN-19788,27.0,Mbeya,775427.4282519805,1500000,23,0,10.397781635864153,0
TZ-LOAN-19789,41.0,Mbeya,447518.6429259505,500000,29,0,2.2320978878787647,0
TZ-LOAN-19790,38.0,Mbeya,798654.9572434687,250000,34,0,4.223483577206341,0
TZ-LOAN-19791,28.0,Mbeya,400097.52324816806,1000000,27,0,5.388066556209251,1
TZ-LOAN-19792,44.0,Dar es Salaam,529927.3151204344,100000,20,0,1.7688154843526163,0
TZ-LOAN-19793,33.0,Arusha,-150000.0,100000,27,0,4.360658089245197,0
TZ-LOAN-19794,43.0,Dar es Salaam,528323.7929756964,100000,28,0,0.26112920008342966,0
TZ-LOAN-19795,47.0,Mbeya,410344.53679481114,100000,22,0,3.2713949945315273,0
TZ-LOAN-19796,66.0,Dodoma,1001203.6366119501,1000000,27,0,2.3783843669354026,0
TZ-LOAN-19797,33.0,Mwanza,334687.4149139919,250000,27,0,2.1983778274766133,0
TZ-LOAN-19798,24.0,Mbeya,442117.0309558796,50000,20,0,1.3386972702711721,0
TZ-LOAN-19799,33.0,Mbeya,822968.3361526984,250000,24,1,8.511447077248855,0
TZ-LOAN-19800,52.0,Mwanza,931523.4271619875,1000000,28,1,10.682091817836763,0
TZ-LOAN-19801,33.0,Mwanza,1016142.9173243223,500000,17,0,,0
TZ-LOAN-19802,57.0,Arusha,425833.45033385453,50000,27,0,2.521791111399389,0
TZ-LOAN-19803,29.0,Dar es Salaam,828802.601895836,50000,28,1,1.499861767514753,0
TZ-LOAN-19804,52.0,Mwanza,510167.54013674613,500000,20,0,0.5179897526333614,0
TZ-LOAN-19805,66.0,Dar es Salaam,468303.3099468103,1500000,28,0,5.579926689033021,1
TZ-LOAN-19806,38.0,Mbeya,,100000,30,0,2.003639968052797,0
TZ-LOAN-19807,67.0,Dodoma,485133.6812421242,1000000,30,0,1.6194228303582003,0
TZ-LOAN-19808,60.0,Dodoma,733461.378806294,500000,21,0,2.3216039958131756,0
TZ-LOAN-19809,53.0,Arusha,,250000,33,0,4.045301212039932,0
TZ-LOAN-19810,65.0,Arusha,328773.6870984492,250000,31,0,0.8832399855364141,0
TZ-LOAN-19811,34.0,Arusha,939827.8566068963,1500000,29,0,16.26443205497409,0
TZ-LOAN-19812,49.0,Dodoma,818084.2681036862,500000,16,0,6.595311626396311,0
TZ-LOAN-19813,58.0,Mwanza,54112.816438873764,1000000,25,0,0.23957746763314658,1
TZ-LOAN-19814,23.0,Mwanza,,1500000,27,1,1.8320955050003591,1
TZ-LOAN-19815,41.0,Mwanza,418107.96975001367,1500000,22,0,0.2579005574142919,1
TZ-LOAN-19816,44.0,Mbeya,979122.5919237883,1500000,23,0,1.3035080331529625,0
TZ-LOAN-19817,37.0,Dar es Salaam,216380.04896577256,50000,21,0,1.6885011808596246,0
TZ-LOAN-19818,42.0,Mbeya,,50000,23,0,6.32888161935695,0
TZ-LOAN-19819,19.0,Arusha,758607.3652965397,100000,31,2,6.342376283659334,0
TZ-LOAN-19820,26.0,Arusha,666302.0882425626,1000000,18,0,0.23192316921327377,0
TZ-LOAN-19821,45.0,Mwanza,878887.4770141914,250000,34,0,4.435209000295449,0
TZ-LOAN-19822,55.0,Mbeya,194473.40419721324,250000,29,0,16.20952373234542,0
TZ-LOAN-19823,20.0,Mbeya,1145574.3010602135,100000,28,0,4.9492160553369136,0
TZ-LOAN-19824,37.0,Mwanza,807543.3976364814,250000,28,1,16.16326722763872,0
TZ-LOAN-19825,23.0,Dar es Salaam,1057915.4639002688,1500000,20,0,2.3946900468745365,0
TZ-LOAN-19826,56.0,Dar es Salaam,912272.0507699725,100000,27,1,3.078878258725341,0
TZ-LOAN-19827,50.0,Mbeya,646516.965663487,100000,26,0,3.4208035207863596,0
TZ-LOAN-19828,18.0,Mbeya,264740.5367266518,500000,12,0,,1
TZ-LOAN-19829,54.0,Dar es Salaam,,50000,22,2,2.3924460738378377,0
TZ-LOAN-19830,23.0,Dodoma,1126868.9998587733,1000000,16,0,20.49731068356964,0
TZ-LOAN-19831,62.0,Dodoma,1065631.3344969146,1000000,28,0,3.916738570922393,0
TZ-LOAN-19832,51.0,Arusha,,50000,26,0,1.2302746349782347,0
TZ-LOAN-19833,64.0,Mbeya,-195491.28586065362,1500000,24,0,0.5473338327654208,0
TZ-LOAN-19834,32.0,Dar es Salaam,586193.0797084643,1000000,27,0,,0
TZ-LOAN-19835,62.0,Mwanza,563689.1335612651,250000,31,0,0.20037565350682457,0
TZ-LOAN-19836,43.0,Mwanza,575068.2163878849,250000,24,0,5.893316597437272,0
TZ-LOAN-19837,31.0,Dodoma,808561.7605494205,1000000,19,0,3.6377013003608827,0
TZ-LOAN-19838,24.0,Dar es Salaam,912863.773796499,500000,15,0,6.695601654884573,0
TZ-LOAN-19839,63.0,Dodoma,947089.8641298573,1000000,35,2,7.622316663277559,1
TZ-LOAN-19840,48.0,Dodoma,783712.74204061,100000,30,0,13.394628926090938,0
TZ-LOAN-19841,41.0,Mbeya,109768.78942320915,1500000,29,1,0.6221409224141804,1
TZ-LOAN-19842,48.0,Mbeya,,100000,23,0,1.0296087827536844,0
TZ-LOAN-19843,46.0,Dar es Salaam,1341226.9350647568,50000,20,0,3.973400947306111,0
TZ-LOAN-19844,59.0,Arusha,762265.0204407435,1500000,22,0,0.6935772497868384,0
TZ-LOAN-19845,49.0,Mbeya,760345.8705331596,1500000,23,0,0.48653034711640675,0
TZ-LOAN-19846,34.0,Arusha,757845.7819321573,250000,18,0,5.488127860873382,0
TZ-LOAN-19847,31.0,Dodoma,774613.8867517969,1500000,21,0,6.449678487989292,0
TZ-LOAN-19848,57.0,Dodoma,-64933.654325776966,500000,21,0,9.270318214531358,0
TZ-LOAN-19849,53.0,Dar es Salaam,578142.7049266794,1000000,33,0,12.369636424127805,0
TZ-LOAN-19850,65.0,Dar es Salaam,638632.1504615932,100000,25,3,2.9214588975655484,0
TZ-LOAN-19851,41.0,Dodoma,1034448.6197760238,250000,27,0,19.528797861144554,0
TZ-LOAN-19852,62.0,Arusha,664301.8683866888,250000,27,1,0.19311682006249148,0
TZ-LOAN-19853,44.0,Arusha,156046.58401941764,500000,35,0,10.20601509271222,1
TZ-LOAN-19854,42.0,Dodoma,779026.7468515256,500000,30,0,1.9391760950713368,0
TZ-LOAN-19855,49.0,Mwanza,408852.6055271764,500000,26,0,,0
TZ-LOAN-19856,69.0,Mwanza,284964.3076755747,500000,26,0,,0
TZ-LOAN-19857,35.0,Arusha,,100000,31,0,6.754513586906988,0
TZ-LOAN-19858,63.0,Mwanza,812751.2688993546,500000,24,1,2.770899734900545,0
TZ-LOAN-19859,35.0,Mbeya,1027628.3719280206,250000,39,2,2.4020062079796087,0
TZ-LOAN-19860,54.0,Dar es Salaam,794878.983553276,250000,23,0,0.3062899467149496,0
TZ-LOAN-19861,43.0,Dar es Salaam,,1500000,26,0,6.1193765372439,0
TZ-LOAN-19862,26.0,Mwanza,791913.5818514003,1000000,26,0,0.9639978616385456,0
TZ-LOAN-19863,52.0,Dodoma,680398.1530581405,250000,25,0,3.1087223118847085,0
TZ-LOAN-19864,25.0,Mbeya,859079.1904888273,250000,26,0,0.7617255535649272,0
TZ-LOAN-19865,37.0,Mwanza,-75632.6401208262,100000,26,3,,0
TZ-LOAN-19866,59.0,Dodoma,683326.5053914499,1500000,26,1,1.3137197083553525,1
TZ-LOAN-19867,39.0,Dodoma,336522.4896133245,250000,34,2,4.511896367821987,0
TZ-LOAN-19868,36.0,Arusha,998870.7717632418,50000,15,0,14.65120044736163,0
TZ-LOAN-19869,47.0,Mbeya,605853.4084349419,250000,20,0,12.686381587880923,0
TZ-LOAN-19870,45.0,Mbeya,659284.426480349,1000000,20,0,1.1186208436306448,0
TZ-LOAN-19871,52.0,Arusha,198478.43772385898,1000000,20,0,0.5222802321801446,1
TZ-LOAN-19872,60.0,Dodoma,955049.2667038555,1500000,21,0,0.21798912587725605,0
TZ-LOAN-19873,28.0,Dodoma,838198.4360821429,1500000,28,1,8.815994748143341,1
TZ-LOAN-19874,48.0,Mwanza,817084.3647021509,500000,28,0,1.4337963735324815,0
TZ-LOAN-19875,66.0,Dar es Salaam,406093.1443493533,100000,15,0,1.669938179488677,0
TZ-LOAN-19876,65.0,Arusha,417908.04651856096,1000000,26,0,1.2825017635323066,0
TZ-LOAN-19877,56.0,Mwanza,717079.8363337716,50000,23,0,9.165531607996801,0
TZ-LOAN-19878,53.0,Mbeya,441650.47692558466,50000,34,0,19.292884059955572,0
TZ-LOAN-19879,47.0,Mbeya,780467.8888032015,500000,20,0,7.036295996580694,0
TZ-LOAN-19880,40.0,Mbeya,,100000,18,0,8.674378178702929,1
TZ-LOAN-19881,36.0,Dar es Salaam,503736.63307802216,100000,27,1,4.844509478184398,0
TZ-LOAN-19882,29.0,Arusha,1189026.0396279474,1500000,29,1,3.7620969881529636,0
TZ-LOAN-19883,32.0,Dar es Salaam,781845.7483987294,250000,17,0,6.3930867393073445,0
TZ-LOAN-19884,48.0,Dodoma,700038.0993592978,50000,33,0,0.18209019138358398,0
TZ-LOAN-19885,60.0,Dodoma,1245567.960701407,50000,26,0,0.31683217804274405,0
TZ-LOAN-19886,54.0,Mbeya,-50786.0856404308,50000,23,0,5.81213117908307,0
TZ-LOAN-19887,54.0,Arusha,405406.6655635678,50000,20,0,2.0403672688329184,0
TZ-LOAN-19888,32.0,Mwanza,529648.0484757833,1000000,25,0,3.355307928135052,0
TZ-LOAN-19889,46.0,Dodoma,907505.369901617,100000,23,0,7.616130525615244,0
TZ-LOAN-19890,67.0,Mwanza,,250000,19,0,4.3037823777921,0
TZ-LOAN-19891,150.0,Mwanza,390197.9873052122,1000000,24,0,8.180497849849456,1
TZ-LOAN-19892,43.0,Dodoma,949386.2966427649,100000,26,0,2.7163587803116727,0
TZ-LOAN-19893,61.0,Mwanza,529005.5698034877,500000,28,0,1.6943389892415177,0
TZ-LOAN-19894,19.0,Mwanza,1013491.88769475,50000,21,0,1.3383313843804734,0
TZ-LOAN-19895,37.0,Mwanza,340207.19056338264,250000,21,0,0.7059803198514614,0
TZ-LOAN-19896,32.0,Dar es Salaam,613006.5202801519,100000,24,0,0.18745296919062587,0
TZ-LOAN-19897,69.0,Arusha,502949.8053870319,500000,29,3,0.27306776852018466,1
TZ-LOAN-19898,21.0,Mbeya,966809.1114697142,50000,34,0,1.58039969051731,0
TZ-LOAN-19899,39.0,Dar es Salaam,493165.63503014867,500000,16,0,1.6315088187301323,0
TZ-LOAN-19900,67.0,Mwanza,637265.4412964731,500000,21,0,2.404591118846959,0
TZ-LOAN-19901,55.0,Dar es Salaam,802043.4192989147,1000000,18,0,4.477753642314128,0
TZ-LOAN-19902,40.0,Dar es Salaam,813577.5449078358,500000,23,0,7.121010014391179,0
TZ-LOAN-19903,43.0,Arusha,916085.7822419514,1000000,25,0,1.101394591846697,0
TZ-LOAN-19904,68.0,Arusha,713337.4330534,1500000,23,0,7.119943272483047,0
TZ-LOAN-19905,28.0,Mwanza,524525.3254160506,1000000,32,0,0.7482430589221657,0
TZ-LOAN-19906,45.0,Dar es Salaam,545090.3763923749,500000,29,0,22.411940859189052,0
TZ-LOAN-19907,19.0,Arusha,657701.6945622836,100000,20,0,1.6775999323549695,0
TZ-LOAN-19908,25.0,Arusha,724877.742822315,500000,25,3,9.080312490732595,1
TZ-LOAN-19909,46.0,Dar es Salaam,605848.5056454691,500000,28,0,1.056481464531632,0
TZ-LOAN-19910,28.0,Arusha,655761.0262896642,100000,38,3,15.043356153688629,1
TZ-LOAN-19911,54.0,Dodoma,194823.84182836843,50000,28,0,8.76154348613089,0
TZ-LOAN-19912,35.0,Arusha,850206.5853364035,250000,21,0,2.2266663863461584,0
TZ-LOAN-19913,67.0,Mwanza,704333.6866668289,1500000,23,2,2.736339295154031,1
TZ-LOAN-19914,31.0,Mwanza,950561.1240623265,50000,20,0,0.019226887596628932,0
TZ-LOAN-19915,27.0,Mbeya,650048.1522221254,500000,25,0,1.4479677862967697,0
TZ-LOAN-19916,52.0,Mbeya,128480.72644346411,50000,28,0,1.7074994623060837,0
TZ-LOAN-19917,26.0,Dar es Salaam,542466.1432079975,250000,18,0,3.0141444609690393,0
TZ-LOAN-19918,52.0,Mwanza,590021.0230644749,50000,25,3,0.7485931610196557,0
TZ-LOAN-19919,28.0,Mbeya,872870.9916300797,250000,26,0,3.2577895283464606,0
TZ-LOAN-19920,61.0,Dar es Salaam,28917.936645981506,50000,20,3,5.520162036330863,1
TZ-LOAN-19921,29.0,Mbeya,662353.8550846805,1000000,27,0,2.32036463852011,0
TZ-LOAN-19922,20.0,Arusha,804102.5647379919,500000,23,0,1.3210992161229211,0
TZ-LOAN-19923,56.0,Dodoma,451553.6344155441,250000,20,0,3.967230272655174,0
TZ-LOAN-19924,31.0,Mbeya,672388.4029450542,1500000,24,0,0.14716415112718656,0
TZ-LOAN-19925,45.0,Arusha,461889.04725504667,500000,23,0,2.083925572325181,0
TZ-LOAN-19926,28.0,Dodoma,431128.12003388285,1000000,21,0,3.749542702854086,0
TZ-LOAN-19927,56.0,Mbeya,527474.0449606049,50000,21,0,2.0461821746374422,0
TZ-LOAN-19928,42.0,Mwanza,436792.40225989674,500000,21,1,2.1188946308012655,0
TZ-LOAN-19929,38.0,Dodoma,855085.4935808998,50000,28,1,9.42914196557442,0
TZ-LOAN-19930,27.0,Arusha,429514.43694938667,50000,25,0,13.589880541301905,0
TZ-LOAN-19931,60.0,Mwanza,379126.9978856218,500000,26,1,8.783679509348387,0
TZ-LOAN-19932,32.0,Arusha,1180378.60005186,250000,32,1,0.5205145898186232,0
TZ-LOAN-19933,36.0,Mbeya,938222.0035472106,250000,23,0,1.7106381016664018,0
TZ-LOAN-19934,65.0,Arusha,91545.9918022399,500000,24,0,6.21173839915932,1
TZ-LOAN-19935,39.0,Dar es Salaam,420569.51304423995,250000,20,0,18.324407609431145,0
TZ-LOAN-19936,38.0,Arusha,722738.8915168132,100000,26,1,1.387216991577769,0
TZ-LOAN-19937,69.0,Arusha,747126.520169448,50000,20,0,11.424240590865205,0
TZ-LOAN-19938,61.0,Mwanza,202852.140278932,500000,26,0,6.716461476944376,1
TZ-LOAN-19939,49.0,Arusha,997569.6478466965,1500000,26,0,20.50695657570097,0
TZ-LOAN-19940,67.0,Dodoma,897567.3257544878,1000000,26,0,0.4912927595036945,0
TZ-LOAN-19941,40.0,Arusha,794570.4896121016,500000,19,0,2.510533291556909,0
TZ-LOAN-19942,30.0,Mbeya,1057018.5472136363,500000,25,0,3.251540131785808,0
TZ-LOAN-19943,22.0,Dar es Salaam,785686.9977712755,50000,26,0,5.574968042825842,0
TZ-LOAN-19944,21.0,Dar es Salaam,784574.2637755541,1000000,24,0,5.306178435880481,0
TZ-LOAN-19945,45.0,Arusha,1117303.7815466728,50000,21,0,11.840705709613031,0
TZ-LOAN-19946,31.0,Dar es Salaam,980365.8742183126,1500000,25,0,9.121613388888287,0
TZ-LOAN-19947,25.0,Mwanza,397547.76232654066,250000,31,1,0.2848239395483636,0
TZ-LOAN-19948,26.0,Dar es Salaam,839958.5536015746,500000,20,0,3.3329169450247904,0
TZ-LOAN-19949,68.0,Mbeya,,50000,24,0,2.6133207016124507,0
TZ-LOAN-19950,52.0,Arusha,801246.3652850834,1500000,18,0,29.2926931081143,1
TZ-LOAN-19951,54.0,Dar es Salaam,792984.0521059444,1500000,23,1,2.7866013229708035,1
TZ-LOAN-19952,38.0,Mbeya,234959.8062632042,100000,28,0,5.738263875870127,0
TZ-LOAN-19953,35.0,Dar es Salaam,613446.3166066895,500000,22,0,1.6733752945020486,0
TZ-LOAN-19954,50.0,Mbeya,729577.1070741207,1500000,27,0,4.767743289700468,0
TZ-LOAN-19955,25.0,Arusha,519112.94270175294,250000,23,0,1.157347383047665,0
TZ-LOAN-19956,68.0,Mbeya,744412.9827172279,50000,26,0,4.626741334517084,0
TZ-LOAN-19957,66.0,Dar es Salaam,891769.3331003207,50000,19,0,10.131977986747692,0
TZ-LOAN-19958,34.0,Mbeya,640822.0807307733,100000,22,0,0.09712622894172109,0
TZ-LOAN-19959,60.0,Arusha,717379.8430124779,250000,18,0,3.511811644977125,0
TZ-LOAN-19960,48.0,Mbeya,1065027.2235667924,1500000,27,0,20.190943488146466,0
TZ-LOAN-19961,51.0,Mwanza,,100000,32,0,0.8673791142535006,0
TZ-LOAN-19962,23.0,Dar es Salaam,710247.2869023421,1500000,32,0,1.013104985065395,0
TZ-LOAN-19963,39.0,Mbeya,362576.1861075918,1500000,22,0,3.1821683610045053,1
TZ-LOAN-19964,31.0,Mwanza,851307.8034166547,500000,28,0,10.23945005167466,0
TZ-LOAN-19965,20.0,Mwanza,749044.9848175816,1000000,25,0,,0
TZ-LOAN-19966,150.0,Dodoma,1035121.8301104225,1500000,22,0,3.5535896763085546,0
TZ-LOAN-19967,53.0,Mbeya,664063.5629909934,50000,28,0,0.4537667149427241,0
TZ-LOAN-19968,29.0,Dodoma,105120.04995980125,1500000,23,2,16.349005747282742,1
TZ-LOAN-19969,62.0,Mwanza,139963.73935152142,100000,21,0,2.1317785109478624,0
TZ-LOAN-19970,19.0,Arusha,870704.22912792,1500000,27,0,1.450472581262316,0
TZ-LOAN-19971,19.0,Mbeya,478941.920690554,50000,25,0,2.6529647887408725,0
TZ-LOAN-19972,32.0,Dodoma,781030.3253331492,50000,24,1,2.673731969420948,0
TZ-LOAN-19973,40.0,Dar es Salaam,684269.7933507068,100000,22,2,3.067366785145698,0
TZ-LOAN-19974,46.0,Arusha,599948.0996918238,50000,29,1,5.832392933658642,0
TZ-LOAN-19975,34.0,Dodoma,621091.614323533,250000,32,0,10.122743275373228,0
TZ-LOAN-19976,49.0,Mbeya,390383.1484864319,250000,32,2,0.29510421845573487,0
TZ-LOAN-19977,24.0,Dar es Salaam,645266.6933300988,1000000,36,0,3.374263397285782,0
TZ-LOAN-19978,47.0,Arusha,474651.97016168036,250000,20,0,2.6719908022675853,0
TZ-LOAN-19979,45.0,Mwanza,538323.0439622885,100000,16,0,0.05469867049092955,0
TZ-LOAN-19980,31.0,Dodoma,552905.2865872517,1500000,30,1,8.477415624350778,1
TZ-LOAN-19981,61.0,Arusha,581992.0190303843,250000,33,1,0.5508224096898516,0
TZ-LOAN-19982,47.0,Mwanza,926652.0369521258,1000000,35,1,0.609414697415984,0
TZ-LOAN-19983,34.0,Mbeya,611062.751238592,500000,31,1,0.24751878835505936,0
TZ-LOAN-19984,49.0,Mbeya,,500000,32,0,1.1183536625895476,0
TZ-LOAN-19985,63.0,Mwanza,,100000,19,1,0.9728793651413674,0
TZ-LOAN-19986,23.0,Arusha,906483.3953168448,1000000,19,0,2.1375248267670535,0
TZ-LOAN-19987,68.0,Dodoma,810340.5605205533,250000,23,0,5.3833303063174665,0
TZ-LOAN-19988,41.0,Mbeya,748049.662845056,1000000,35,0,0.279118905854932,0
TZ-LOAN-19989,23.0,Mbeya,,50000,24,2,9.840422571738937,0
TZ-LOAN-19990,44.0,Arusha,676808.2215788718,1000000,22,2,1.9769200826605524,1
TZ-LOAN-19991,35.0,Mbeya,945370.9537871596,250000,17,0,4.664735041803835,0
TZ-LOAN-19992,41.0,Dar es Salaam,834231.7415869053,100000,25,0,0.06038877775019434,0
TZ-LOAN-19993,54.0,Mwanza,542047.8617658836,50000,24,0,2.2770169867685035,0
TZ-LOAN-19994,150.0,Dodoma,918755.2640308418,1000000,26,0,0.010265089525814092,0
TZ-LOAN-19995,55.0,Arusha,677444.0017932706,500000,19,0,0.9043626771266889,0
TZ-LOAN-19996,51.0,Dar es Salaam,618160.3977163052,250000,28,0,2.969681550583954,0
TZ-LOAN-19997,57.0,Mbeya,507140.25188030384,100000,28,0,3.8295294763139736,0
TZ-LOAN-19998,64.0,Mbeya,699805.6543623717,1500000,23,0,0.8298514501664789,0
TZ-LOAN-19999,32.0,Dar es Salaam,948938.7846238951,250000,23,0,6.836701206083383,0
